column_name,source_table,domain,dtype,role,n_distinct_national,allowed_for_scoring,scoring_reason,allowed_for_bias,bias_reason
GEOID,national-census-tract-table,geography,string,identifier,85396,False,"national-strata-tract-table lives entirely under strata/ (the Bias API stratification datasets), never under reference/ (the map data actually scored). The challenge's own rule — the scored coverage-gap computation must use only the datasets provided for the challenge — means no column from this table may influence the submitted coverage-gap number, regardless of its role.",False,"a join/reference key, not itself a vulnerability or hazard signal"
STATEFP,national-census-tract-table,geography,string,identifier,52,False,"national-strata-tract-table lives entirely under strata/ (the Bias API stratification datasets), never under reference/ (the map data actually scored). The challenge's own rule — the scored coverage-gap computation must use only the datasets provided for the challenge — means no column from this table may influence the submitted coverage-gap number, regardless of its role.",False,"a join/reference key, not itself a vulnerability or hazard signal"
COUNTYFP,national-census-tract-table,geography,string,identifier,330,False,"national-strata-tract-table lives entirely under strata/ (the Bias API stratification datasets), never under reference/ (the map data actually scored). The challenge's own rule — the scored coverage-gap computation must use only the datasets provided for the challenge — means no column from this table may influence the submitted coverage-gap number, regardless of its role.",False,"a join/reference key, not itself a vulnerability or hazard signal"
state_usps,national-census-tract-table,geography,string,identifier,52,False,"national-strata-tract-table lives entirely under strata/ (the Bias API stratification datasets), never under reference/ (the map data actually scored). The challenge's own rule — the scored coverage-gap computation must use only the datasets provided for the challenge — means no column from this table may influence the submitted coverage-gap number, regardless of its role.",False,"a join/reference key, not itself a vulnerability or hazard signal"
state_name,national-census-tract-table,geography,string,identifier,52,False,"national-strata-tract-table lives entirely under strata/ (the Bias API stratification datasets), never under reference/ (the map data actually scored). The challenge's own rule — the scored coverage-gap computation must use only the datasets provided for the challenge — means no column from this table may influence the submitted coverage-gap number, regardless of its role.",False,"a join/reference key, not itself a vulnerability or hazard signal"
ALAND,national-census-tract-table,geography,int64,geometry_measure,84765,False,"national-strata-tract-table lives entirely under strata/ (the Bias API stratification datasets), never under reference/ (the map data actually scored). The challenge's own rule — the scored coverage-gap computation must use only the datasets provided for the challenge — means no column from this table may influence the submitted coverage-gap number, regardless of its role.",True,"tract land area/water area/centroid — usable as a rurality/isolation proxy or for spatial statistics (Moran's I, Getis-Ord Gi*)"
AWATER,national-census-tract-table,geography,int64,geometry_measure,49221,False,"national-strata-tract-table lives entirely under strata/ (the Bias API stratification datasets), never under reference/ (the map data actually scored). The challenge's own rule — the scored coverage-gap computation must use only the datasets provided for the challenge — means no column from this table may influence the submitted coverage-gap number, regardless of its role.",True,"tract land area/water area/centroid — usable as a rurality/isolation proxy or for spatial statistics (Moran's I, Getis-Ord Gi*)"
INTPTLAT,national-census-tract-table,geography,string,geometry_measure,85373,False,"national-strata-tract-table lives entirely under strata/ (the Bias API stratification datasets), never under reference/ (the map data actually scored). The challenge's own rule — the scored coverage-gap computation must use only the datasets provided for the challenge — means no column from this table may influence the submitted coverage-gap number, regardless of its role.",True,"tract land area/water area/centroid — usable as a rurality/isolation proxy or for spatial statistics (Moran's I, Getis-Ord Gi*)"
INTPTLON,national-census-tract-table,geography,string,geometry_measure,85386,False,"national-strata-tract-table lives entirely under strata/ (the Bias API stratification datasets), never under reference/ (the map data actually scored). The challenge's own rule — the scored coverage-gap computation must use only the datasets provided for the challenge — means no column from this table may influence the submitted coverage-gap number, regardless of its role.",True,"tract land area/water area/centroid — usable as a rurality/isolation proxy or for spatial statistics (Moran's I, Getis-Ord Gi*)"
pop_total,national-census-tract-table,population,int64,population,8408,False,"national-strata-tract-table lives entirely under strata/ (the Bias API stratification datasets), never under reference/ (the map data actually scored). The challenge's own rule — the scored coverage-gap computation must use only the datasets provided for the challenge — means no column from this table may influence the submitted coverage-gap number, regardless of its role.",True,base population/urban-rural figures — directly needed for population-weighting critiques of any tract-mean disparity statistic
pop_urban,national-census-tract-table,population,int64,population,8624,False,"national-strata-tract-table lives entirely under strata/ (the Bias API stratification datasets), never under reference/ (the map data actually scored). The challenge's own rule — the scored coverage-gap computation must use only the datasets provided for the challenge — means no column from this table may influence the submitted coverage-gap number, regardless of its role.",True,base population/urban-rural figures — directly needed for population-weighting critiques of any tract-mean disparity statistic
pop_rural,national-census-tract-table,population,int64,population,5990,False,"national-strata-tract-table lives entirely under strata/ (the Bias API stratification datasets), never under reference/ (the map data actually scored). The challenge's own rule — the scored coverage-gap computation must use only the datasets provided for the challenge — means no column from this table may influence the submitted coverage-gap number, regardless of its role.",True,base population/urban-rural figures — directly needed for population-weighting critiques of any tract-mean disparity statistic
pct_urban,national-census-tract-table,population,double,population,21956,False,"national-strata-tract-table lives entirely under strata/ (the Bias API stratification datasets), never under reference/ (the map data actually scored). The challenge's own rule — the scored coverage-gap computation must use only the datasets provided for the challenge — means no column from this table may influence the submitted coverage-gap number, regardless of its role.",True,base population/urban-rural figures — directly needed for population-weighting critiques of any tract-mean disparity statistic
ur_class,national-census-tract-table,population,string,population,2,False,"national-strata-tract-table lives entirely under strata/ (the Bias API stratification datasets), never under reference/ (the map data actually scored). The challenge's own rule — the scored coverage-gap computation must use only the datasets provided for the challenge — means no column from this table may influence the submitted coverage-gap number, regardless of its role.",True,base population/urban-rural figures — directly needed for population-weighting critiques of any tract-mean disparity statistic
tract_vintage,national-census-tract-table,geography,int64,vintage_metadata,1,False,"national-strata-tract-table lives entirely under strata/ (the Bias API stratification datasets), never under reference/ (the map data actually scored). The challenge's own rule — the scored coverage-gap computation must use only the datasets provided for the challenge — means no column from this table may influence the submitted coverage-gap number, regardless of its role.",False,"constant across all tracts nationally (n_distinct=1) — carries no discriminative signal for any bias analysis, regardless of role"
svi_covered,national-svi-tract-table,svi,bool,coverage_flag,2,False,"national-strata-tract-table lives entirely under strata/ (the Bias API stratification datasets), never under reference/ (the map data actually scored). The challenge's own rule — the scored coverage-gap computation must use only the datasets provided for the challenge — means no column from this table may influence the submitted coverage-gap number, regardless of its role.",True,"central to Measurement Eligibility Bias analysis (whether a hazard/vulnerability measurement exists for a tract at all, cross-tabulated against SVI/tribal/rurality/hazard exposure)"
svi_rank_universe,national-svi-tract-table,svi,string,measurement,2,False,"national-strata-tract-table lives entirely under strata/ (the Bias API stratification datasets), never under reference/ (the map data actually scored). The challenge's own rule — the scored coverage-gap computation must use only the datasets provided for the challenge — means no column from this table may influence the submitted coverage-gap number, regardless of its role.",True,a substantive per-tract measurement with real variance nationally
svi_overall,national-svi-tract-table,svi,double,measurement,10001,False,"national-strata-tract-table lives entirely under strata/ (the Bias API stratification datasets), never under reference/ (the map data actually scored). The challenge's own rule — the scored coverage-gap computation must use only the datasets provided for the challenge — means no column from this table may influence the submitted coverage-gap number, regardless of its role.",True,a substantive per-tract measurement with real variance nationally
svi_socioeconomic,national-svi-tract-table,svi,double,measurement,9997,False,"national-strata-tract-table lives entirely under strata/ (the Bias API stratification datasets), never under reference/ (the map data actually scored). The challenge's own rule — the scored coverage-gap computation must use only the datasets provided for the challenge — means no column from this table may influence the submitted coverage-gap number, regardless of its role.",True,a substantive per-tract measurement with real variance nationally
svi_household,national-svi-tract-table,svi,double,measurement,9919,False,"national-strata-tract-table lives entirely under strata/ (the Bias API stratification datasets), never under reference/ (the map data actually scored). The challenge's own rule — the scored coverage-gap computation must use only the datasets provided for the challenge — means no column from this table may influence the submitted coverage-gap number, regardless of its role.",True,a substantive per-tract measurement with real variance nationally
svi_minority,national-svi-tract-table,svi,double,measurement,1064,False,"national-strata-tract-table lives entirely under strata/ (the Bias API stratification datasets), never under reference/ (the map data actually scored). The challenge's own rule — the scored coverage-gap computation must use only the datasets provided for the challenge — means no column from this table may influence the submitted coverage-gap number, regardless of its role.",True,a substantive per-tract measurement with real variance nationally
svi_housing_transport,national-svi-tract-table,svi,double,measurement,9861,False,"national-strata-tract-table lives entirely under strata/ (the Bias API stratification datasets), never under reference/ (the map data actually scored). The challenge's own rule — the scored coverage-gap computation must use only the datasets provided for the challenge — means no column from this table may influence the submitted coverage-gap number, regardless of its role.",True,a substantive per-tract measurement with real variance nationally
svi_pop,national-svi-tract-table,svi,double,measurement,8577,False,"national-strata-tract-table lives entirely under strata/ (the Bias API stratification datasets), never under reference/ (the map data actually scored). The challenge's own rule — the scored coverage-gap computation must use only the datasets provided for the challenge — means no column from this table may influence the submitted coverage-gap number, regardless of its role.",True,a substantive per-tract measurement with real variance nationally
svi_year,national-svi-tract-table,svi,int64,vintage_metadata,1,False,"national-strata-tract-table lives entirely under strata/ (the Bias API stratification datasets), never under reference/ (the map data actually scored). The challenge's own rule — the scored coverage-gap computation must use only the datasets provided for the challenge — means no column from this table may influence the submitted coverage-gap number, regardless of its role.",False,"constant across all tracts nationally (n_distinct=1) — carries no discriminative signal for any bias analysis, regardless of role"
cvi_covered,national-cvi-tract-table,cvi,bool,coverage_flag,2,False,"national-strata-tract-table lives entirely under strata/ (the Bias API stratification datasets), never under reference/ (the map data actually scored). The challenge's own rule — the scored coverage-gap computation must use only the datasets provided for the challenge — means no column from this table may influence the submitted coverage-gap number, regardless of its role.",True,"central to Measurement Eligibility Bias analysis (whether a hazard/vulnerability measurement exists for a tract at all, cross-tabulated against SVI/tribal/rurality/hazard exposure)"
cvi_xwalk_coverage,national-cvi-tract-table,cvi,double,measurement,2,False,"national-strata-tract-table lives entirely under strata/ (the Bias API stratification datasets), never under reference/ (the map data actually scored). The challenge's own rule — the scored coverage-gap computation must use only the datasets provided for the challenge — means no column from this table may influence the submitted coverage-gap number, regardless of its role.",True,a substantive per-tract measurement with real variance nationally
cvi_overall,national-cvi-tract-table,cvi,double,measurement,76853,False,"national-strata-tract-table lives entirely under strata/ (the Bias API stratification datasets), never under reference/ (the map data actually scored). The challenge's own rule — the scored coverage-gap computation must use only the datasets provided for the challenge — means no column from this table may influence the submitted coverage-gap number, regardless of its role.",True,a substantive per-tract measurement with real variance nationally
cvi_baseline,national-cvi-tract-table,cvi,double,measurement,76937,False,"national-strata-tract-table lives entirely under strata/ (the Bias API stratification datasets), never under reference/ (the map data actually scored). The challenge's own rule — the scored coverage-gap computation must use only the datasets provided for the challenge — means no column from this table may influence the submitted coverage-gap number, regardless of its role.",True,a substantive per-tract measurement with real variance nationally
cvi_climate,national-cvi-tract-table,cvi,double,measurement,76527,False,"national-strata-tract-table lives entirely under strata/ (the Bias API stratification datasets), never under reference/ (the map data actually scored). The challenge's own rule — the scored coverage-gap computation must use only the datasets provided for the challenge — means no column from this table may influence the submitted coverage-gap number, regardless of its role.",True,a substantive per-tract measurement with real variance nationally
cvi_baseline_health,national-cvi-tract-table,cvi,double,measurement,76876,False,"national-strata-tract-table lives entirely under strata/ (the Bias API stratification datasets), never under reference/ (the map data actually scored). The challenge's own rule — the scored coverage-gap computation must use only the datasets provided for the challenge — means no column from this table may influence the submitted coverage-gap number, regardless of its role.",True,a substantive per-tract measurement with real variance nationally
cvi_baseline_socioeconomic,national-cvi-tract-table,cvi,double,measurement,76814,False,"national-strata-tract-table lives entirely under strata/ (the Bias API stratification datasets), never under reference/ (the map data actually scored). The challenge's own rule — the scored coverage-gap computation must use only the datasets provided for the challenge — means no column from this table may influence the submitted coverage-gap number, regardless of its role.",True,a substantive per-tract measurement with real variance nationally
cvi_baseline_infrastructure,national-cvi-tract-table,cvi,double,measurement,76852,False,"national-strata-tract-table lives entirely under strata/ (the Bias API stratification datasets), never under reference/ (the map data actually scored). The challenge's own rule — the scored coverage-gap computation must use only the datasets provided for the challenge — means no column from this table may influence the submitted coverage-gap number, regardless of its role.",True,a substantive per-tract measurement with real variance nationally
cvi_baseline_environment,national-cvi-tract-table,cvi,double,measurement,76948,False,"national-strata-tract-table lives entirely under strata/ (the Bias API stratification datasets), never under reference/ (the map data actually scored). The challenge's own rule — the scored coverage-gap computation must use only the datasets provided for the challenge — means no column from this table may influence the submitted coverage-gap number, regardless of its role.",True,a substantive per-tract measurement with real variance nationally
cvi_climate_health,national-cvi-tract-table,cvi,double,measurement,75269,False,"national-strata-tract-table lives entirely under strata/ (the Bias API stratification datasets), never under reference/ (the map data actually scored). The challenge's own rule — the scored coverage-gap computation must use only the datasets provided for the challenge — means no column from this table may influence the submitted coverage-gap number, regardless of its role.",True,a substantive per-tract measurement with real variance nationally
cvi_climate_socioeconomic,national-cvi-tract-table,cvi,double,measurement,76667,False,"national-strata-tract-table lives entirely under strata/ (the Bias API stratification datasets), never under reference/ (the map data actually scored). The challenge's own rule — the scored coverage-gap computation must use only the datasets provided for the challenge — means no column from this table may influence the submitted coverage-gap number, regardless of its role.",True,a substantive per-tract measurement with real variance nationally
cvi_climate_extreme_events,national-cvi-tract-table,cvi,double,measurement,73249,False,"national-strata-tract-table lives entirely under strata/ (the Bias API stratification datasets), never under reference/ (the map data actually scored). The challenge's own rule — the scored coverage-gap computation must use only the datasets provided for the challenge — means no column from this table may influence the submitted coverage-gap number, regardless of its role.",True,a substantive per-tract measurement with real variance nationally
cvi_source_vintage,national-cvi-tract-table,cvi,int64,vintage_metadata,1,False,"national-strata-tract-table lives entirely under strata/ (the Bias API stratification datasets), never under reference/ (the map data actually scored). The challenge's own rule — the scored coverage-gap computation must use only the datasets provided for the challenge — means no column from this table may influence the submitted coverage-gap number, regardless of its role.",False,"constant across all tracts nationally (n_distinct=1) — carries no discriminative signal for any bias analysis, regardless of role"
ruca_covered,national-ruca-tract-table,rurality,bool,coverage_flag,2,False,"national-strata-tract-table lives entirely under strata/ (the Bias API stratification datasets), never under reference/ (the map data actually scored). The challenge's own rule — the scored coverage-gap computation must use only the datasets provided for the challenge — means no column from this table may influence the submitted coverage-gap number, regardless of its role.",True,"central to Measurement Eligibility Bias analysis (whether a hazard/vulnerability measurement exists for a tract at all, cross-tabulated against SVI/tribal/rurality/hazard exposure)"
ruca_primary,national-ruca-tract-table,rurality,double,measurement,11,False,"national-strata-tract-table lives entirely under strata/ (the Bias API stratification datasets), never under reference/ (the map data actually scored). The challenge's own rule — the scored coverage-gap computation must use only the datasets provided for the challenge — means no column from this table may influence the submitted coverage-gap number, regardless of its role.",True,a substantive per-tract measurement with real variance nationally
ruca_primary_desc,national-ruca-tract-table,rurality,string,measurement,11,False,"national-strata-tract-table lives entirely under strata/ (the Bias API stratification datasets), never under reference/ (the map data actually scored). The challenge's own rule — the scored coverage-gap computation must use only the datasets provided for the challenge — means no column from this table may influence the submitted coverage-gap number, regardless of its role.",True,a substantive per-tract measurement with real variance nationally
ruca_secondary,national-ruca-tract-table,rurality,double,measurement,22,False,"national-strata-tract-table lives entirely under strata/ (the Bias API stratification datasets), never under reference/ (the map data actually scored). The challenge's own rule — the scored coverage-gap computation must use only the datasets provided for the challenge — means no column from this table may influence the submitted coverage-gap number, regardless of its role.",True,a substantive per-tract measurement with real variance nationally
ruca_pop_density,national-ruca-tract-table,rurality,double,measurement,50712,False,"national-strata-tract-table lives entirely under strata/ (the Bias API stratification datasets), never under reference/ (the map data actually scored). The challenge's own rule — the scored coverage-gap computation must use only the datasets provided for the challenge — means no column from this table may influence the submitted coverage-gap number, regardless of its role.",True,a substantive per-tract measurement with real variance nationally
ruca_year,national-ruca-tract-table,rurality,int64,vintage_metadata,1,False,"national-strata-tract-table lives entirely under strata/ (the Bias API stratification datasets), never under reference/ (the map data actually scored). The challenge's own rule — the scored coverage-gap computation must use only the datasets provided for the challenge — means no column from this table may influence the submitted coverage-gap number, regardless of its role.",False,"constant across all tracts nationally (n_distinct=1) — carries no discriminative signal for any bias analysis, regardless of role"
rucc_covered,national-rucc-tract-table,rurality,bool,coverage_flag,1,False,"national-strata-tract-table lives entirely under strata/ (the Bias API stratification datasets), never under reference/ (the map data actually scored). The challenge's own rule — the scored coverage-gap computation must use only the datasets provided for the challenge — means no column from this table may influence the submitted coverage-gap number, regardless of its role.",False,"constant across all tracts nationally (n_distinct=1) — carries no discriminative signal for any bias analysis, regardless of role"
rucc_2023,national-rucc-tract-table,rurality,int64,measurement,9,False,"national-strata-tract-table lives entirely under strata/ (the Bias API stratification datasets), never under reference/ (the map data actually scored). The challenge's own rule — the scored coverage-gap computation must use only the datasets provided for the challenge — means no column from this table may influence the submitted coverage-gap number, regardless of its role.",True,a substantive per-tract measurement with real variance nationally
rucc_desc,national-rucc-tract-table,rurality,string,measurement,9,False,"national-strata-tract-table lives entirely under strata/ (the Bias API stratification datasets), never under reference/ (the map data actually scored). The challenge's own rule — the scored coverage-gap computation must use only the datasets provided for the challenge — means no column from this table may influence the submitted coverage-gap number, regardless of its role.",True,a substantive per-tract measurement with real variance nationally
rucc_metro,national-rucc-tract-table,rurality,bool,measurement,2,False,"national-strata-tract-table lives entirely under strata/ (the Bias API stratification datasets), never under reference/ (the map data actually scored). The challenge's own rule — the scored coverage-gap computation must use only the datasets provided for the challenge — means no column from this table may influence the submitted coverage-gap number, regardless of its role.",True,a substantive per-tract measurement with real variance nationally
rucc_year,national-rucc-tract-table,rurality,int64,vintage_metadata,1,False,"national-strata-tract-table lives entirely under strata/ (the Bias API stratification datasets), never under reference/ (the map data actually scored). The challenge's own rule — the scored coverage-gap computation must use only the datasets provided for the challenge — means no column from this table may influence the submitted coverage-gap number, regardless of its role.",False,"constant across all tracts nationally (n_distinct=1) — carries no discriminative signal for any bias analysis, regardless of role"
nchs_covered,national-nchs-tract-table,rurality,bool,coverage_flag,2,False,"national-strata-tract-table lives entirely under strata/ (the Bias API stratification datasets), never under reference/ (the map data actually scored). The challenge's own rule — the scored coverage-gap computation must use only the datasets provided for the challenge — means no column from this table may influence the submitted coverage-gap number, regardless of its role.",True,"central to Measurement Eligibility Bias analysis (whether a hazard/vulnerability measurement exists for a tract at all, cross-tabulated against SVI/tribal/rurality/hazard exposure)"
nchs_2013,national-nchs-tract-table,rurality,double,measurement,6,False,"national-strata-tract-table lives entirely under strata/ (the Bias API stratification datasets), never under reference/ (the map data actually scored). The challenge's own rule — the scored coverage-gap computation must use only the datasets provided for the challenge — means no column from this table may influence the submitted coverage-gap number, regardless of its role.",True,a substantive per-tract measurement with real variance nationally
nchs_2013_label,national-nchs-tract-table,rurality,string,measurement,6,False,"national-strata-tract-table lives entirely under strata/ (the Bias API stratification datasets), never under reference/ (the map data actually scored). The challenge's own rule — the scored coverage-gap computation must use only the datasets provided for the challenge — means no column from this table may influence the submitted coverage-gap number, regardless of its role.",True,a substantive per-tract measurement with real variance nationally
nchs_year,national-nchs-tract-table,rurality,int64,vintage_metadata,1,False,"national-strata-tract-table lives entirely under strata/ (the Bias API stratification datasets), never under reference/ (the map data actually scored). The challenge's own rule — the scored coverage-gap computation must use only the datasets provided for the challenge — means no column from this table may influence the submitted coverage-gap number, regardless of its role.",False,"constant across all tracts nationally (n_distinct=1) — carries no discriminative signal for any bias analysis, regardless of role"
tribal_any,national-tribal-tract-table,tribal,bool,measurement,2,False,"national-strata-tract-table lives entirely under strata/ (the Bias API stratification datasets), never under reference/ (the map data actually scored). The challenge's own rule — the scored coverage-gap computation must use only the datasets provided for the challenge — means no column from this table may influence the submitted coverage-gap number, regardless of its role.",True,a substantive per-tract measurement with real variance nationally
tribal_pct,national-tribal-tract-table,tribal,double,measurement,1376,False,"national-strata-tract-table lives entirely under strata/ (the Bias API stratification datasets), never under reference/ (the map data actually scored). The challenge's own rule — the scored coverage-gap computation must use only the datasets provided for the challenge — means no column from this table may influence the submitted coverage-gap number, regardless of its role.",True,a substantive per-tract measurement with real variance nationally
tribal_legal,national-tribal-tract-table,tribal,bool,measurement,2,False,"national-strata-tract-table lives entirely under strata/ (the Bias API stratification datasets), never under reference/ (the map data actually scored). The challenge's own rule — the scored coverage-gap computation must use only the datasets provided for the challenge — means no column from this table may influence the submitted coverage-gap number, regardless of its role.",True,a substantive per-tract measurement with real variance nationally
tribal_legal_pct,national-tribal-tract-table,tribal,double,measurement,1048,False,"national-strata-tract-table lives entirely under strata/ (the Bias API stratification datasets), never under reference/ (the map data actually scored). The challenge's own rule — the scored coverage-gap computation must use only the datasets provided for the challenge — means no column from this table may influence the submitted coverage-gap number, regardless of its role.",True,a substantive per-tract measurement with real variance nationally
tribal_statistical,national-tribal-tract-table,tribal,bool,measurement,2,False,"national-strata-tract-table lives entirely under strata/ (the Bias API stratification datasets), never under reference/ (the map data actually scored). The challenge's own rule — the scored coverage-gap computation must use only the datasets provided for the challenge — means no column from this table may influence the submitted coverage-gap number, regardless of its role.",True,a substantive per-tract measurement with real variance nationally
tribal_stat_pct,national-tribal-tract-table,tribal,double,measurement,358,False,"national-strata-tract-table lives entirely under strata/ (the Bias API stratification datasets), never under reference/ (the map data actually scored). The challenge's own rule — the scored coverage-gap computation must use only the datasets provided for the challenge — means no column from this table may influence the submitted coverage-gap number, regardless of its role.",True,a substantive per-tract measurement with real variance nationally
aiannh_geoid,national-tribal-tract-table,tribal,string,identity_metadata,552,False,"national-strata-tract-table lives entirely under strata/ (the Bias API stratification datasets), never under reference/ (the map data actually scored). The challenge's own rule — the scored coverage-gap computation must use only the datasets provided for the challenge — means no column from this table may influence the submitted coverage-gap number, regardless of its role.",True,"descriptive/provenance label (which external entity a tract was matched to or overlaps), usable for named-instance or coarse-grouping bias analysis, not for anything for which its own cardinality can't support meaningful stratification"
aiannh_name,national-tribal-tract-table,tribal,string,identity_metadata,552,False,"national-strata-tract-table lives entirely under strata/ (the Bias API stratification datasets), never under reference/ (the map data actually scored). The challenge's own rule — the scored coverage-gap computation must use only the datasets provided for the challenge — means no column from this table may influence the submitted coverage-gap number, regardless of its role.",True,"descriptive/provenance label (which external entity a tract was matched to or overlaps), usable for named-instance or coarse-grouping bias analysis, not for anything for which its own cardinality can't support meaningful stratification"
aiannh_kind,national-tribal-tract-table,tribal,string,measurement,2,False,"national-strata-tract-table lives entirely under strata/ (the Bias API stratification datasets), never under reference/ (the map data actually scored). The challenge's own rule — the scored coverage-gap computation must use only the datasets provided for the challenge — means no column from this table may influence the submitted coverage-gap number, regardless of its role.",True,a substantive per-tract measurement with real variance nationally
usdm_covered,national-usdm-drought-tract-table,drought,bool,coverage_flag,2,False,"national-strata-tract-table lives entirely under strata/ (the Bias API stratification datasets), never under reference/ (the map data actually scored). The challenge's own rule — the scored coverage-gap computation must use only the datasets provided for the challenge — means no column from this table may influence the submitted coverage-gap number, regardless of its role.",True,"central to Measurement Eligibility Bias analysis (whether a hazard/vulnerability measurement exists for a tract at all, cross-tabulated against SVI/tribal/rurality/hazard exposure)"
usdm_summer_dsci,national-usdm-drought-tract-table,drought,double,measurement,72943,False,"national-strata-tract-table lives entirely under strata/ (the Bias API stratification datasets), never under reference/ (the map data actually scored). The challenge's own rule — the scored coverage-gap computation must use only the datasets provided for the challenge — means no column from this table may influence the submitted coverage-gap number, regardless of its role.",True,a substantive per-tract measurement with real variance nationally
usdm_summer_pct_d0plus,national-usdm-drought-tract-table,drought,double,measurement,66216,False,"national-strata-tract-table lives entirely under strata/ (the Bias API stratification datasets), never under reference/ (the map data actually scored). The challenge's own rule — the scored coverage-gap computation must use only the datasets provided for the challenge — means no column from this table may influence the submitted coverage-gap number, regardless of its role.",True,a substantive per-tract measurement with real variance nationally
usdm_summer_pct_d2plus,national-usdm-drought-tract-table,drought,double,measurement,36916,False,"national-strata-tract-table lives entirely under strata/ (the Bias API stratification datasets), never under reference/ (the map data actually scored). The challenge's own rule — the scored coverage-gap computation must use only the datasets provided for the challenge — means no column from this table may influence the submitted coverage-gap number, regardless of its role.",True,a substantive per-tract measurement with real variance nationally
usdm_winter_dsci,national-usdm-drought-tract-table,drought,double,measurement,72363,False,"national-strata-tract-table lives entirely under strata/ (the Bias API stratification datasets), never under reference/ (the map data actually scored). The challenge's own rule — the scored coverage-gap computation must use only the datasets provided for the challenge — means no column from this table may influence the submitted coverage-gap number, regardless of its role.",True,a substantive per-tract measurement with real variance nationally
usdm_winter_pct_d0plus,national-usdm-drought-tract-table,drought,double,measurement,64516,False,"national-strata-tract-table lives entirely under strata/ (the Bias API stratification datasets), never under reference/ (the map data actually scored). The challenge's own rule — the scored coverage-gap computation must use only the datasets provided for the challenge — means no column from this table may influence the submitted coverage-gap number, regardless of its role.",True,a substantive per-tract measurement with real variance nationally
usdm_winter_pct_d2plus,national-usdm-drought-tract-table,drought,double,measurement,39554,False,"national-strata-tract-table lives entirely under strata/ (the Bias API stratification datasets), never under reference/ (the map data actually scored). The challenge's own rule — the scored coverage-gap computation must use only the datasets provided for the challenge — means no column from this table may influence the submitted coverage-gap number, regardless of its role.",True,a substantive per-tract measurement with real variance nationally
usdm_year_min,national-usdm-drought-tract-table,drought,int64,vintage_metadata,1,False,"national-strata-tract-table lives entirely under strata/ (the Bias API stratification datasets), never under reference/ (the map data actually scored). The challenge's own rule — the scored coverage-gap computation must use only the datasets provided for the challenge — means no column from this table may influence the submitted coverage-gap number, regardless of its role.",False,"constant across all tracts nationally (n_distinct=1) — carries no discriminative signal for any bias analysis, regardless of role"
usdm_year_max,national-usdm-drought-tract-table,drought,int64,vintage_metadata,1,False,"national-strata-tract-table lives entirely under strata/ (the Bias API stratification datasets), never under reference/ (the map data actually scored). The challenge's own rule — the scored coverage-gap computation must use only the datasets provided for the challenge — means no column from this table may influence the submitted coverage-gap number, regardless of its role.",False,"constant across all tracts nationally (n_distinct=1) — carries no discriminative signal for any bias analysis, regardless of role"
usfs_covered,national-usfs-wildfire-tract-table,wildfire,bool,coverage_flag,2,False,"national-strata-tract-table lives entirely under strata/ (the Bias API stratification datasets), never under reference/ (the map data actually scored). The challenge's own rule — the scored coverage-gap computation must use only the datasets provided for the challenge — means no column from this table may influence the submitted coverage-gap number, regardless of its role.",True,"central to Measurement Eligibility Bias analysis (whether a hazard/vulnerability measurement exists for a tract at all, cross-tabulated against SVI/tribal/rurality/hazard exposure)"
usfs_BP_mean,national-usfs-wildfire-tract-table,wildfire,double,measurement,79581,False,"national-strata-tract-table lives entirely under strata/ (the Bias API stratification datasets), never under reference/ (the map data actually scored). The challenge's own rule — the scored coverage-gap computation must use only the datasets provided for the challenge — means no column from this table may influence the submitted coverage-gap number, regardless of its role.",True,a substantive per-tract measurement with real variance nationally
usfs_CFL_mean,national-usfs-wildfire-tract-table,wildfire,double,measurement,79492,False,"national-strata-tract-table lives entirely under strata/ (the Bias API stratification datasets), never under reference/ (the map data actually scored). The challenge's own rule — the scored coverage-gap computation must use only the datasets provided for the challenge — means no column from this table may influence the submitted coverage-gap number, regardless of its role.",True,a substantive per-tract measurement with real variance nationally
usfs_CRPS_mean,national-usfs-wildfire-tract-table,wildfire,double,measurement,79591,False,"national-strata-tract-table lives entirely under strata/ (the Bias API stratification datasets), never under reference/ (the map data actually scored). The challenge's own rule — the scored coverage-gap computation must use only the datasets provided for the challenge — means no column from this table may influence the submitted coverage-gap number, regardless of its role.",True,a substantive per-tract measurement with real variance nationally
usfs_RPS_mean,national-usfs-wildfire-tract-table,wildfire,double,measurement,79591,False,"national-strata-tract-table lives entirely under strata/ (the Bias API stratification datasets), never under reference/ (the map data actually scored). The challenge's own rule — the scored coverage-gap computation must use only the datasets provided for the challenge — means no column from this table may influence the submitted coverage-gap number, regardless of its role.",True,a substantive per-tract measurement with real variance nationally
usfs_WHP_mean,national-usfs-wildfire-tract-table,wildfire,double,measurement,79492,False,"national-strata-tract-table lives entirely under strata/ (the Bias API stratification datasets), never under reference/ (the map data actually scored). The challenge's own rule — the scored coverage-gap computation must use only the datasets provided for the challenge — means no column from this table may influence the submitted coverage-gap number, regardless of its role.",True,a substantive per-tract measurement with real variance nationally
usfs_Exposure_mean,national-usfs-wildfire-tract-table,wildfire,double,measurement,79591,False,"national-strata-tract-table lives entirely under strata/ (the Bias API stratification datasets), never under reference/ (the map data actually scored). The challenge's own rule — the scored coverage-gap computation must use only the datasets provided for the challenge — means no column from this table may influence the submitted coverage-gap number, regardless of its role.",True,a substantive per-tract measurement with real variance nationally
usfs_FLEP4_mean,national-usfs-wildfire-tract-table,wildfire,double,measurement,77088,False,"national-strata-tract-table lives entirely under strata/ (the Bias API stratification datasets), never under reference/ (the map data actually scored). The challenge's own rule — the scored coverage-gap computation must use only the datasets provided for the challenge — means no column from this table may influence the submitted coverage-gap number, regardless of its role.",True,a substantive per-tract measurement with real variance nationally
usfs_FLEP8_mean,national-usfs-wildfire-tract-table,wildfire,double,measurement,65456,False,"national-strata-tract-table lives entirely under strata/ (the Bias API stratification datasets), never under reference/ (the map data actually scored). The challenge's own rule — the scored coverage-gap computation must use only the datasets provided for the challenge — means no column from this table may influence the submitted coverage-gap number, regardless of its role.",True,a substantive per-tract measurement with real variance nationally
usfs_CWiRRZ_majority_label,national-usfs-wildfire-tract-table,wildfire,string,measurement,10,False,"national-strata-tract-table lives entirely under strata/ (the Bias API stratification datasets), never under reference/ (the map data actually scored). The challenge's own rule — the scored coverage-gap computation must use only the datasets provided for the challenge — means no column from this table may influence the submitted coverage-gap number, regardless of its role.",True,a substantive per-tract measurement with real variance nationally
usfs_CWiRRZ_majority_zone4_label,national-usfs-wildfire-tract-table,wildfire,string,measurement,4,False,"national-strata-tract-table lives entirely under strata/ (the Bias API stratification datasets), never under reference/ (the map data actually scored). The challenge's own rule — the scored coverage-gap computation must use only the datasets provided for the challenge — means no column from this table may influence the submitted coverage-gap number, regardless of its role.",True,a substantive per-tract measurement with real variance nationally
usfs_BuildingCount_sum,national-usfs-wildfire-tract-table,wildfire,double,measurement,83248,False,"national-strata-tract-table lives entirely under strata/ (the Bias API stratification datasets), never under reference/ (the map data actually scored). The challenge's own rule — the scored coverage-gap computation must use only the datasets provided for the challenge — means no column from this table may influence the submitted coverage-gap number, regardless of its role.",True,a substantive per-tract measurement with real variance nationally
usfs_BuildingCover_mean,national-usfs-wildfire-tract-table,wildfire,double,measurement,83527,False,"national-strata-tract-table lives entirely under strata/ (the Bias API stratification datasets), never under reference/ (the map data actually scored). The challenge's own rule — the scored coverage-gap computation must use only the datasets provided for the challenge — means no column from this table may influence the submitted coverage-gap number, regardless of its role.",True,a substantive per-tract measurement with real variance nationally
usfs_BuildingDensity_mean,national-usfs-wildfire-tract-table,wildfire,double,measurement,83553,False,"national-strata-tract-table lives entirely under strata/ (the Bias API stratification datasets), never under reference/ (the map data actually scored). The challenge's own rule — the scored coverage-gap computation must use only the datasets provided for the challenge — means no column from this table may influence the submitted coverage-gap number, regardless of its role.",True,a substantive per-tract measurement with real variance nationally
usfs_HUCount_sum,national-usfs-wildfire-tract-table,wildfire,double,measurement,83384,False,"national-strata-tract-table lives entirely under strata/ (the Bias API stratification datasets), never under reference/ (the map data actually scored). The challenge's own rule — the scored coverage-gap computation must use only the datasets provided for the challenge — means no column from this table may influence the submitted coverage-gap number, regardless of its role.",True,a substantive per-tract measurement with real variance nationally
usfs_HUDen_mean,national-usfs-wildfire-tract-table,wildfire,double,measurement,83512,False,"national-strata-tract-table lives entirely under strata/ (the Bias API stratification datasets), never under reference/ (the map data actually scored). The challenge's own rule — the scored coverage-gap computation must use only the datasets provided for the challenge — means no column from this table may influence the submitted coverage-gap number, regardless of its role.",True,a substantive per-tract measurement with real variance nationally
usfs_HUExposure_mean,national-usfs-wildfire-tract-table,wildfire,double,measurement,79412,False,"national-strata-tract-table lives entirely under strata/ (the Bias API stratification datasets), never under reference/ (the map data actually scored). The challenge's own rule — the scored coverage-gap computation must use only the datasets provided for the challenge — means no column from this table may influence the submitted coverage-gap number, regardless of its role.",True,a substantive per-tract measurement with real variance nationally
usfs_HUImpact_mean,national-usfs-wildfire-tract-table,wildfire,double,measurement,79403,False,"national-strata-tract-table lives entirely under strata/ (the Bias API stratification datasets), never under reference/ (the map data actually scored). The challenge's own rule — the scored coverage-gap computation must use only the datasets provided for the challenge — means no column from this table may influence the submitted coverage-gap number, regardless of its role.",True,a substantive per-tract measurement with real variance nationally
usfs_HURisk_mean,national-usfs-wildfire-tract-table,wildfire,double,measurement,78007,False,"national-strata-tract-table lives entirely under strata/ (the Bias API stratification datasets), never under reference/ (the map data actually scored). The challenge's own rule — the scored coverage-gap computation must use only the datasets provided for the challenge — means no column from this table may influence the submitted coverage-gap number, regardless of its role.",True,a substantive per-tract measurement with real variance nationally
usfs_PopCount_sum,national-usfs-wildfire-tract-table,wildfire,double,measurement,83407,False,"national-strata-tract-table lives entirely under strata/ (the Bias API stratification datasets), never under reference/ (the map data actually scored). The challenge's own rule — the scored coverage-gap computation must use only the datasets provided for the challenge — means no column from this table may influence the submitted coverage-gap number, regardless of its role.",True,a substantive per-tract measurement with real variance nationally
usfs_PopDen_mean,national-usfs-wildfire-tract-table,wildfire,double,measurement,83537,False,"national-strata-tract-table lives entirely under strata/ (the Bias API stratification datasets), never under reference/ (the map data actually scored). The challenge's own rule — the scored coverage-gap computation must use only the datasets provided for the challenge — means no column from this table may influence the submitted coverage-gap number, regardless of its role.",True,a substantive per-tract measurement with real variance nationally
usfs_edition,national-usfs-wildfire-tract-table,wildfire,string,vintage_metadata,1,False,"national-strata-tract-table lives entirely under strata/ (the Bias API stratification datasets), never under reference/ (the map data actually scored). The challenge's own rule — the scored coverage-gap computation must use only the datasets provided for the challenge — means no column from this table may influence the submitted coverage-gap number, regardless of its role.",False,"constant across all tracts nationally (n_distinct=1) — carries no discriminative signal for any bias analysis, regardless of role"
usfs_extent,national-usfs-wildfire-tract-table,wildfire,string,vintage_metadata,1,False,"national-strata-tract-table lives entirely under strata/ (the Bias API stratification datasets), never under reference/ (the map data actually scored). The challenge's own rule — the scored coverage-gap computation must use only the datasets provided for the challenge — means no column from this table may influence the submitted coverage-gap number, regardless of its role.",False,"constant across all tracts nationally (n_distinct=1) — carries no discriminative signal for any bias analysis, regardless of role"
epht_covered,national-epht-heat-tract-table,heat,bool,coverage_flag,2,False,"national-strata-tract-table lives entirely under strata/ (the Bias API stratification datasets), never under reference/ (the map data actually scored). The challenge's own rule — the scored coverage-gap computation must use only the datasets provided for the challenge — means no column from this table may influence the submitted coverage-gap number, regardless of its role.",True,"central to Measurement Eligibility Bias analysis (whether a hazard/vulnerability measurement exists for a tract at all, cross-tabulated against SVI/tribal/rurality/hazard exposure)"
epht_heat_days_summer,national-epht-heat-tract-table,heat,double,measurement,173,False,"national-strata-tract-table lives entirely under strata/ (the Bias API stratification datasets), never under reference/ (the map data actually scored). The challenge's own rule — the scored coverage-gap computation must use only the datasets provided for the challenge — means no column from this table may influence the submitted coverage-gap number, regardless of its role.",True,a substantive per-tract measurement with real variance nationally
epht_heat_days_annual,national-epht-heat-tract-table,heat,double,measurement,182,False,"national-strata-tract-table lives entirely under strata/ (the Bias API stratification datasets), never under reference/ (the map data actually scored). The challenge's own rule — the scored coverage-gap computation must use only the datasets provided for the challenge — means no column from this table may influence the submitted coverage-gap number, regardless of its role.",True,a substantive per-tract measurement with real variance nationally
epht_heat_events_summer,national-epht-heat-tract-table,heat,double,measurement,173,False,"national-strata-tract-table lives entirely under strata/ (the Bias API stratification datasets), never under reference/ (the map data actually scored). The challenge's own rule — the scored coverage-gap computation must use only the datasets provided for the challenge — means no column from this table may influence the submitted coverage-gap number, regardless of its role.",True,a substantive per-tract measurement with real variance nationally
epht_threshold,national-epht-heat-tract-table,heat,string,vintage_metadata,1,False,"national-strata-tract-table lives entirely under strata/ (the Bias API stratification datasets), never under reference/ (the map data actually scored). The challenge's own rule — the scored coverage-gap computation must use only the datasets provided for the challenge — means no column from this table may influence the submitted coverage-gap number, regardless of its role.",False,"constant across all tracts nationally (n_distinct=1) — carries no discriminative signal for any bias analysis, regardless of role"
epht_metric,national-epht-heat-tract-table,heat,string,vintage_metadata,1,False,"national-strata-tract-table lives entirely under strata/ (the Bias API stratification datasets), never under reference/ (the map data actually scored). The challenge's own rule — the scored coverage-gap computation must use only the datasets provided for the challenge — means no column from this table may influence the submitted coverage-gap number, regardless of its role.",False,"constant across all tracts nationally (n_distinct=1) — carries no discriminative signal for any bias analysis, regardless of role"
epht_year_min,national-epht-heat-tract-table,heat,int64,vintage_metadata,1,False,"national-strata-tract-table lives entirely under strata/ (the Bias API stratification datasets), never under reference/ (the map data actually scored). The challenge's own rule — the scored coverage-gap computation must use only the datasets provided for the challenge — means no column from this table may influence the submitted coverage-gap number, regardless of its role.",False,"constant across all tracts nationally (n_distinct=1) — carries no discriminative signal for any bias analysis, regardless of role"
epht_year_max,national-epht-heat-tract-table,heat,int64,vintage_metadata,1,False,"national-strata-tract-table lives entirely under strata/ (the Bias API stratification datasets), never under reference/ (the map data actually scored). The challenge's own rule — the scored coverage-gap computation must use only the datasets provided for the challenge — means no column from this table may influence the submitted coverage-gap number, regardless of its role.",False,"constant across all tracts nationally (n_distinct=1) — carries no discriminative signal for any bias analysis, regardless of role"
carbonplan_covered,national-carbonplan-tract-table,wildfire,bool,coverage_flag,2,False,"national-strata-tract-table lives entirely under strata/ (the Bias API stratification datasets), never under reference/ (the map data actually scored). The challenge's own rule — the scored coverage-gap computation must use only the datasets provided for the challenge — means no column from this table may influence the submitted coverage-gap number, regardless of its role.",True,"central to Measurement Eligibility Bias analysis (whether a hazard/vulnerability measurement exists for a tract at all, cross-tabulated against SVI/tribal/rurality/hazard exposure)"
carbonplan_buildings,national-carbonplan-tract-table,wildfire,double,measurement,5821,False,"national-strata-tract-table lives entirely under strata/ (the Bias API stratification datasets), never under reference/ (the map data actually scored). The challenge's own rule — the scored coverage-gap computation must use only the datasets provided for the challenge — means no column from this table may influence the submitted coverage-gap number, regardless of its role.",True,a substantive per-tract measurement with real variance nationally
carbonplan_bp_2011_mean,national-carbonplan-tract-table,wildfire,double,measurement,83101,False,"national-strata-tract-table lives entirely under strata/ (the Bias API stratification datasets), never under reference/ (the map data actually scored). The challenge's own rule — the scored coverage-gap computation must use only the datasets provided for the challenge — means no column from this table may influence the submitted coverage-gap number, regardless of its role.",True,a substantive per-tract measurement with real variance nationally
carbonplan_bp_2011_median,national-carbonplan-tract-table,wildfire,double,measurement,82331,False,"national-strata-tract-table lives entirely under strata/ (the Bias API stratification datasets), never under reference/ (the map data actually scored). The challenge's own rule — the scored coverage-gap computation must use only the datasets provided for the challenge — means no column from this table may influence the submitted coverage-gap number, regardless of its role.",True,a substantive per-tract measurement with real variance nationally
carbonplan_bp_2047_mean,national-carbonplan-tract-table,wildfire,double,measurement,83098,False,"national-strata-tract-table lives entirely under strata/ (the Bias API stratification datasets), never under reference/ (the map data actually scored). The challenge's own rule — the scored coverage-gap computation must use only the datasets provided for the challenge — means no column from this table may influence the submitted coverage-gap number, regardless of its role.",True,a substantive per-tract measurement with real variance nationally
carbonplan_crps_mean,national-carbonplan-tract-table,wildfire,double,measurement,75954,False,"national-strata-tract-table lives entirely under strata/ (the Bias API stratification datasets), never under reference/ (the map data actually scored). The challenge's own rule — the scored coverage-gap computation must use only the datasets provided for the challenge — means no column from this table may influence the submitted coverage-gap number, regardless of its role.",True,a substantive per-tract measurement with real variance nationally
carbonplan_rps_2011_mean,national-carbonplan-tract-table,wildfire,double,measurement,75861,False,"national-strata-tract-table lives entirely under strata/ (the Bias API stratification datasets), never under reference/ (the map data actually scored). The challenge's own rule — the scored coverage-gap computation must use only the datasets provided for the challenge — means no column from this table may influence the submitted coverage-gap number, regardless of its role.",True,a substantive per-tract measurement with real variance nationally
carbonplan_rps_2011_median,national-carbonplan-tract-table,wildfire,double,measurement,37010,False,"national-strata-tract-table lives entirely under strata/ (the Bias API stratification datasets), never under reference/ (the map data actually scored). The challenge's own rule — the scored coverage-gap computation must use only the datasets provided for the challenge — means no column from this table may influence the submitted coverage-gap number, regardless of its role.",True,a substantive per-tract measurement with real variance nationally
carbonplan_rps_2047_mean,national-carbonplan-tract-table,wildfire,double,measurement,75878,False,"national-strata-tract-table lives entirely under strata/ (the Bias API stratification datasets), never under reference/ (the map data actually scored). The challenge's own rule — the scored coverage-gap computation must use only the datasets provided for the challenge — means no column from this table may influence the submitted coverage-gap number, regardless of its role.",True,a substantive per-tract measurement with real variance nationally
carbonplan_version,national-carbonplan-tract-table,wildfire,string,vintage_metadata,1,False,"national-strata-tract-table lives entirely under strata/ (the Bias API stratification datasets), never under reference/ (the map data actually scored). The challenge's own rule — the scored coverage-gap computation must use only the datasets provided for the challenge — means no column from this table may influence the submitted coverage-gap number, regardless of its role.",False,"constant across all tracts nationally (n_distinct=1) — carries no discriminative signal for any bias analysis, regardless of role"
usgs_covered,national-usgs-combined-tract-table,wildfire,bool,coverage_flag,2,False,"national-strata-tract-table lives entirely under strata/ (the Bias API stratification datasets), never under reference/ (the map data actually scored). The challenge's own rule — the scored coverage-gap computation must use only the datasets provided for the challenge — means no column from this table may influence the submitted coverage-gap number, regardless of its role.",True,"central to Measurement Eligibility Bias analysis (whether a hazard/vulnerability measurement exists for a tract at all, cross-tabulated against SVI/tribal/rurality/hazard exposure)"
usgs_wildland_fire_burned_pct_area,national-usgs-combined-tract-table,wildfire,double,measurement,8947,False,"national-strata-tract-table lives entirely under strata/ (the Bias API stratification datasets), never under reference/ (the map data actually scored). The challenge's own rule — the scored coverage-gap computation must use only the datasets provided for the challenge — means no column from this table may influence the submitted coverage-gap number, regardless of its role.",True,a substantive per-tract measurement with real variance nationally
usgs_wildfire_burned_pct_area,national-usgs-combined-tract-table,wildfire,double,measurement,7814,False,"national-strata-tract-table lives entirely under strata/ (the Bias API stratification datasets), never under reference/ (the map data actually scored). The challenge's own rule — the scored coverage-gap computation must use only the datasets provided for the challenge — means no column from this table may influence the submitted coverage-gap number, regardless of its role.",True,a substantive per-tract measurement with real variance nationally
usgs_wildfire_pct_area_2plus,national-usgs-combined-tract-table,wildfire,double,measurement,3300,False,"national-strata-tract-table lives entirely under strata/ (the Bias API stratification datasets), never under reference/ (the map data actually scored). The challenge's own rule — the scored coverage-gap computation must use only the datasets provided for the challenge — means no column from this table may influence the submitted coverage-gap number, regardless of its role.",True,a substantive per-tract measurement with real variance nationally
usgs_prescribed_burned_pct_area,national-usgs-combined-tract-table,wildfire,double,measurement,3995,False,"national-strata-tract-table lives entirely under strata/ (the Bias API stratification datasets), never under reference/ (the map data actually scored). The challenge's own rule — the scored coverage-gap computation must use only the datasets provided for the challenge — means no column from this table may influence the submitted coverage-gap number, regardless of its role.",True,a substantive per-tract measurement with real variance nationally
usgs_wildfire_return_interval_years,national-usgs-combined-tract-table,wildfire,double,measurement,4526,False,"national-strata-tract-table lives entirely under strata/ (the Bias API stratification datasets), never under reference/ (the map data actually scored). The challenge's own rule — the scored coverage-gap computation must use only the datasets provided for the challenge — means no column from this table may influence the submitted coverage-gap number, regardless of its role.",True,a substantive per-tract measurement with real variance nationally
usgs_wildfire_fires_per_burned_pixel,national-usgs-combined-tract-table,wildfire,double,measurement,4593,False,"national-strata-tract-table lives entirely under strata/ (the Bias API stratification datasets), never under reference/ (the map data actually scored). The challenge's own rule — the scored coverage-gap computation must use only the datasets provided for the challenge — means no column from this table may influence the submitted coverage-gap number, regardless of its role.",True,a substantive per-tract measurement with real variance nationally
usgs_first_year_burned,national-usgs-combined-tract-table,wildfire,double,measurement,139,False,"national-strata-tract-table lives entirely under strata/ (the Bias API stratification datasets), never under reference/ (the map data actually scored). The challenge's own rule — the scored coverage-gap computation must use only the datasets provided for the challenge — means no column from this table may influence the submitted coverage-gap number, regardless of its role.",True,a substantive per-tract measurement with real variance nationally
usgs_last_year_burned,national-usgs-combined-tract-table,wildfire,double,measurement,115,False,"national-strata-tract-table lives entirely under strata/ (the Bias API stratification datasets), never under reference/ (the map data actually scored). The challenge's own rule — the scored coverage-gap computation must use only the datasets provided for the challenge — means no column from this table may influence the submitted coverage-gap number, regardless of its role.",True,a substantive per-tract measurement with real variance nationally
usgs_years_since_last_fire,national-usgs-combined-tract-table,wildfire,double,measurement,115,False,"national-strata-tract-table lives entirely under strata/ (the Bias API stratification datasets), never under reference/ (the map data actually scored). The challenge's own rule — the scored coverage-gap computation must use only the datasets provided for the challenge — means no column from this table may influence the submitted coverage-gap number, regardless of its role.",True,a substantive per-tract measurement with real variance nationally
usgs_wildfire_ever,national-usgs-combined-tract-table,wildfire,bool,derived_ever_flag,2,False,"national-strata-tract-table lives entirely under strata/ (the Bias API stratification datasets), never under reference/ (the map data actually scored). The challenge's own rule — the scored coverage-gap computation must use only the datasets provided for the challenge — means no column from this table may influence the submitted coverage-gap number, regardless of its role.",True,"real per-tract signal, but MUST be interpreted jointly with its own _covered flag — Step 3 Finding 2 documented that this defaults to False for uncovered tracts rather than propagating unknown-ness, which risks misreading 'no data' as 'no history' if used alone"
usgs_record_start,national-usgs-combined-tract-table,wildfire,int64,vintage_metadata,1,False,"national-strata-tract-table lives entirely under strata/ (the Bias API stratification datasets), never under reference/ (the map data actually scored). The challenge's own rule — the scored coverage-gap computation must use only the datasets provided for the challenge — means no column from this table may influence the submitted coverage-gap number, regardless of its role.",False,"constant across all tracts nationally (n_distinct=1) — carries no discriminative signal for any bias analysis, regardless of role"
usgs_record_end,national-usgs-combined-tract-table,wildfire,int64,vintage_metadata,1,False,"national-strata-tract-table lives entirely under strata/ (the Bias API stratification datasets), never under reference/ (the map data actually scored). The challenge's own rule — the scored coverage-gap computation must use only the datasets provided for the challenge — means no column from this table may influence the submitted coverage-gap number, regardless of its role.",False,"constant across all tracts nationally (n_distinct=1) — carries no discriminative signal for any bias analysis, regardless of role"
mtbs_covered,national-mtbs-tract-table,wildfire,bool,coverage_flag,2,False,"national-strata-tract-table lives entirely under strata/ (the Bias API stratification datasets), never under reference/ (the map data actually scored). The challenge's own rule — the scored coverage-gap computation must use only the datasets provided for the challenge — means no column from this table may influence the submitted coverage-gap number, regardless of its role.",True,"central to Measurement Eligibility Bias analysis (whether a hazard/vulnerability measurement exists for a tract at all, cross-tabulated against SVI/tribal/rurality/hazard exposure)"
mtbs_wildfire_burned_pct_land,national-mtbs-tract-table,wildfire,double,measurement,4831,False,"national-strata-tract-table lives entirely under strata/ (the Bias API stratification datasets), never under reference/ (the map data actually scored). The challenge's own rule — the scored coverage-gap computation must use only the datasets provided for the challenge — means no column from this table may influence the submitted coverage-gap number, regardless of its role.",True,a substantive per-tract measurement with real variance nationally
mtbs_wildfire_burned_km2,national-mtbs-tract-table,wildfire,double,measurement,4834,False,"national-strata-tract-table lives entirely under strata/ (the Bias API stratification datasets), never under reference/ (the map data actually scored). The challenge's own rule — the scored coverage-gap computation must use only the datasets provided for the challenge — means no column from this table may influence the submitted coverage-gap number, regardless of its role.",True,a substantive per-tract measurement with real variance nationally
mtbs_wildfire_fires,national-mtbs-tract-table,wildfire,int32,measurement,85,False,"national-strata-tract-table lives entirely under strata/ (the Bias API stratification datasets), never under reference/ (the map data actually scored). The challenge's own rule — the scored coverage-gap computation must use only the datasets provided for the challenge — means no column from this table may influence the submitted coverage-gap number, regardless of its role.",True,a substantive per-tract measurement with real variance nationally
mtbs_wildfire_last_year,national-mtbs-tract-table,wildfire,double,measurement,40,False,"national-strata-tract-table lives entirely under strata/ (the Bias API stratification datasets), never under reference/ (the map data actually scored). The challenge's own rule — the scored coverage-gap computation must use only the datasets provided for the challenge — means no column from this table may influence the submitted coverage-gap number, regardless of its role.",True,a substantive per-tract measurement with real variance nationally
mtbs_wildfire_ever,national-mtbs-tract-table,wildfire,bool,derived_ever_flag,2,False,"national-strata-tract-table lives entirely under strata/ (the Bias API stratification datasets), never under reference/ (the map data actually scored). The challenge's own rule — the scored coverage-gap computation must use only the datasets provided for the challenge — means no column from this table may influence the submitted coverage-gap number, regardless of its role.",True,"real per-tract signal, but MUST be interpreted jointly with its own _covered flag — Step 3 Finding 2 documented that this defaults to False for uncovered tracts rather than propagating unknown-ness, which risks misreading 'no data' as 'no history' if used alone"
mtbs_years_since_wildfire,national-mtbs-tract-table,wildfire,double,measurement,40,False,"national-strata-tract-table lives entirely under strata/ (the Bias API stratification datasets), never under reference/ (the map data actually scored). The challenge's own rule — the scored coverage-gap computation must use only the datasets provided for the challenge — means no column from this table may influence the submitted coverage-gap number, regardless of its role.",True,a substantive per-tract measurement with real variance nationally
mtbs_prescribed_burned_pct_land,national-mtbs-tract-table,wildfire,double,measurement,1461,False,"national-strata-tract-table lives entirely under strata/ (the Bias API stratification datasets), never under reference/ (the map data actually scored). The challenge's own rule — the scored coverage-gap computation must use only the datasets provided for the challenge — means no column from this table may influence the submitted coverage-gap number, regardless of its role.",True,a substantive per-tract measurement with real variance nationally
mtbs_year_min,national-mtbs-tract-table,wildfire,int64,vintage_metadata,1,False,"national-strata-tract-table lives entirely under strata/ (the Bias API stratification datasets), never under reference/ (the map data actually scored). The challenge's own rule — the scored coverage-gap computation must use only the datasets provided for the challenge — means no column from this table may influence the submitted coverage-gap number, regardless of its role.",False,"constant across all tracts nationally (n_distinct=1) — carries no discriminative signal for any bias analysis, regardless of role"
mtbs_year_max,national-mtbs-tract-table,wildfire,int64,vintage_metadata,1,False,"national-strata-tract-table lives entirely under strata/ (the Bias API stratification datasets), never under reference/ (the map data actually scored). The challenge's own rule — the scored coverage-gap computation must use only the datasets provided for the challenge — means no column from this table may influence the submitted coverage-gap number, regardless of its role.",False,"constant across all tracts nationally (n_distinct=1) — carries no discriminative signal for any bias analysis, regardless of role"
mtbs_size_threshold,national-mtbs-tract-table,wildfire,string,vintage_metadata,1,False,"national-strata-tract-table lives entirely under strata/ (the Bias API stratification datasets), never under reference/ (the map data actually scored). The challenge's own rule — the scored coverage-gap computation must use only the datasets provided for the challenge — means no column from this table may influence the submitted coverage-gap number, regardless of its role.",False,"constant across all tracts nationally (n_distinct=1) — carries no discriminative signal for any bias analysis, regardless of role"
nifc_covered,national-nifc-tract-table,wildfire,bool,coverage_flag,2,False,"national-strata-tract-table lives entirely under strata/ (the Bias API stratification datasets), never under reference/ (the map data actually scored). The challenge's own rule — the scored coverage-gap computation must use only the datasets provided for the challenge — means no column from this table may influence the submitted coverage-gap number, regardless of its role.",True,"central to Measurement Eligibility Bias analysis (whether a hazard/vulnerability measurement exists for a tract at all, cross-tabulated against SVI/tribal/rurality/hazard exposure)"
nifc_wildfire_burned_pct_land,national-nifc-tract-table,wildfire,double,measurement,7809,False,"national-strata-tract-table lives entirely under strata/ (the Bias API stratification datasets), never under reference/ (the map data actually scored). The challenge's own rule — the scored coverage-gap computation must use only the datasets provided for the challenge — means no column from this table may influence the submitted coverage-gap number, regardless of its role.",True,a substantive per-tract measurement with real variance nationally
nifc_wildfire_burned_km2,national-nifc-tract-table,wildfire,double,measurement,7812,False,"national-strata-tract-table lives entirely under strata/ (the Bias API stratification datasets), never under reference/ (the map data actually scored). The challenge's own rule — the scored coverage-gap computation must use only the datasets provided for the challenge — means no column from this table may influence the submitted coverage-gap number, regardless of its role.",True,a substantive per-tract measurement with real variance nationally
nifc_wildfire_fires,national-nifc-tract-table,wildfire,int32,measurement,219,False,"national-strata-tract-table lives entirely under strata/ (the Bias API stratification datasets), never under reference/ (the map data actually scored). The challenge's own rule — the scored coverage-gap computation must use only the datasets provided for the challenge — means no column from this table may influence the submitted coverage-gap number, regardless of its role.",True,a substantive per-tract measurement with real variance nationally
nifc_wildfire_last_year,national-nifc-tract-table,wildfire,double,measurement,42,False,"national-strata-tract-table lives entirely under strata/ (the Bias API stratification datasets), never under reference/ (the map data actually scored). The challenge's own rule — the scored coverage-gap computation must use only the datasets provided for the challenge — means no column from this table may influence the submitted coverage-gap number, regardless of its role.",True,a substantive per-tract measurement with real variance nationally
nifc_wildfire_ever,national-nifc-tract-table,wildfire,bool,derived_ever_flag,2,False,"national-strata-tract-table lives entirely under strata/ (the Bias API stratification datasets), never under reference/ (the map data actually scored). The challenge's own rule — the scored coverage-gap computation must use only the datasets provided for the challenge — means no column from this table may influence the submitted coverage-gap number, regardless of its role.",True,"real per-tract signal, but MUST be interpreted jointly with its own _covered flag — Step 3 Finding 2 documented that this defaults to False for uncovered tracts rather than propagating unknown-ness, which risks misreading 'no data' as 'no history' if used alone"
nifc_years_since_wildfire,national-nifc-tract-table,wildfire,double,measurement,42,False,"national-strata-tract-table lives entirely under strata/ (the Bias API stratification datasets), never under reference/ (the map data actually scored). The challenge's own rule — the scored coverage-gap computation must use only the datasets provided for the challenge — means no column from this table may influence the submitted coverage-gap number, regardless of its role.",True,a substantive per-tract measurement with real variance nationally
nifc_prescribed_burned_pct_land,national-nifc-tract-table,wildfire,double,measurement,1209,False,"national-strata-tract-table lives entirely under strata/ (the Bias API stratification datasets), never under reference/ (the map data actually scored). The challenge's own rule — the scored coverage-gap computation must use only the datasets provided for the challenge — means no column from this table may influence the submitted coverage-gap number, regardless of its role.",True,a substantive per-tract measurement with real variance nationally
nifc_wildfire_fires_history,national-nifc-tract-table,wildfire,int32,measurement,187,False,"national-strata-tract-table lives entirely under strata/ (the Bias API stratification datasets), never under reference/ (the map data actually scored). The challenge's own rule — the scored coverage-gap computation must use only the datasets provided for the challenge — means no column from this table may influence the submitted coverage-gap number, regardless of its role.",True,a substantive per-tract measurement with real variance nationally
nifc_wildfire_fires_wfigs,national-nifc-tract-table,wildfire,int32,measurement,98,False,"national-strata-tract-table lives entirely under strata/ (the Bias API stratification datasets), never under reference/ (the map data actually scored). The challenge's own rule — the scored coverage-gap computation must use only the datasets provided for the challenge — means no column from this table may influence the submitted coverage-gap number, regardless of its role.",True,a substantive per-tract measurement with real variance nationally
nifc_year_min,national-nifc-tract-table,wildfire,int64,vintage_metadata,1,False,"national-strata-tract-table lives entirely under strata/ (the Bias API stratification datasets), never under reference/ (the map data actually scored). The challenge's own rule — the scored coverage-gap computation must use only the datasets provided for the challenge — means no column from this table may influence the submitted coverage-gap number, regardless of its role.",False,"constant across all tracts nationally (n_distinct=1) — carries no discriminative signal for any bias analysis, regardless of role"
nifc_year_max,national-nifc-tract-table,wildfire,int64,vintage_metadata,1,False,"national-strata-tract-table lives entirely under strata/ (the Bias API stratification datasets), never under reference/ (the map data actually scored). The challenge's own rule — the scored coverage-gap computation must use only the datasets provided for the challenge — means no column from this table may influence the submitted coverage-gap number, regardless of its role.",False,"constant across all tracts nationally (n_distinct=1) — carries no discriminative signal for any bias analysis, regardless of role"
fod_covered,national-fpa-fod-tract-table,wildfire,bool,coverage_flag,2,False,"national-strata-tract-table lives entirely under strata/ (the Bias API stratification datasets), never under reference/ (the map data actually scored). The challenge's own rule — the scored coverage-gap computation must use only the datasets provided for the challenge — means no column from this table may influence the submitted coverage-gap number, regardless of its role.",True,"central to Measurement Eligibility Bias analysis (whether a hazard/vulnerability measurement exists for a tract at all, cross-tabulated against SVI/tribal/rurality/hazard exposure)"
fod_fires,national-fpa-fod-tract-table,wildfire,int32,measurement,901,False,"national-strata-tract-table lives entirely under strata/ (the Bias API stratification datasets), never under reference/ (the map data actually scored). The challenge's own rule — the scored coverage-gap computation must use only the datasets provided for the challenge — means no column from this table may influence the submitted coverage-gap number, regardless of its role.",True,a substantive per-tract measurement with real variance nationally
fod_acres_ignited,national-fpa-fod-tract-table,wildfire,double,measurement,19939,False,"national-strata-tract-table lives entirely under strata/ (the Bias API stratification datasets), never under reference/ (the map data actually scored). The challenge's own rule — the scored coverage-gap computation must use only the datasets provided for the challenge — means no column from this table may influence the submitted coverage-gap number, regardless of its role.",True,a substantive per-tract measurement with real variance nationally
fod_ignition_density,national-fpa-fod-tract-table,wildfire,double,measurement,49980,False,"national-strata-tract-table lives entirely under strata/ (the Bias API stratification datasets), never under reference/ (the map data actually scored). The challenge's own rule — the scored coverage-gap computation must use only the datasets provided for the challenge — means no column from this table may influence the submitted coverage-gap number, regardless of its role.",True,a substantive per-tract measurement with real variance nationally
fod_human_fires,national-fpa-fod-tract-table,wildfire,int32,measurement,684,False,"national-strata-tract-table lives entirely under strata/ (the Bias API stratification datasets), never under reference/ (the map data actually scored). The challenge's own rule — the scored coverage-gap computation must use only the datasets provided for the challenge — means no column from this table may influence the submitted coverage-gap number, regardless of its role.",True,a substantive per-tract measurement with real variance nationally
fod_natural_fires,national-fpa-fod-tract-table,wildfire,int32,measurement,448,False,"national-strata-tract-table lives entirely under strata/ (the Bias API stratification datasets), never under reference/ (the map data actually scored). The challenge's own rule — the scored coverage-gap computation must use only the datasets provided for the challenge — means no column from this table may influence the submitted coverage-gap number, regardless of its role.",True,a substantive per-tract measurement with real variance nationally
fod_large_fires,national-fpa-fod-tract-table,wildfire,int32,measurement,102,False,"national-strata-tract-table lives entirely under strata/ (the Bias API stratification datasets), never under reference/ (the map data actually scored). The challenge's own rule — the scored coverage-gap computation must use only the datasets provided for the challenge — means no column from this table may influence the submitted coverage-gap number, regardless of its role.",True,a substantive per-tract measurement with real variance nationally
fod_human_share,national-fpa-fod-tract-table,wildfire,double,measurement,4551,False,"national-strata-tract-table lives entirely under strata/ (the Bias API stratification datasets), never under reference/ (the map data actually scored). The challenge's own rule — the scored coverage-gap computation must use only the datasets provided for the challenge — means no column from this table may influence the submitted coverage-gap number, regardless of its role.",True,a substantive per-tract measurement with real variance nationally
fod_human_share_classified,national-fpa-fod-tract-table,wildfire,double,measurement,3366,False,"national-strata-tract-table lives entirely under strata/ (the Bias API stratification datasets), never under reference/ (the map data actually scored). The challenge's own rule — the scored coverage-gap computation must use only the datasets provided for the challenge — means no column from this table may influence the submitted coverage-gap number, regardless of its role.",True,a substantive per-tract measurement with real variance nationally
fod_cause_unknown_share,national-fpa-fod-tract-table,wildfire,double,measurement,3422,False,"national-strata-tract-table lives entirely under strata/ (the Bias API stratification datasets), never under reference/ (the map data actually scored). The challenge's own rule — the scored coverage-gap computation must use only the datasets provided for the challenge — means no column from this table may influence the submitted coverage-gap number, regardless of its role.",True,a substantive per-tract measurement with real variance nationally
fod_last_fire_year,national-fpa-fod-tract-table,wildfire,double,measurement,29,False,"national-strata-tract-table lives entirely under strata/ (the Bias API stratification datasets), never under reference/ (the map data actually scored). The challenge's own rule — the scored coverage-gap computation must use only the datasets provided for the challenge — means no column from this table may influence the submitted coverage-gap number, regardless of its role.",True,a substantive per-tract measurement with real variance nationally
fod_largest_fire_acres,national-fpa-fod-tract-table,wildfire,double,measurement,4926,False,"national-strata-tract-table lives entirely under strata/ (the Bias API stratification datasets), never under reference/ (the map data actually scored). The challenge's own rule — the scored coverage-gap computation must use only the datasets provided for the challenge — means no column from this table may influence the submitted coverage-gap number, regardless of its role.",True,a substantive per-tract measurement with real variance nationally
fod_ever,national-fpa-fod-tract-table,wildfire,bool,derived_ever_flag,2,False,"national-strata-tract-table lives entirely under strata/ (the Bias API stratification datasets), never under reference/ (the map data actually scored). The challenge's own rule — the scored coverage-gap computation must use only the datasets provided for the challenge — means no column from this table may influence the submitted coverage-gap number, regardless of its role.",True,"real per-tract signal, but MUST be interpreted jointly with its own _covered flag — Step 3 Finding 2 documented that this defaults to False for uncovered tracts rather than propagating unknown-ness, which risks misreading 'no data' as 'no history' if used alone"
fod_year_min,national-fpa-fod-tract-table,wildfire,int64,vintage_metadata,1,False,"national-strata-tract-table lives entirely under strata/ (the Bias API stratification datasets), never under reference/ (the map data actually scored). The challenge's own rule — the scored coverage-gap computation must use only the datasets provided for the challenge — means no column from this table may influence the submitted coverage-gap number, regardless of its role.",False,"constant across all tracts nationally (n_distinct=1) — carries no discriminative signal for any bias analysis, regardless of role"
fod_year_max,national-fpa-fod-tract-table,wildfire,int64,vintage_metadata,1,False,"national-strata-tract-table lives entirely under strata/ (the Bias API stratification datasets), never under reference/ (the map data actually scored). The challenge's own rule — the scored coverage-gap computation must use only the datasets provided for the challenge — means no column from this table may influence the submitted coverage-gap number, regardless of its role.",False,"constant across all tracts nationally (n_distinct=1) — carries no discriminative signal for any bias analysis, regardless of role"
fod_edition,national-fpa-fod-tract-table,wildfire,string,vintage_metadata,1,False,"national-strata-tract-table lives entirely under strata/ (the Bias API stratification datasets), never under reference/ (the map data actually scored). The challenge's own rule — the scored coverage-gap computation must use only the datasets provided for the challenge — means no column from this table may influence the submitted coverage-gap number, regardless of its role.",False,"constant across all tracts nationally (n_distinct=1) — carries no discriminative signal for any bias analysis, regardless of role"
ghcn_covered,national-noaa-ghcn-tract-table,heat,bool,coverage_flag,1,False,"national-strata-tract-table lives entirely under strata/ (the Bias API stratification datasets), never under reference/ (the map data actually scored). The challenge's own rule — the scored coverage-gap computation must use only the datasets provided for the challenge — means no column from this table may influence the submitted coverage-gap number, regardless of its role.",False,"constant across all tracts nationally (n_distinct=1) — carries no discriminative signal for any bias analysis, regardless of role"
ghcn_stations_in_tract,national-noaa-ghcn-tract-table,heat,int32,measurement,32,False,"national-strata-tract-table lives entirely under strata/ (the Bias API stratification datasets), never under reference/ (the map data actually scored). The challenge's own rule — the scored coverage-gap computation must use only the datasets provided for the challenge — means no column from this table may influence the submitted coverage-gap number, regardless of its role.",True,a substantive per-tract measurement with real variance nationally
ghcn_temp_stations_in_tract,national-noaa-ghcn-tract-table,heat,int32,measurement,22,False,"national-strata-tract-table lives entirely under strata/ (the Bias API stratification datasets), never under reference/ (the map data actually scored). The challenge's own rule — the scored coverage-gap computation must use only the datasets provided for the challenge — means no column from this table may influence the submitted coverage-gap number, regardless of its role.",True,a substantive per-tract measurement with real variance nationally
ghcn_any_nearest_km,national-noaa-ghcn-tract-table,heat,double,measurement,85396,False,"national-strata-tract-table lives entirely under strata/ (the Bias API stratification datasets), never under reference/ (the map data actually scored). The challenge's own rule — the scored coverage-gap computation must use only the datasets provided for the challenge — means no column from this table may influence the submitted coverage-gap number, regardless of its role.",True,a substantive per-tract measurement with real variance nationally
ghcn_temp_nearest_km,national-noaa-ghcn-tract-table,heat,double,measurement,85396,False,"national-strata-tract-table lives entirely under strata/ (the Bias API stratification datasets), never under reference/ (the map data actually scored). The challenge's own rule — the scored coverage-gap computation must use only the datasets provided for the challenge — means no column from this table may influence the submitted coverage-gap number, regardless of its role.",True,a substantive per-tract measurement with real variance nationally
ghcn_prcp_nearest_km,national-noaa-ghcn-tract-table,heat,double,measurement,85396,False,"national-strata-tract-table lives entirely under strata/ (the Bias API stratification datasets), never under reference/ (the map data actually scored). The challenge's own rule — the scored coverage-gap computation must use only the datasets provided for the challenge — means no column from this table may influence the submitted coverage-gap number, regardless of its role.",True,a substantive per-tract measurement with real variance nationally
ghcn_any_within_25km,national-noaa-ghcn-tract-table,heat,int32,measurement,356,False,"national-strata-tract-table lives entirely under strata/ (the Bias API stratification datasets), never under reference/ (the map data actually scored). The challenge's own rule — the scored coverage-gap computation must use only the datasets provided for the challenge — means no column from this table may influence the submitted coverage-gap number, regardless of its role.",True,a substantive per-tract measurement with real variance nationally
ghcn_temp_within_25km,national-noaa-ghcn-tract-table,heat,int32,measurement,23,False,"national-strata-tract-table lives entirely under strata/ (the Bias API stratification datasets), never under reference/ (the map data actually scored). The challenge's own rule — the scored coverage-gap computation must use only the datasets provided for the challenge — means no column from this table may influence the submitted coverage-gap number, regardless of its role.",True,a substantive per-tract measurement with real variance nationally
ghcn_anchor_unreliable,national-noaa-ghcn-tract-table,heat,bool,measurement,2,False,"national-strata-tract-table lives entirely under strata/ (the Bias API stratification datasets), never under reference/ (the map data actually scored). The challenge's own rule — the scored coverage-gap computation must use only the datasets provided for the challenge — means no column from this table may influence the submitted coverage-gap number, regardless of its role.",True,a substantive per-tract measurement with real variance nationally
ghcn_year_min,national-noaa-ghcn-tract-table,heat,int64,vintage_metadata,1,False,"national-strata-tract-table lives entirely under strata/ (the Bias API stratification datasets), never under reference/ (the map data actually scored). The challenge's own rule — the scored coverage-gap computation must use only the datasets provided for the challenge — means no column from this table may influence the submitted coverage-gap number, regardless of its role.",False,"constant across all tracts nationally (n_distinct=1) — carries no discriminative signal for any bias analysis, regardless of role"
ghcn_year_max,national-noaa-ghcn-tract-table,heat,int64,vintage_metadata,1,False,"national-strata-tract-table lives entirely under strata/ (the Bias API stratification datasets), never under reference/ (the map data actually scored). The challenge's own rule — the scored coverage-gap computation must use only the datasets provided for the challenge — means no column from this table may influence the submitted coverage-gap number, regardless of its role.",False,"constant across all tracts nationally (n_distinct=1) — carries no discriminative signal for any bias analysis, regardless of role"
cdcw_covered,national-cdc-wonder-tract-table,heat,bool,coverage_flag,2,False,"national-strata-tract-table lives entirely under strata/ (the Bias API stratification datasets), never under reference/ (the map data actually scored). The challenge's own rule — the scored coverage-gap computation must use only the datasets provided for the challenge — means no column from this table may influence the submitted coverage-gap number, regardless of its role.",True,"central to Measurement Eligibility Bias analysis (whether a hazard/vulnerability measurement exists for a tract at all, cross-tabulated against SVI/tribal/rurality/hazard exposure)"
cdcw_grain,national-cdc-wonder-tract-table,heat,string,vintage_metadata,1,False,"national-strata-tract-table lives entirely under strata/ (the Bias API stratification datasets), never under reference/ (the map data actually scored). The challenge's own rule — the scored coverage-gap computation must use only the datasets provided for the challenge — means no column from this table may influence the submitted coverage-gap number, regardless of its role.",False,"constant across all tracts nationally (n_distinct=1) — carries no discriminative signal for any bias analysis, regardless of role"
hwd_maxtemp_mean,national-cdc-wonder-tract-table,heat,double,measurement,98,False,"national-strata-tract-table lives entirely under strata/ (the Bias API stratification datasets), never under reference/ (the map data actually scored). The challenge's own rule — the scored coverage-gap computation must use only the datasets provided for the challenge — means no column from this table may influence the submitted coverage-gap number, regardless of its role.",True,a substantive per-tract measurement with real variance nationally
hwd_maxtemp_change,national-cdc-wonder-tract-table,heat,double,measurement,526,False,"national-strata-tract-table lives entirely under strata/ (the Bias API stratification datasets), never under reference/ (the map data actually scored). The challenge's own rule — the scored coverage-gap computation must use only the datasets provided for the challenge — means no column from this table may influence the submitted coverage-gap number, regardless of its role.",True,a substantive per-tract measurement with real variance nationally
hwd_maxtemp_trend_days_per_decade,national-cdc-wonder-tract-table,heat,double,measurement,2243,False,"national-strata-tract-table lives entirely under strata/ (the Bias API stratification datasets), never under reference/ (the map data actually scored). The challenge's own rule — the scored coverage-gap computation must use only the datasets provided for the challenge — means no column from this table may influence the submitted coverage-gap number, regardless of its role.",True,a substantive per-tract measurement with real variance nationally
hwd_maxtemp_trend_p,national-cdc-wonder-tract-table,heat,double,measurement,3122,False,"national-strata-tract-table lives entirely under strata/ (the Bias API stratification datasets), never under reference/ (the map data actually scored). The challenge's own rule — the scored coverage-gap computation must use only the datasets provided for the challenge — means no column from this table may influence the submitted coverage-gap number, regardless of its role.",True,a substantive per-tract measurement with real variance nationally
hwd_maxtemp_never_defined,national-cdc-wonder-tract-table,heat,bool,measurement,1,False,"national-strata-tract-table lives entirely under strata/ (the Bias API stratification datasets), never under reference/ (the map data actually scored). The challenge's own rule — the scored coverage-gap computation must use only the datasets provided for the challenge — means no column from this table may influence the submitted coverage-gap number, regardless of its role.",False,"constant across all tracts nationally (n_distinct=1) — carries no discriminative signal for any bias analysis, regardless of role"
hwd_heatindex_mean,national-cdc-wonder-tract-table,heat,double,measurement,112,False,"national-strata-tract-table lives entirely under strata/ (the Bias API stratification datasets), never under reference/ (the map data actually scored). The challenge's own rule — the scored coverage-gap computation must use only the datasets provided for the challenge — means no column from this table may influence the submitted coverage-gap number, regardless of its role.",True,a substantive per-tract measurement with real variance nationally
hwd_heatindex_change,national-cdc-wonder-tract-table,heat,double,measurement,378,False,"national-strata-tract-table lives entirely under strata/ (the Bias API stratification datasets), never under reference/ (the map data actually scored). The challenge's own rule — the scored coverage-gap computation must use only the datasets provided for the challenge — means no column from this table may influence the submitted coverage-gap number, regardless of its role.",True,a substantive per-tract measurement with real variance nationally
hwd_heatindex_trend_days_per_decade,national-cdc-wonder-tract-table,heat,double,measurement,2058,False,"national-strata-tract-table lives entirely under strata/ (the Bias API stratification datasets), never under reference/ (the map data actually scored). The challenge's own rule — the scored coverage-gap computation must use only the datasets provided for the challenge — means no column from this table may influence the submitted coverage-gap number, regardless of its role.",True,a substantive per-tract measurement with real variance nationally
hwd_heatindex_trend_p,national-cdc-wonder-tract-table,heat,double,measurement,3112,False,"national-strata-tract-table lives entirely under strata/ (the Bias API stratification datasets), never under reference/ (the map data actually scored). The challenge's own rule — the scored coverage-gap computation must use only the datasets provided for the challenge — means no column from this table may influence the submitted coverage-gap number, regardless of its role.",True,a substantive per-tract measurement with real variance nationally
hwd_heatindex_never_defined,national-cdc-wonder-tract-table,heat,bool,measurement,2,False,"national-strata-tract-table lives entirely under strata/ (the Bias API stratification datasets), never under reference/ (the map data actually scored). The challenge's own rule — the scored coverage-gap computation must use only the datasets provided for the challenge — means no column from this table may influence the submitted coverage-gap number, regardless of its role.",True,a substantive per-tract measurement with real variance nationally
hwd_heatstress_mean,national-cdc-wonder-tract-table,heat,double,measurement,224,False,"national-strata-tract-table lives entirely under strata/ (the Bias API stratification datasets), never under reference/ (the map data actually scored). The challenge's own rule — the scored coverage-gap computation must use only the datasets provided for the challenge — means no column from this table may influence the submitted coverage-gap number, regardless of its role.",True,a substantive per-tract measurement with real variance nationally
hwd_heatstress_change,national-cdc-wonder-tract-table,heat,double,measurement,476,False,"national-strata-tract-table lives entirely under strata/ (the Bias API stratification datasets), never under reference/ (the map data actually scored). The challenge's own rule — the scored coverage-gap computation must use only the datasets provided for the challenge — means no column from this table may influence the submitted coverage-gap number, regardless of its role.",True,a substantive per-tract measurement with real variance nationally
hwd_heatstress_trend_days_per_decade,national-cdc-wonder-tract-table,heat,double,measurement,2243,False,"national-strata-tract-table lives entirely under strata/ (the Bias API stratification datasets), never under reference/ (the map data actually scored). The challenge's own rule — the scored coverage-gap computation must use only the datasets provided for the challenge — means no column from this table may influence the submitted coverage-gap number, regardless of its role.",True,a substantive per-tract measurement with real variance nationally
hwd_heatstress_trend_p,national-cdc-wonder-tract-table,heat,double,measurement,3011,False,"national-strata-tract-table lives entirely under strata/ (the Bias API stratification datasets), never under reference/ (the map data actually scored). The challenge's own rule — the scored coverage-gap computation must use only the datasets provided for the challenge — means no column from this table may influence the submitted coverage-gap number, regardless of its role.",True,a substantive per-tract measurement with real variance nationally
hwd_heatstress_never_defined,national-cdc-wonder-tract-table,heat,bool,measurement,2,False,"national-strata-tract-table lives entirely under strata/ (the Bias API stratification datasets), never under reference/ (the map data actually scored). The challenge's own rule — the scored coverage-gap computation must use only the datasets provided for the challenge — means no column from this table may influence the submitted coverage-gap number, regardless of its role.",True,a substantive per-tract measurement with real variance nationally
cdcw_window_start,national-cdc-wonder-tract-table,heat,int64,vintage_metadata,1,False,"national-strata-tract-table lives entirely under strata/ (the Bias API stratification datasets), never under reference/ (the map data actually scored). The challenge's own rule — the scored coverage-gap computation must use only the datasets provided for the challenge — means no column from this table may influence the submitted coverage-gap number, regardless of its role.",False,"constant across all tracts nationally (n_distinct=1) — carries no discriminative signal for any bias analysis, regardless of role"
cdcw_window_end,national-cdc-wonder-tract-table,heat,int64,vintage_metadata,1,False,"national-strata-tract-table lives entirely under strata/ (the Bias API stratification datasets), never under reference/ (the map data actually scored). The challenge's own rule — the scored coverage-gap computation must use only the datasets provided for the challenge — means no column from this table may influence the submitted coverage-gap number, regardless of its role.",False,"constant across all tracts nationally (n_distinct=1) — carries no discriminative signal for any bias analysis, regardless of role"
gehe_covered,national-nasa-heat-tract-table,heat,bool,coverage_flag,2,False,"national-strata-tract-table lives entirely under strata/ (the Bias API stratification datasets), never under reference/ (the map data actually scored). The challenge's own rule — the scored coverage-gap computation must use only the datasets provided for the challenge — means no column from this table may influence the submitted coverage-gap number, regardless of its role.",True,"central to Measurement Eligibility Bias analysis (whether a hazard/vulnerability measurement exists for a tract at all, cross-tabulated against SVI/tribal/rurality/hazard exposure)"
gehe_coverage_frac,national-nasa-heat-tract-table,heat,double,measurement,43298,False,"national-strata-tract-table lives entirely under strata/ (the Bias API stratification datasets), never under reference/ (the map data actually scored). The challenge's own rule — the scored coverage-gap computation must use only the datasets provided for the challenge — means no column from this table may influence the submitted coverage-gap number, regardless of its role.",True,a substantive per-tract measurement with real variance nationally
gehe_wbgt28_days_mean,national-nasa-heat-tract-table,heat,double,measurement,62562,False,"national-strata-tract-table lives entirely under strata/ (the Bias API stratification datasets), never under reference/ (the map data actually scored). The challenge's own rule — the scored coverage-gap computation must use only the datasets provided for the challenge — means no column from this table may influence the submitted coverage-gap number, regardless of its role.",True,a substantive per-tract measurement with real variance nationally
gehe_wbgt28_days_change,national-nasa-heat-tract-table,heat,double,measurement,58034,False,"national-strata-tract-table lives entirely under strata/ (the Bias API stratification datasets), never under reference/ (the map data actually scored). The challenge's own rule — the scored coverage-gap computation must use only the datasets provided for the challenge — means no column from this table may influence the submitted coverage-gap number, regardless of its role.",True,a substantive per-tract measurement with real variance nationally
gehe_wbgt28_trend_days_per_yr,national-nasa-heat-tract-table,heat,double,measurement,5991,False,"national-strata-tract-table lives entirely under strata/ (the Bias API stratification datasets), never under reference/ (the map data actually scored). The challenge's own rule — the scored coverage-gap computation must use only the datasets provided for the challenge — means no column from this table may influence the submitted coverage-gap number, regardless of its role.",True,a substantive per-tract measurement with real variance nationally
gehe_wbgt30_days_mean,national-nasa-heat-tract-table,heat,double,measurement,44793,False,"national-strata-tract-table lives entirely under strata/ (the Bias API stratification datasets), never under reference/ (the map data actually scored). The challenge's own rule — the scored coverage-gap computation must use only the datasets provided for the challenge — means no column from this table may influence the submitted coverage-gap number, regardless of its role.",True,a substantive per-tract measurement with real variance nationally
gehe_wbgt30_days_change,national-nasa-heat-tract-table,heat,double,measurement,39603,False,"national-strata-tract-table lives entirely under strata/ (the Bias API stratification datasets), never under reference/ (the map data actually scored). The challenge's own rule — the scored coverage-gap computation must use only the datasets provided for the challenge — means no column from this table may influence the submitted coverage-gap number, regardless of its role.",True,a substantive per-tract measurement with real variance nationally
gehe_wbgt30_trend_days_per_yr,national-nasa-heat-tract-table,heat,double,measurement,6047,False,"national-strata-tract-table lives entirely under strata/ (the Bias API stratification datasets), never under reference/ (the map data actually scored). The challenge's own rule — the scored coverage-gap computation must use only the datasets provided for the challenge — means no column from this table may influence the submitted coverage-gap number, regardless of its role.",True,a substantive per-tract measurement with real variance nationally
gehe_wbgt32_days_mean,national-nasa-heat-tract-table,heat,double,measurement,5818,False,"national-strata-tract-table lives entirely under strata/ (the Bias API stratification datasets), never under reference/ (the map data actually scored). The challenge's own rule — the scored coverage-gap computation must use only the datasets provided for the challenge — means no column from this table may influence the submitted coverage-gap number, regardless of its role.",True,a substantive per-tract measurement with real variance nationally
gehe_wbgt32_days_change,national-nasa-heat-tract-table,heat,double,measurement,3695,False,"national-strata-tract-table lives entirely under strata/ (the Bias API stratification datasets), never under reference/ (the map data actually scored). The challenge's own rule — the scored coverage-gap computation must use only the datasets provided for the challenge — means no column from this table may influence the submitted coverage-gap number, regardless of its role.",True,a substantive per-tract measurement with real variance nationally
gehe_wbgt32_trend_days_per_yr,national-nasa-heat-tract-table,heat,double,measurement,223,False,"national-strata-tract-table lives entirely under strata/ (the Bias API stratification datasets), never under reference/ (the map data actually scored). The challenge's own rule — the scored coverage-gap computation must use only the datasets provided for the challenge — means no column from this table may influence the submitted coverage-gap number, regardless of its role.",True,a substantive per-tract measurement with real variance nationally
gehe_record_start,national-nasa-heat-tract-table,heat,int64,vintage_metadata,1,False,"national-strata-tract-table lives entirely under strata/ (the Bias API stratification datasets), never under reference/ (the map data actually scored). The challenge's own rule — the scored coverage-gap computation must use only the datasets provided for the challenge — means no column from this table may influence the submitted coverage-gap number, regardless of its role.",False,"constant across all tracts nationally (n_distinct=1) — carries no discriminative signal for any bias analysis, regardless of role"
gehe_record_end,national-nasa-heat-tract-table,heat,int64,vintage_metadata,1,False,"national-strata-tract-table lives entirely under strata/ (the Bias API stratification datasets), never under reference/ (the map data actually scored). The challenge's own rule — the scored coverage-gap computation must use only the datasets provided for the challenge — means no column from this table may influence the submitted coverage-gap number, regardless of its role.",False,"constant across all tracts nationally (n_distinct=1) — carries no discriminative signal for any bias analysis, regardless of role"
uhe_covered,national-nasa-heat-tract-table,heat,bool,coverage_flag,2,False,"national-strata-tract-table lives entirely under strata/ (the Bias API stratification datasets), never under reference/ (the map data actually scored). The challenge's own rule — the scored coverage-gap computation must use only the datasets provided for the challenge — means no column from this table may influence the submitted coverage-gap number, regardless of its role.",True,"central to Measurement Eligibility Bias analysis (whether a hazard/vulnerability measurement exists for a tract at all, cross-tabulated against SVI/tribal/rurality/hazard exposure)"
uhe_city_name,national-nasa-heat-tract-table,heat,string,identity_metadata,331,False,"national-strata-tract-table lives entirely under strata/ (the Bias API stratification datasets), never under reference/ (the map data actually scored). The challenge's own rule — the scored coverage-gap computation must use only the datasets provided for the challenge — means no column from this table may influence the submitted coverage-gap number, regardless of its role.",True,"descriptive/provenance label (which external entity a tract was matched to or overlaps), usable for named-instance or coarse-grouping bias analysis, not for anything for which its own cardinality can't support meaningful stratification"
uhe_city_country,national-nasa-heat-tract-table,heat,string,identity_metadata,4,False,"national-strata-tract-table lives entirely under strata/ (the Bias API stratification datasets), never under reference/ (the map data actually scored). The challenge's own rule — the scored coverage-gap computation must use only the datasets provided for the challenge — means no column from this table may influence the submitted coverage-gap number, regardless of its role.",True,"descriptive/provenance label (which external entity a tract was matched to or overlaps), usable for named-instance or coarse-grouping bias analysis, not for anything for which its own cardinality can't support meaningful stratification"
uhe_overlap_frac,national-nasa-heat-tract-table,heat,double,measurement,13620,False,"national-strata-tract-table lives entirely under strata/ (the Bias API stratification datasets), never under reference/ (the map data actually scored). The challenge's own rule — the scored coverage-gap computation must use only the datasets provided for the challenge — means no column from this table may influence the submitted coverage-gap number, regardless of its role.",True,a substantive per-tract measurement with real variance nationally
uhe_wbgtmax28_days_per_yr,national-nasa-heat-tract-table,heat,double,measurement,242,False,"national-strata-tract-table lives entirely under strata/ (the Bias API stratification datasets), never under reference/ (the map data actually scored). The challenge's own rule — the scored coverage-gap computation must use only the datasets provided for the challenge — means no column from this table may influence the submitted coverage-gap number, regardless of its role.",True,a substantive per-tract measurement with real variance nationally
uhe_wbgtmax30_days_per_yr,national-nasa-heat-tract-table,heat,double,measurement,124,False,"national-strata-tract-table lives entirely under strata/ (the Bias API stratification datasets), never under reference/ (the map data actually scored). The challenge's own rule — the scored coverage-gap computation must use only the datasets provided for the challenge — means no column from this table may influence the submitted coverage-gap number, regardless of its role.",True,a substantive per-tract measurement with real variance nationally
uhe_himax461_days_per_yr,national-nasa-heat-tract-table,heat,double,measurement,30,False,"national-strata-tract-table lives entirely under strata/ (the Bias API stratification datasets), never under reference/ (the map data actually scored). The challenge's own rule — the scored coverage-gap computation must use only the datasets provided for the challenge — means no column from this table may influence the submitted coverage-gap number, regardless of its role.",True,a substantive per-tract measurement with real variance nationally
pmdi_covered,national-drought-gov-tract-table,drought,bool,coverage_flag,2,False,"national-strata-tract-table lives entirely under strata/ (the Bias API stratification datasets), never under reference/ (the map data actually scored). The challenge's own rule — the scored coverage-gap computation must use only the datasets provided for the challenge — means no column from this table may influence the submitted coverage-gap number, regardless of its role.",True,"central to Measurement Eligibility Bias analysis (whether a hazard/vulnerability measurement exists for a tract at all, cross-tabulated against SVI/tribal/rurality/hazard exposure)"
pmdi_mean,national-drought-gov-tract-table,drought,double,measurement,3030,False,"national-strata-tract-table lives entirely under strata/ (the Bias API stratification datasets), never under reference/ (the map data actually scored). The challenge's own rule — the scored coverage-gap computation must use only the datasets provided for the challenge — means no column from this table may influence the submitted coverage-gap number, regardless of its role.",True,a substantive per-tract measurement with real variance nationally
pmdi_summer_mean,national-drought-gov-tract-table,drought,double,measurement,2961,False,"national-strata-tract-table lives entirely under strata/ (the Bias API stratification datasets), never under reference/ (the map data actually scored). The challenge's own rule — the scored coverage-gap computation must use only the datasets provided for the challenge — means no column from this table may influence the submitted coverage-gap number, regardless of its role.",True,a substantive per-tract measurement with real variance nationally
pmdi_winter_mean,national-drought-gov-tract-table,drought,double,measurement,2959,False,"national-strata-tract-table lives entirely under strata/ (the Bias API stratification datasets), never under reference/ (the map data actually scored). The challenge's own rule — the scored coverage-gap computation must use only the datasets provided for the challenge — means no column from this table may influence the submitted coverage-gap number, regardless of its role.",True,a substantive per-tract measurement with real variance nationally
pmdi_pct_months_severe,national-drought-gov-tract-table,drought,double,measurement,71,False,"national-strata-tract-table lives entirely under strata/ (the Bias API stratification datasets), never under reference/ (the map data actually scored). The challenge's own rule — the scored coverage-gap computation must use only the datasets provided for the challenge — means no column from this table may influence the submitted coverage-gap number, regardless of its role.",True,a substantive per-tract measurement with real variance nationally
pmdi_recent_percentile,national-drought-gov-tract-table,drought,double,measurement,126,False,"national-strata-tract-table lives entirely under strata/ (the Bias API stratification datasets), never under reference/ (the map data actually scored). The challenge's own rule — the scored coverage-gap computation must use only the datasets provided for the challenge — means no column from this table may influence the submitted coverage-gap number, regardless of its role.",True,a substantive per-tract measurement with real variance nationally
pmdi_mean_1895_2025,national-drought-gov-tract-table,drought,double,measurement,3097,False,"national-strata-tract-table lives entirely under strata/ (the Bias API stratification datasets), never under reference/ (the map data actually scored). The challenge's own rule — the scored coverage-gap computation must use only the datasets provided for the challenge — means no column from this table may influence the submitted coverage-gap number, regardless of its role.",True,a substantive per-tract measurement with real variance nationally
spi_covered,national-drought-gov-tract-table,drought,bool,coverage_flag,2,False,"national-strata-tract-table lives entirely under strata/ (the Bias API stratification datasets), never under reference/ (the map data actually scored). The challenge's own rule — the scored coverage-gap computation must use only the datasets provided for the challenge — means no column from this table may influence the submitted coverage-gap number, regardless of its role.",True,"central to Measurement Eligibility Bias analysis (whether a hazard/vulnerability measurement exists for a tract at all, cross-tabulated against SVI/tribal/rurality/hazard exposure)"
spi_calibration,national-drought-gov-tract-table,drought,double,vintage_metadata,0,False,"national-strata-tract-table lives entirely under strata/ (the Bias API stratification datasets), never under reference/ (the map data actually scored). The challenge's own rule — the scored coverage-gap computation must use only the datasets provided for the challenge — means no column from this table may influence the submitted coverage-gap number, regardless of its role.",False,"constant across all tracts nationally (n_distinct=0) — carries no discriminative signal for any bias analysis, regardless of role"
spi03_mean,national-drought-gov-tract-table,drought,double,measurement,73149,False,"national-strata-tract-table lives entirely under strata/ (the Bias API stratification datasets), never under reference/ (the map data actually scored). The challenge's own rule — the scored coverage-gap computation must use only the datasets provided for the challenge — means no column from this table may influence the submitted coverage-gap number, regardless of its role.",True,a substantive per-tract measurement with real variance nationally
spi03_summer_mean,national-drought-gov-tract-table,drought,double,measurement,73149,False,"national-strata-tract-table lives entirely under strata/ (the Bias API stratification datasets), never under reference/ (the map data actually scored). The challenge's own rule — the scored coverage-gap computation must use only the datasets provided for the challenge — means no column from this table may influence the submitted coverage-gap number, regardless of its role.",True,a substantive per-tract measurement with real variance nationally
spi03_winter_mean,national-drought-gov-tract-table,drought,double,measurement,73149,False,"national-strata-tract-table lives entirely under strata/ (the Bias API stratification datasets), never under reference/ (the map data actually scored). The challenge's own rule — the scored coverage-gap computation must use only the datasets provided for the challenge — means no column from this table may influence the submitted coverage-gap number, regardless of its role.",True,a substantive per-tract measurement with real variance nationally
spi03_pct_months_d2,national-drought-gov-tract-table,drought,double,measurement,25851,False,"national-strata-tract-table lives entirely under strata/ (the Bias API stratification datasets), never under reference/ (the map data actually scored). The challenge's own rule — the scored coverage-gap computation must use only the datasets provided for the challenge — means no column from this table may influence the submitted coverage-gap number, regardless of its role.",True,a substantive per-tract measurement with real variance nationally
spi12_mean,national-drought-gov-tract-table,drought,double,measurement,73150,False,"national-strata-tract-table lives entirely under strata/ (the Bias API stratification datasets), never under reference/ (the map data actually scored). The challenge's own rule — the scored coverage-gap computation must use only the datasets provided for the challenge — means no column from this table may influence the submitted coverage-gap number, regardless of its role.",True,a substantive per-tract measurement with real variance nationally
spi12_summer_mean,national-drought-gov-tract-table,drought,double,measurement,73149,False,"national-strata-tract-table lives entirely under strata/ (the Bias API stratification datasets), never under reference/ (the map data actually scored). The challenge's own rule — the scored coverage-gap computation must use only the datasets provided for the challenge — means no column from this table may influence the submitted coverage-gap number, regardless of its role.",True,a substantive per-tract measurement with real variance nationally
spi12_winter_mean,national-drought-gov-tract-table,drought,double,measurement,73150,False,"national-strata-tract-table lives entirely under strata/ (the Bias API stratification datasets), never under reference/ (the map data actually scored). The challenge's own rule — the scored coverage-gap computation must use only the datasets provided for the challenge — means no column from this table may influence the submitted coverage-gap number, regardless of its role.",True,a substantive per-tract measurement with real variance nationally
spi12_pct_months_d2,national-drought-gov-tract-table,drought,double,measurement,13087,False,"national-strata-tract-table lives entirely under strata/ (the Bias API stratification datasets), never under reference/ (the map data actually scored). The challenge's own rule — the scored coverage-gap computation must use only the datasets provided for the challenge — means no column from this table may influence the submitted coverage-gap number, regardless of its role.",True,a substantive per-tract measurement with real variance nationally
drought_gov_window_start,national-drought-gov-tract-table,drought,int64,vintage_metadata,1,False,"national-strata-tract-table lives entirely under strata/ (the Bias API stratification datasets), never under reference/ (the map data actually scored). The challenge's own rule — the scored coverage-gap computation must use only the datasets provided for the challenge — means no column from this table may influence the submitted coverage-gap number, regardless of its role.",False,"constant across all tracts nationally (n_distinct=1) — carries no discriminative signal for any bias analysis, regardless of role"
drought_gov_window_end,national-drought-gov-tract-table,drought,int64,vintage_metadata,1,False,"national-strata-tract-table lives entirely under strata/ (the Bias API stratification datasets), never under reference/ (the map data actually scored). The challenge's own rule — the scored coverage-gap computation must use only the datasets provided for the challenge — means no column from this table may influence the submitted coverage-gap number, regardless of its role.",False,"constant across all tracts nationally (n_distinct=1) — carries no discriminative signal for any bias analysis, regardless of role"
