scope,column_name,domain,source_table,n_rows,n_null,pct_null,n_distinct,min,max,mean,sentinel_note
national,GEOID,geography,national-census-tract-table,85396,0,0.0,85396,,,,
national,STATEFP,geography,national-census-tract-table,85396,0,0.0,52,,,,
national,COUNTYFP,geography,national-census-tract-table,85396,0,0.0,330,,,,
national,state_usps,geography,national-census-tract-table,85396,0,0.0,52,,,,
national,state_name,geography,national-census-tract-table,85396,0,0.0,52,,,,
national,ALAND,geography,national-census-tract-table,85396,0,0.0,84765,0.0,221506333133.0,107275916.46876903,
national,AWATER,geography,national-census-tract-table,85396,0,0.0,49221,0.0,25676773493.0,8220781.737950255,
national,INTPTLAT,geography,national-census-tract-table,85396,0,0.0,85373,,,,
national,INTPTLON,geography,national-census-tract-table,85396,0,0.0,85386,,,,
national,pop_total,population,national-census-tract-table,85396,0,0.0,8408,0.0,37892.0,3919.798995269099,
national,pop_urban,population,national-census-tract-table,85396,0,0.0,8624,0.0,27117.0,3140.286851843178,
national,pop_rural,population,national-census-tract-table,85396,0,0.0,5990,0.0,16035.0,779.5121434259216,
national,pct_urban,population,national-census-tract-table,85396,615,0.00720174247037332,21956,0.0,1.0,0.7747747506453658,
national,ur_class,population,national-census-tract-table,85396,615,0.00720174247037332,2,,,,
national,tract_vintage,geography,national-census-tract-table,85396,0,0.0,1,2020.0,2020.0,2020.0,
national,svi_covered,svi,national-svi-tract-table,85396,0,0.0,2,,,,
national,svi_rank_universe,svi,national-svi-tract-table,85396,337,0.003946320670757413,2,,,,
national,svi_overall,svi,national-svi-tract-table,85396,1135,0.013291020656705232,10001,0.0,1.0,0.49999385362148563,
national,svi_socioeconomic,svi,national-svi-tract-table,85396,1135,0.013291020656705232,9997,0.0,1.0,0.4999873084819787,
national,svi_household,svi,national-svi-tract-table,85396,1117,0.01308023795025528,9919,0.0,1.0,0.49997756380593034,
national,svi_minority,svi,national-svi-tract-table,85396,857,0.010035598857089325,1064,0.0,0.9954,0.49809306355646504,
national,svi_housing_transport,svi,national-svi-tract-table,85396,1116,0.01306852779989695,9861,0.0,1.0,0.4999655897009967,
national,svi_pop,svi,national-svi-tract-table,85396,337,0.003946320670757413,8577,0.0,38907.0,3931.035810437461,
national,svi_year,svi,national-svi-tract-table,85396,0,0.0,1,2022.0,2022.0,2022.0,
national,cvi_covered,cvi,national-cvi-tract-table,85396,0,0.0,2,,,,
national,cvi_xwalk_coverage,cvi,national-cvi-tract-table,85396,362,0.004239074429715678,2,0.0,1.0,0.9889573582331773,
national,cvi_overall,cvi,national-cvi-tract-table,85396,1301,0.015234905616188113,76853,0.229955738577128,0.751814096886698,0.5020835642712295,
national,cvi_baseline,cvi,national-cvi-tract-table,85396,1301,0.015234905616188113,76937,0.1468804402808567,0.845724829962865,0.48495982497707646,
national,cvi_climate,cvi,national-cvi-tract-table,85396,1301,0.015234905616188113,76527,0.17677913613291,0.826423166831028,0.5249152166634334,
national,cvi_baseline_health,cvi,national-cvi-tract-table,85396,1301,0.015234905616188113,76876,0.0,1.0,0.4947955620607381,
national,cvi_baseline_socioeconomic,cvi,national-cvi-tract-table,85396,1301,0.015234905616188113,76814,0.00874649622835265,1.0,0.5098316052704672,
national,cvi_baseline_infrastructure,cvi,national-cvi-tract-table,85396,1301,0.015234905616188113,76852,0.0,1.0,0.47234412856859526,
national,cvi_baseline_environment,cvi,national-cvi-tract-table,85396,1301,0.015234905616188113,76948,0.0271545675850685,1.0,0.4628680040085051,
national,cvi_climate_health,cvi,national-cvi-tract-table,85396,1301,0.015234905616188113,75269,0.00028873799475523826,1.0,0.5312884984841636,
national,cvi_climate_socioeconomic,cvi,national-cvi-tract-table,85396,1301,0.015234905616188113,76667,0.0,1.0,0.535821673872506,
national,cvi_climate_extreme_events,cvi,national-cvi-tract-table,85396,1301,0.015234905616188113,73249,0.0616308400255964,1.0,0.5076354776336309,
national,cvi_source_vintage,cvi,national-cvi-tract-table,85396,0,0.0,1,2010.0,2010.0,2010.0,
national,ruca_covered,rurality,national-ruca-tract-table,85396,0,0.0,2,,,,
national,ruca_primary,rurality,national-ruca-tract-table,85396,5,5.8550751791653006e-05,11,1.0,99.0,2.7188579592697124,
national,ruca_primary_desc,rurality,national-ruca-tract-table,85396,5,5.8550751791653006e-05,11,,,,
national,ruca_secondary,rurality,national-ruca-tract-table,85396,5,5.8550751791653006e-05,22,1.0,99.0,2.7216849550889437,
national,ruca_pop_density,rurality,national-ruca-tract-table,85396,5,5.8550751791653006e-05,50712,0.0,287370.2,5401.783234767131,
national,ruca_year,rurality,national-ruca-tract-table,85396,0,0.0,1,2020.0,2020.0,2020.0,
national,rucc_covered,rurality,national-rucc-tract-table,85396,0,0.0,1,,,,
national,rucc_2023,rurality,national-rucc-tract-table,85396,0,0.0,9,1.0,9.0,2.2333481661904537,
national,rucc_desc,rurality,national-rucc-tract-table,85396,0,0.0,9,,,,
national,rucc_metro,rurality,national-rucc-tract-table,85396,0,0.0,2,,,,
national,rucc_year,rurality,national-rucc-tract-table,85396,0,0.0,1,2023.0,2023.0,2023.0,
national,nchs_covered,rurality,national-nchs-tract-table,85396,0,0.0,2,,,,
national,nchs_2013,rurality,national-nchs-tract-table,85396,981,0.01148765750152232,6,1.0,6.0,2.6665403068175086,
national,nchs_2013_label,rurality,national-nchs-tract-table,85396,981,0.01148765750152232,6,,,,
national,nchs_year,rurality,national-nchs-tract-table,85396,0,0.0,1,2013.0,2013.0,2013.0,
national,tribal_any,tribal,national-tribal-tract-table,85396,0,0.0,2,,,,
national,tribal_pct,tribal,national-tribal-tract-table,85396,0,0.0,1376,0.0,1.0,0.01706305981398751,
national,tribal_legal,tribal,national-tribal-tract-table,85396,0,0.0,2,,,,
national,tribal_legal_pct,tribal,national-tribal-tract-table,85396,0,0.0,1048,0.0,1.0,0.004091305606948846,
national,tribal_statistical,tribal,national-tribal-tract-table,85396,0,0.0,2,,,,
national,tribal_stat_pct,tribal,national-tribal-tract-table,85396,0,0.0,358,0.0,1.0,0.012971754207038664,
national,aiannh_geoid,tribal,national-tribal-tract-table,85396,82843,0.970103986135182,552,,,,
national,aiannh_name,tribal,national-tribal-tract-table,85396,82843,0.970103986135182,552,,,,
national,aiannh_kind,tribal,national-tribal-tract-table,85396,82843,0.970103986135182,2,,,,
national,usdm_covered,drought,national-usdm-drought-tract-table,85396,0,0.0,2,,,,
national,usdm_summer_dsci,drought,national-usdm-drought-tract-table,85396,362,0.004239074429715678,72943,0.0,264.5984120965424,70.20464378394612,
national,usdm_summer_pct_d0plus,drought,national-usdm-drought-tract-table,85396,362,0.004239074429715678,66216,0.0,89.02953584720788,34.591676828373295,
national,usdm_summer_pct_d2plus,drought,national-usdm-drought-tract-table,85396,362,0.004239074429715678,36916,0.0,58.602688276859695,10.131330555556717,
national,usdm_winter_dsci,drought,national-usdm-drought-tract-table,85396,362,0.004239074429715678,72363,0.0,285.04518868995103,81.35748829203406,
national,usdm_winter_pct_d0plus,drought,national-usdm-drought-tract-table,85396,362,0.004239074429715678,64516,0.0,97.42489270386268,39.76812155462534,
national,usdm_winter_pct_d2plus,drought,national-usdm-drought-tract-table,85396,362,0.004239074429715678,39554,0.0,62.8578470645197,11.541408528955793,
national,usdm_year_min,drought,national-usdm-drought-tract-table,85396,0,0.0,1,2015.0,2015.0,2015.0,
national,usdm_year_max,drought,national-usdm-drought-tract-table,85396,0,0.0,1,2023.0,2023.0,2023.0,
national,usfs_covered,wildfire,national-usfs-wildfire-tract-table,85396,0,0.0,2,,,,
national,usfs_BP_mean,wildfire,national-usfs-wildfire-tract-table,85396,1619,0.018958733430137244,79581,0.0,0.07138490984520655,0.0006071608257509561,
national,usfs_CFL_mean,wildfire,national-usfs-wildfire-tract-table,85396,1619,0.018958733430137244,79492,0.0,39.93672385406888,1.0616228160841117,
national,usfs_CRPS_mean,wildfire,national-usfs-wildfire-tract-table,85396,1619,0.018958733430137244,79591,0.0,80.6313009583027,14.462913122723622,
national,usfs_RPS_mean,wildfire,national-usfs-wildfire-tract-table,85396,1619,0.018958733430137244,79591,0.0,4.825893962935359,0.02384474923947681,
national,usfs_WHP_mean,wildfire,national-usfs-wildfire-tract-table,85396,1619,0.018958733430137244,79492,0.0,25629.853267309296,91.09264401861705,
national,usfs_Exposure_mean,wildfire,national-usfs-wildfire-tract-table,85396,1619,0.018958733430137244,79591,0.0,0.9999704799036001,0.40187229676556074,
national,usfs_FLEP4_mean,wildfire,national-usfs-wildfire-tract-table,85396,1619,0.018958733430137244,77088,0.0,0.8369975342444457,0.044620771214974944,
national,usfs_FLEP8_mean,wildfire,national-usfs-wildfire-tract-table,85396,1619,0.018958733430137244,65456,0.0,0.7089727814423945,0.010751299004705549,
national,usfs_CWiRRZ_majority_label,wildfire,national-usfs-wildfire-tract-table,85396,1619,0.018958733430137244,10,,,,
national,usfs_CWiRRZ_majority_zone4_label,wildfire,national-usfs-wildfire-tract-table,85396,4954,0.058012084875169796,4,,,,
national,usfs_BuildingCount_sum,wildfire,national-usfs-wildfire-tract-table,85396,1619,0.018958733430137244,83248,0.0,28587.911402027123,1740.6279117004315,
national,usfs_BuildingCover_mean,wildfire,national-usfs-wildfire-tract-table,85396,1619,0.018958733430137244,83527,0.0,81.10104942951213,9.747143570120267,
national,usfs_BuildingDensity_mean,wildfire,national-usfs-wildfire-tract-table,85396,1619,0.018958733430137244,83553,0.0,6766.7952484097805,426.4853435864359,
national,usfs_HUCount_sum,wildfire,national-usfs-wildfire-tract-table,85396,1619,0.018958733430137244,83384,0.0,12947.943663506558,1671.633873522139,
national,usfs_HUDen_mean,wildfire,national-usfs-wildfire-tract-table,85396,1619,0.018958733430137244,83512,0.0,49202.14375339076,846.6611702818699,
national,usfs_HUExposure_mean,wildfire,national-usfs-wildfire-tract-table,85396,1885,0.022073633425453182,79412,0.0,0.03277355692151045,4.284040102672988e-05,
national,usfs_HUImpact_mean,wildfire,national-usfs-wildfire-tract-table,85396,1885,0.022073633425453182,79403,0.0,108246735.35641833,1601906.37805204,
national,usfs_HURisk_mean,wildfire,national-usfs-wildfire-tract-table,85396,1885,0.022073633425453182,78007,0.0,2000937.9061032864,1355.4051320493247,
national,usfs_PopCount_sum,wildfire,national-usfs-wildfire-tract-table,85396,1619,0.018958733430137244,83407,0.0,36506.90737609071,4243.279169424266,
national,usfs_PopDen_mean,wildfire,national-usfs-wildfire-tract-table,85396,1619,0.018958733430137244,83537,0.0,93573.06840404142,2124.147996357806,
national,usfs_edition,wildfire,national-usfs-wildfire-tract-table,85396,0,0.0,1,,,,
national,usfs_extent,wildfire,national-usfs-wildfire-tract-table,85396,0,0.0,1,,,,
national,epht_covered,heat,national-epht-heat-tract-table,85396,0,0.0,2,,,,
national,epht_heat_days_summer,heat,national-epht-heat-tract-table,85396,1925,0.02254203943978641,173,6.444444444444445,23.333333333333332,11.427540414214908,
national,epht_heat_days_annual,heat,national-epht-heat-tract-table,85396,1925,0.02254203943978641,182,9.555555555555555,27.77777777777778,15.527359398266213,
national,epht_heat_events_summer,heat,national-epht-heat-tract-table,85396,1925,0.02254203943978641,173,2.2222222222222223,20.333333333333332,8.587062211405431,
national,epht_threshold,heat,national-epht-heat-tract-table,85396,0,0.0,1,,,,
national,epht_metric,heat,national-epht-heat-tract-table,85396,0,0.0,1,,,,
national,epht_year_min,heat,national-epht-heat-tract-table,85396,0,0.0,1,2015.0,2015.0,2015.0,
national,epht_year_max,heat,national-epht-heat-tract-table,85396,0,0.0,1,2023.0,2023.0,2023.0,
national,carbonplan_covered,wildfire,national-carbonplan-tract-table,85396,0,0.0,2,,,,
national,carbonplan_buildings,wildfire,national-carbonplan-tract-table,85396,1854,0.021710618764344936,5821,1.0,16919.0,1862.507768547557,
national,carbonplan_bp_2011_mean,wildfire,national-carbonplan-tract-table,85396,1854,0.021710618764344936,83101,0.0,0.06251707620967605,0.0006171225609057733,
national,carbonplan_bp_2011_median,wildfire,national-carbonplan-tract-table,85396,1854,0.021710618764344936,82331,0.0,0.06700342,0.0005690204298079712,
national,carbonplan_bp_2047_mean,wildfire,national-carbonplan-tract-table,85396,1854,0.021710618764344936,83098,0.0,0.13293157314133736,0.0008224832161528022,
national,carbonplan_crps_mean,wildfire,national-carbonplan-tract-table,85396,1854,0.021710618764344936,75954,0.0,75.48165464882204,12.185075214140351,
national,carbonplan_rps_2011_mean,wildfire,national-carbonplan-tract-table,85396,1854,0.021710618764344936,75861,0.0,2.8906611529308623,0.01584068462771697,
national,carbonplan_rps_2011_median,wildfire,national-carbonplan-tract-table,85396,1854,0.021710618764344936,37010,0.0,2.460282,0.01320026228269643,
national,carbonplan_rps_2047_mean,wildfire,national-carbonplan-tract-table,85396,1854,0.021710618764344936,75878,0.0,6.141614029261738,0.022360719073854805,
national,carbonplan_version,wildfire,national-carbonplan-tract-table,85396,0,0.0,1,,,,
national,usgs_covered,wildfire,national-usgs-combined-tract-table,85396,0,0.0,2,,,,
national,usgs_wildland_fire_burned_pct_area,wildfire,national-usgs-combined-tract-table,85396,4,4.68406014333224e-05,8947,0.0,100.0,1.5744806255837567,
national,usgs_wildfire_burned_pct_area,wildfire,national-usgs-combined-tract-table,85396,4,4.68406014333224e-05,7814,0.0,100.0,1.4036219861257275,
national,usgs_wildfire_pct_area_2plus,wildfire,national-usgs-combined-tract-table,85396,4,4.68406014333224e-05,3300,0.0,100.0,0.4541878993696393,
national,usgs_prescribed_burned_pct_area,wildfire,national-usgs-combined-tract-table,85396,735,0.008606960513372992,3995,0.0,83.25276112439275,0.2119768729008355,
national,usgs_wildfire_return_interval_years,wildfire,national-usgs-combined-tract-table,85396,77525,0.9078294065295799,4526,28.51371507729052,186.00006585450757,170.43696464484393,
national,usgs_wildfire_fires_per_burned_pixel,wildfire,national-usgs-combined-tract-table,85396,77525,0.9078294065295799,4593,0.9999996459436331,6.523176636079174,1.1589380553139963,
national,usgs_first_year_burned,wildfire,national-usgs-combined-tract-table,85396,77525,0.9078294065295799,139,1835.0,2020.0,1979.5438953119044,
national,usgs_last_year_burned,wildfire,national-usgs-combined-tract-table,85396,77521,0.9077825659281465,115,1878.0,2020.0,2005.4087619047618,
national,usgs_years_since_last_fire,wildfire,national-usgs-combined-tract-table,85396,77521,0.9077825659281465,115,0.0,142.0,14.591238095238095,
national,usgs_wildfire_ever,wildfire,national-usgs-combined-tract-table,85396,0,0.0,2,,,,
national,usgs_record_start,wildfire,national-usgs-combined-tract-table,85396,0,0.0,1,1835.0,1835.0,1835.0,
national,usgs_record_end,wildfire,national-usgs-combined-tract-table,85396,0,0.0,1,2020.0,2020.0,2020.0,
national,mtbs_covered,wildfire,national-mtbs-tract-table,85396,0,0.0,2,,,,
national,mtbs_wildfire_burned_pct_land,wildfire,national-mtbs-tract-table,85396,362,0.004239074429715678,4831,0.0,240.37027374594672,0.9914953339144552,
national,mtbs_wildfire_burned_km2,wildfire,national-mtbs-tract-table,85396,0,0.0,4834,0.0,34601.37873742052,8.206074899169755,
national,mtbs_wildfire_fires,wildfire,national-mtbs-tract-table,85396,0,0.0,85,0.0,254.0,0.2880462785142161,
national,mtbs_wildfire_last_year,wildfire,national-mtbs-tract-table,85396,80563,0.9434048433181882,40,1984.0,2023.0,2011.6743223670599,
national,mtbs_wildfire_ever,wildfire,national-mtbs-tract-table,85396,0,0.0,2,,,,
national,mtbs_years_since_wildfire,wildfire,national-mtbs-tract-table,85396,80563,0.9434048433181882,40,0.0,39.0,11.325677632940202,
national,mtbs_prescribed_burned_pct_land,wildfire,national-mtbs-tract-table,85396,362,0.004239074429715678,1461,0.0,285.8857801281887,0.18061541967727074,
national,mtbs_year_min,wildfire,national-mtbs-tract-table,85396,0,0.0,1,1984.0,1984.0,1984.0,
national,mtbs_year_max,wildfire,national-mtbs-tract-table,85396,0,0.0,1,2023.0,2023.0,2023.0,
national,mtbs_size_threshold,wildfire,national-mtbs-tract-table,85396,0,0.0,1,,,,
national,nifc_covered,wildfire,national-nifc-tract-table,85396,0,0.0,2,,,,
national,nifc_wildfire_burned_pct_land,wildfire,national-nifc-tract-table,85396,362,0.004239074429715678,7809,0.0,474.3479138166172,1.1758697259669817,
national,nifc_wildfire_burned_km2,wildfire,national-nifc-tract-table,85396,0,0.0,7812,0.0,46338.25535494326,9.769830496068316,
national,nifc_wildfire_fires,wildfire,national-nifc-tract-table,85396,0,0.0,219,0.0,1517.0,1.228219120333505,
national,nifc_wildfire_last_year,wildfire,national-nifc-tract-table,85396,77585,0.9085320155510797,42,1984.0,2025.0,2020.507489437972,
national,nifc_wildfire_ever,wildfire,national-nifc-tract-table,85396,0,0.0,2,,,,
national,nifc_years_since_wildfire,wildfire,national-nifc-tract-table,85396,77585,0.9085320155510797,42,0.0,41.0,4.49251056202791,
national,nifc_prescribed_burned_pct_land,wildfire,national-nifc-tract-table,85396,362,0.004239074429715678,1209,0.0,87.22777214545793,0.034642665623842564,
national,nifc_wildfire_fires_history,wildfire,national-nifc-tract-table,85396,0,0.0,187,0.0,1461.0,0.8094290130685278,
national,nifc_wildfire_fires_wfigs,wildfire,national-nifc-tract-table,85396,0,0.0,98,0.0,294.0,0.4187901072649773,
national,nifc_year_min,wildfire,national-nifc-tract-table,85396,0,0.0,1,1984.0,1984.0,1984.0,
national,nifc_year_max,wildfire,national-nifc-tract-table,85396,0,0.0,1,2025.0,2025.0,2025.0,
national,fod_covered,wildfire,national-fpa-fod-tract-table,85396,0,0.0,2,,,,
national,fod_fires,wildfire,national-fpa-fod-tract-table,85396,0,0.0,901,0.0,10331.0,26.974846597030307,
national,fod_acres_ignited,wildfire,national-fpa-fod-tract-table,85396,0,0.0,19939,0.0,8862266.35,2108.3829255624682,
national,fod_ignition_density,wildfire,national-fpa-fod-tract-table,85396,362,0.004239074429715678,49980,0.0,12115.625584261803,54.442419531495766,
national,fod_human_fires,wildfire,national-fpa-fod-tract-table,85396,0,0.0,684,0.0,10325.0,20.877839711461895,
national,fod_natural_fires,wildfire,national-fpa-fod-tract-table,85396,0,0.0,448,0.0,5627.0,3.832954705138414,
national,fod_large_fires,wildfire,national-fpa-fod-tract-table,85396,0,0.0,102,0.0,370.0,0.3708019110965385,
national,fod_human_share,wildfire,national-fpa-fod-tract-table,85396,35362,0.4140943369712867,4551,0.0,1.0,0.8194758107560891,
national,fod_human_share_classified,wildfire,national-fpa-fod-tract-table,85396,37682,0.4412618858026137,3366,0.0,1.0,0.9478016334291955,
national,fod_cause_unknown_share,wildfire,national-fpa-fod-tract-table,85396,35362,0.4140943369712867,3422,0.0,1.0,0.13346031932718785,
national,fod_last_fire_year,wildfire,national-fpa-fod-tract-table,85396,35362,0.4140943369712867,29,1992.0,2020.0,2015.7680177479315,
national,fod_largest_fire_acres,wildfire,national-fpa-fod-tract-table,85396,35362,0.4140943369712867,4926,0.0001,662700.0,1277.0562456892912,
national,fod_ever,wildfire,national-fpa-fod-tract-table,85396,0,0.0,2,,,,
national,fod_year_min,wildfire,national-fpa-fod-tract-table,85396,0,0.0,1,1992.0,1992.0,1992.0,
national,fod_year_max,wildfire,national-fpa-fod-tract-table,85396,0,0.0,1,2020.0,2020.0,2020.0,
national,fod_edition,wildfire,national-fpa-fod-tract-table,85396,0,0.0,1,,,,
national,ghcn_covered,heat,national-noaa-ghcn-tract-table,85396,0,0.0,1,,,,
national,ghcn_stations_in_tract,heat,national-noaa-ghcn-tract-table,85396,0,0.0,32,0.0,37.0,0.5667478570424844,
national,ghcn_temp_stations_in_tract,heat,national-noaa-ghcn-tract-table,85396,0,0.0,22,0.0,29.0,0.10543819382640873,
national,ghcn_any_nearest_km,heat,national-noaa-ghcn-tract-table,85396,0,0.0,85396,0.010973447544225665,1756.8955409339906,3.8354758274076515,
national,ghcn_temp_nearest_km,heat,national-noaa-ghcn-tract-table,85396,0,0.0,85396,0.013331919386901935,1756.8955409339906,9.4084916290024,
national,ghcn_prcp_nearest_km,heat,national-noaa-ghcn-tract-table,85396,0,0.0,85396,0.010973447544225665,1756.8955409339906,3.8877767937193126,
national,ghcn_any_within_25km,heat,national-noaa-ghcn-tract-table,85396,0,0.0,356,0.0,356.0,47.68498524521055,
national,ghcn_temp_within_25km,heat,national-noaa-ghcn-tract-table,85396,0,0.0,23,0.0,22.0,4.385439599044452,
national,ghcn_anchor_unreliable,heat,national-noaa-ghcn-tract-table,85396,0,0.0,2,,,,
national,ghcn_year_min,heat,national-noaa-ghcn-tract-table,85396,0,0.0,1,2015.0,2015.0,2015.0,
national,ghcn_year_max,heat,national-noaa-ghcn-tract-table,85396,0,0.0,1,2023.0,2023.0,2023.0,
national,cdcw_covered,heat,national-cdc-wonder-tract-table,85396,0,0.0,2,,,,
national,cdcw_grain,heat,national-cdc-wonder-tract-table,85396,0,0.0,1,,,,
national,hwd_maxtemp_mean,heat,national-cdc-wonder-tract-table,85396,1619,0.018958733430137244,98,4.2,7.5,6.073012927586242,
national,hwd_maxtemp_change,heat,national-cdc-wonder-tract-table,85396,1619,0.018958733430137244,526,-3.866666666666667,13.4,3.6741607410126638,
national,hwd_maxtemp_trend_days_per_decade,heat,national-cdc-wonder-tract-table,85396,1619,0.018958733430137244,2243,-1.9666295884315903,10.064516129032256,2.669769013221561,
national,hwd_maxtemp_trend_p,heat,national-cdc-wonder-tract-table,85396,1619,0.018958733430137244,3122,0.00014260821639375655,0.9999999999999999,0.2059022840255486,
national,hwd_maxtemp_never_defined,heat,national-cdc-wonder-tract-table,85396,0,0.0,1,,,,
national,hwd_heatindex_mean,heat,national-cdc-wonder-tract-table,85396,1619,0.018958733430137244,112,0.0,8.466666666666667,5.6179201249261945,
national,hwd_heatindex_change,heat,national-cdc-wonder-tract-table,85396,1619,0.018958733430137244,378,-3.333333333333333,9.466666666666667,2.885601438734907,
national,hwd_heatindex_trend_days_per_decade,heat,national-cdc-wonder-tract-table,85396,1619,0.018958733430137244,2058,-1.6484983314794213,6.625139043381535,2.1535326087378674,
national,hwd_heatindex_trend_p,heat,national-cdc-wonder-tract-table,85396,1900,0.02224928568082814,3112,7.924581813079093e-07,0.9983980432082253,0.18295245514926786,
national,hwd_heatindex_never_defined,heat,national-cdc-wonder-tract-table,85396,0,0.0,2,,,,
national,hwd_heatstress_mean,heat,national-cdc-wonder-tract-table,85396,1619,0.018958733430137244,224,0.0,7.1,5.3594223668006205,
national,hwd_heatstress_change,heat,national-cdc-wonder-tract-table,85396,1619,0.018958733430137244,476,-2.0666666666666664,8.933333333333334,2.1784795267605754,
national,hwd_heatstress_trend_days_per_decade,heat,national-cdc-wonder-tract-table,85396,1619,0.018958733430137244,2243,-1.268075639599555,6.269187986651835,1.6591050361852848,
national,hwd_heatstress_trend_p,heat,national-cdc-wonder-tract-table,85396,2455,0.028748419129701625,3011,0.00011202116773891276,1.0,0.290385009858465,
national,hwd_heatstress_never_defined,heat,national-cdc-wonder-tract-table,85396,0,0.0,2,,,,
national,cdcw_window_start,heat,national-cdc-wonder-tract-table,85396,0,0.0,1,1981.0,1981.0,1981.0,
national,cdcw_window_end,heat,national-cdc-wonder-tract-table,85396,0,0.0,1,2010.0,2010.0,2010.0,
national,gehe_covered,heat,national-nasa-heat-tract-table,85396,0,0.0,2,,,,
national,gehe_coverage_frac,heat,national-nasa-heat-tract-table,85396,0,0.0,43298,0.0,1.0,0.9959494939067676,
national,gehe_wbgt28_days_mean,heat,national-nasa-heat-tract-table,85396,14,0.0001639421050166284,62562,0.0,135.5460753952276,17.19743620635693,
national,gehe_wbgt28_days_change,heat,national-nasa-heat-tract-table,85396,14,0.0001639421050166284,58034,-7.299999999999999,62.24425869341391,2.6266644558362087,
national,gehe_wbgt28_trend_days_per_yr,heat,national-nasa-heat-tract-table,85396,14,0.0001639421050166284,5991,-0.10267379879951477,2.5314420997804583,0.05725371975001344,
national,gehe_wbgt30_days_mean,heat,national-nasa-heat-tract-table,85396,14,0.0001639421050166284,44793,0.0,72.53798762087648,2.1828467287165614,
national,gehe_wbgt30_days_change,heat,national-nasa-heat-tract-table,85396,14,0.0001639421050166284,39603,-3.4198775977755176,26.99719833517731,1.0387295040761677,
national,gehe_wbgt30_trend_days_per_yr,heat,national-nasa-heat-tract-table,85396,14,0.0001639421050166284,6047,-0.08697520163468594,1.0655252009589575,0.021782332402464355,
national,gehe_wbgt32_days_mean,heat,national-nasa-heat-tract-table,85396,14,0.0001639421050166284,5818,0.0,11.61524284732424,0.014432245970839412,
national,gehe_wbgt32_days_change,heat,national-nasa-heat-tract-table,85396,14,0.0001639421050166284,3695,-3.746574405648344,1.7694618049630177,0.0008905181647763785,
national,gehe_wbgt32_trend_days_per_yr,heat,national-nasa-heat-tract-table,85396,14,0.0001639421050166284,223,-0.15670497487814788,0.060682344324736494,-4.966114304626731e-05,
national,gehe_record_start,heat,national-nasa-heat-tract-table,85396,0,0.0,1,1983.0,1983.0,1983.0,
national,gehe_record_end,heat,national-nasa-heat-tract-table,85396,0,0.0,1,2016.0,2016.0,2016.0,
national,uhe_covered,heat,national-nasa-heat-tract-table,85396,0,0.0,2,,,,
national,uhe_city_name,heat,national-nasa-heat-tract-table,85396,40731,0.4769661342451637,331,,,,
national,uhe_city_country,heat,national-nasa-heat-tract-table,85396,40731,0.4769661342451637,4,,,,
national,uhe_overlap_frac,heat,national-nasa-heat-tract-table,85396,40731,0.4769661342451637,13620,2.65193039856148e-09,1.0,0.8529340184655366,
national,uhe_wbgtmax28_days_per_yr,heat,national-nasa-heat-tract-table,85396,40731,0.4769661342451637,242,0.0,135.05882352941177,17.678114855031904,
national,uhe_wbgtmax30_days_per_yr,heat,national-nasa-heat-tract-table,85396,40731,0.4769661342451637,124,0.0,70.8529411764706,2.1067337894521962,
national,uhe_himax461_days_per_yr,heat,national-nasa-heat-tract-table,85396,40731,0.4769661342451637,30,0.0,12.794117647058824,0.0801384160515208,
national,pmdi_covered,drought,national-drought-gov-tract-table,85396,0,0.0,2,,,,
national,pmdi_mean,drought,national-drought-gov-tract-table,85396,1827,0.02139444470467001,3030,-3.2334259259259257,4.881018518518518,0.16355740742761388,
national,pmdi_summer_mean,drought,national-drought-gov-tract-table,85396,1827,0.02139444470467001,2961,-3.1224074074074073,4.6429629629629625,0.12746249700218154,
national,pmdi_winter_mean,drought,national-drought-gov-tract-table,85396,1827,0.02139444470467001,2959,-3.386296296296296,5.119074074074074,0.1996523178530464,
national,pmdi_pct_months_severe,drought,national-drought-gov-tract-table,85396,1827,0.02139444470467001,71,0.0,57.407407407407405,10.418035213351915,
national,pmdi_recent_percentile,drought,national-drought-gov-tract-table,85396,1827,0.02139444470467001,126,9.848484848484848,95.45454545454545,55.15809439852358,
national,pmdi_mean_1895_2025,drought,national-drought-gov-tract-table,85396,1827,0.02139444470467001,3097,-0.592743979721166,1.5951647655259824,0.016921150505039326,
national,spi_covered,drought,national-drought-gov-tract-table,85396,0,0.0,2,,,,
national,spi_calibration,drought,national-drought-gov-tract-table,85396,85396,1.0,0,,,,
national,spi03_mean,drought,national-drought-gov-tract-table,85396,2156,0.025247084172560774,73149,-0.5941687123414416,0.9934578592697996,0.2046423934279683,
national,spi03_summer_mean,drought,national-drought-gov-tract-table,85396,2156,0.025247084172560774,73149,-0.8058488696409156,1.0604399125633683,0.18565951188894844,
national,spi03_winter_mean,drought,national-drought-gov-tract-table,85396,2156,0.025247084172560774,73149,-0.6084006280585641,1.1811838337306957,0.2531455789440992,
national,spi03_pct_months_d2,drought,national-drought-gov-tract-table,85396,2156,0.025247084172560774,25851,0.0,18.048565156381912,1.7141254149358605,
national,spi12_mean,drought,national-drought-gov-tract-table,85396,2156,0.025247084172560774,73150,-1.099576553257287,1.729770481065971,0.4282675769675318,
national,spi12_summer_mean,drought,national-drought-gov-tract-table,85396,2156,0.025247084172560774,73149,-1.1081215581478114,1.738809358622821,0.4296016067565256,
national,spi12_winter_mean,drought,national-drought-gov-tract-table,85396,2156,0.025247084172560774,73150,-1.1691738068349917,1.8723066525839298,0.44759660943400037,
national,spi12_pct_months_d2,drought,national-drought-gov-tract-table,85396,2156,0.025247084172560774,13087,0.0,21.73561592299626,1.2256788741889713,
national,drought_gov_window_start,drought,national-drought-gov-tract-table,85396,0,0.0,1,2015.0,2015.0,2015.0,
national,drought_gov_window_end,drought,national-drought-gov-tract-table,85396,0,0.0,1,2023.0,2023.0,2023.0,
maricopa-az,GEOID,geography,national-census-tract-table,1593,0,0.0,1593,,,,
maricopa-az,STATEFP,geography,national-census-tract-table,1593,0,0.0,2,,,,
maricopa-az,COUNTYFP,geography,national-census-tract-table,1593,0,0.0,15,,,,
maricopa-az,state_usps,geography,national-census-tract-table,1593,0,0.0,2,,,,
maricopa-az,state_name,geography,national-census-tract-table,1593,0,0.0,2,,,,
maricopa-az,ALAND,geography,national-census-tract-table,1593,0,0.0,1592,321048.0,8892508042.0,137129005.74262398,
maricopa-az,AWATER,geography,national-census-tract-table,1593,0,0.0,508,0.0,43704640.0,265790.95480225986,
maricopa-az,INTPTLAT,geography,national-census-tract-table,1593,0,0.0,1593,,,,
maricopa-az,INTPTLON,geography,national-census-tract-table,1593,0,0.0,1593,,,,
maricopa-az,pop_total,population,national-census-tract-table,1593,0,0.0,1380,0.0,13220.0,4147.202762084118,
maricopa-az,pop_urban,population,national-census-tract-table,1593,0,0.0,1288,0.0,12662.0,3768.5473948524796,
maricopa-az,pop_rural,population,national-census-tract-table,1593,0,0.0,363,0.0,8644.0,378.6553672316384,
maricopa-az,pct_urban,population,national-census-tract-table,1593,11,0.006905210295040804,307,0.0,1.0,0.8876206742767605,
maricopa-az,ur_class,population,national-census-tract-table,1593,11,0.006905210295040804,2,,,,
maricopa-az,tract_vintage,geography,national-census-tract-table,1593,0,0.0,1,2020.0,2020.0,2020.0,
maricopa-az,svi_covered,svi,national-svi-tract-table,1593,0,0.0,1,,,,
maricopa-az,svi_rank_universe,svi,national-svi-tract-table,1593,0,0.0,1,,,,
maricopa-az,svi_overall,svi,national-svi-tract-table,1593,29,0.01820464532328939,1445,0.0015,0.9997,0.5108939258312021,
maricopa-az,svi_socioeconomic,svi,national-svi-tract-table,1593,29,0.01820464532328939,1444,0.0008,0.9969,0.5038067135549872,
maricopa-az,svi_household,svi,national-svi-tract-table,1593,28,0.017576898932831136,1447,0.0052,0.999,0.5129349520766773,
maricopa-az,svi_minority,svi,national-svi-tract-table,1593,17,0.010671688637790333,748,0.0,0.9954,0.5668262055837563,
maricopa-az,svi_housing_transport,svi,national-svi-tract-table,1593,28,0.017576898932831136,1431,0.0,0.9999,0.49690696485623004,
maricopa-az,svi_pop,svi,national-svi-tract-table,1593,0,0.0,1385,0.0,13272.0,4159.288763339611,
maricopa-az,svi_year,svi,national-svi-tract-table,1593,0,0.0,1,2022.0,2022.0,2022.0,
maricopa-az,cvi_covered,cvi,national-cvi-tract-table,1593,0,0.0,1,,,,
maricopa-az,cvi_xwalk_coverage,cvi,national-cvi-tract-table,1593,0,0.0,1,1.0,1.0,1.0,
maricopa-az,cvi_overall,cvi,national-cvi-tract-table,1593,0,0.0,1487,0.376272173396355,0.653402580526005,0.5013107057608182,
maricopa-az,cvi_baseline,cvi,national-cvi-tract-table,1593,0,0.0,1482,0.3084876818378058,0.7728868825715091,0.5248570721285126,
maricopa-az,cvi_climate,cvi,national-cvi-tract-table,1593,0,0.0,1486,0.340408775865303,0.6921787501707167,0.4699155506038921,
maricopa-az,cvi_baseline_health,cvi,national-cvi-tract-table,1593,0,0.0,1482,0.279774405850538,0.874355099413421,0.5433414795070202,
maricopa-az,cvi_baseline_socioeconomic,cvi,national-cvi-tract-table,1593,0,0.0,1481,0.27894712868388677,1.0,0.602127023873633,
maricopa-az,cvi_baseline_infrastructure,cvi,national-cvi-tract-table,1593,0,0.0,1487,0.144801704198702,0.785024891141272,0.43626856220116234,
maricopa-az,cvi_baseline_environment,cvi,national-cvi-tract-table,1593,0,0.0,1476,0.107426751357568,0.900328035070818,0.5176912229322349,
maricopa-az,cvi_climate_health,cvi,national-cvi-tract-table,1593,0,0.0,1416,0.21857182454247004,0.743229713823026,0.5432366015109178,
maricopa-az,cvi_climate_socioeconomic,cvi,national-cvi-tract-table,1593,0,0.0,1483,0.254008862053575,0.6088864328578358,0.37117885737213124,
maricopa-az,cvi_climate_extreme_events,cvi,national-cvi-tract-table,1593,0,0.0,1475,0.294046067915903,0.8869274121438948,0.4953311929286274,
maricopa-az,cvi_source_vintage,cvi,national-cvi-tract-table,1593,0,0.0,1,2010.0,2010.0,2010.0,
maricopa-az,ruca_covered,rurality,national-ruca-tract-table,1593,0,0.0,1,,,,
maricopa-az,ruca_primary,rurality,national-ruca-tract-table,1593,0,0.0,10,1.0,10.0,1.807909604519774,
maricopa-az,ruca_primary_desc,rurality,national-ruca-tract-table,1593,0,0.0,10,,,,
maricopa-az,ruca_secondary,rurality,national-ruca-tract-table,1593,0,0.0,13,1.0,10.2,1.8097928436911488,
maricopa-az,ruca_pop_density,rurality,national-ruca-tract-table,1593,0,0.0,1533,0.0,36297.8,3816.364908976773,
maricopa-az,ruca_year,rurality,national-ruca-tract-table,1593,0,0.0,1,2020.0,2020.0,2020.0,
maricopa-az,rucc_covered,rurality,national-rucc-tract-table,1593,0,0.0,1,,,,
maricopa-az,rucc_2023,rurality,national-rucc-tract-table,1593,0,0.0,7,1.0,9.0,1.3929692404268676,
maricopa-az,rucc_desc,rurality,national-rucc-tract-table,1593,0,0.0,7,,,,
maricopa-az,rucc_metro,rurality,national-rucc-tract-table,1593,0,0.0,2,,,,
maricopa-az,rucc_year,rurality,national-rucc-tract-table,1593,0,0.0,1,2023.0,2023.0,2023.0,
maricopa-az,nchs_covered,rurality,national-nchs-tract-table,1593,0,0.0,1,,,,
maricopa-az,nchs_2013,rurality,national-nchs-tract-table,1593,0,0.0,6,1.0,6.0,1.8700564971751412,
maricopa-az,nchs_2013_label,rurality,national-nchs-tract-table,1593,0,0.0,6,,,,
maricopa-az,nchs_year,rurality,national-nchs-tract-table,1593,0,0.0,1,2013.0,2013.0,2013.0,
maricopa-az,tribal_any,tribal,national-tribal-tract-table,1593,0,0.0,2,,,,
maricopa-az,tribal_pct,tribal,national-tribal-tract-table,1593,0,0.0,43,0.0,1.0,0.016446425391982614,
maricopa-az,tribal_legal,tribal,national-tribal-tract-table,1593,0,0.0,2,,,,
maricopa-az,tribal_legal_pct,tribal,national-tribal-tract-table,1593,0,0.0,43,0.0,1.0,0.016446425391982614,
maricopa-az,tribal_statistical,tribal,national-tribal-tract-table,1593,0,0.0,1,,,,
maricopa-az,tribal_stat_pct,tribal,national-tribal-tract-table,1593,0,0.0,1,0.0,0.0,0.0,
maricopa-az,aiannh_geoid,tribal,national-tribal-tract-table,1593,1542,0.967984934086629,17,,,,
maricopa-az,aiannh_name,tribal,national-tribal-tract-table,1593,1542,0.967984934086629,17,,,,
maricopa-az,aiannh_kind,tribal,national-tribal-tract-table,1593,1542,0.967984934086629,1,,,,
maricopa-az,usdm_covered,drought,national-usdm-drought-tract-table,1593,0,0.0,1,,,,
maricopa-az,usdm_summer_dsci,drought,national-usdm-drought-tract-table,1593,0,0.0,1232,109.70568064951959,214.98352895312527,174.7254018522811,
maricopa-az,usdm_summer_pct_d0plus,drought,national-usdm-drought-tract-table,1593,0,0.0,1022,59.493670886075954,78.57489475644999,70.72996167855389,
maricopa-az,usdm_summer_pct_d2plus,drought,national-usdm-drought-tract-table,1593,0,0.0,912,19.05903461626755,40.768902946150256,27.31129325423011,
maricopa-az,usdm_winter_dsci,drought,national-usdm-drought-tract-table,1593,0,0.0,1288,115.77374689293953,245.3013667978718,190.52267157581625,
maricopa-az,usdm_winter_pct_d0plus,drought,national-usdm-drought-tract-table,1593,0,0.0,1072,67.38197374214774,95.91157268650734,87.85615112792199,
maricopa-az,usdm_winter_pct_d2plus,drought,national-usdm-drought-tract-table,1593,0,0.0,980,6.416818238043262,45.85093225368176,26.030019733923865,
maricopa-az,usdm_year_min,drought,national-usdm-drought-tract-table,1593,0,0.0,1,2015.0,2015.0,2015.0,
maricopa-az,usdm_year_max,drought,national-usdm-drought-tract-table,1593,0,0.0,1,2023.0,2023.0,2023.0,
maricopa-az,usfs_covered,wildfire,national-usfs-wildfire-tract-table,1593,0,0.0,1,,,,
maricopa-az,usfs_BP_mean,wildfire,national-usfs-wildfire-tract-table,1593,0,0.0,1582,0.0,0.028698678982704954,0.001144139395890721,
maricopa-az,usfs_CFL_mean,wildfire,national-usfs-wildfire-tract-table,1593,0,0.0,1581,0.0,20.739964642096194,1.6378526387917829,
maricopa-az,usfs_CRPS_mean,wildfire,national-usfs-wildfire-tract-table,1593,0,0.0,1582,0.0,72.29081307705577,17.187952665614674,
maricopa-az,usfs_RPS_mean,wildfire,national-usfs-wildfire-tract-table,1593,0,0.0,1582,0.0,1.8827084824252651,0.05062006510109124,
maricopa-az,usfs_WHP_mean,wildfire,national-usfs-wildfire-tract-table,1593,0,0.0,1581,0.0,8063.972715246268,181.21687616688948,
maricopa-az,usfs_Exposure_mean,wildfire,national-usfs-wildfire-tract-table,1593,0,0.0,1582,0.0,0.9985630956385317,0.333896604623904,
maricopa-az,usfs_FLEP4_mean,wildfire,national-usfs-wildfire-tract-table,1593,0,0.0,1580,0.0,0.6392732032273104,0.0937178878574699,
maricopa-az,usfs_FLEP8_mean,wildfire,national-usfs-wildfire-tract-table,1593,0,0.0,1121,0.0,0.4460710807685786,0.015026580761802584,
maricopa-az,usfs_CWiRRZ_majority_label,wildfire,national-usfs-wildfire-tract-table,1593,0,0.0,9,,,,
maricopa-az,usfs_CWiRRZ_majority_zone4_label,wildfire,national-usfs-wildfire-tract-table,1593,109,0.06842435655994979,4,,,,
maricopa-az,usfs_BuildingCount_sum,wildfire,national-usfs-wildfire-tract-table,1593,0,0.0,1589,2.4667940735816956,28587.911402027123,1723.85201970549,
maricopa-az,usfs_BuildingCover_mean,wildfire,national-usfs-wildfire-tract-table,1593,0,0.0,1593,6.150610204335531e-05,42.246755156169755,13.465515851028695,
maricopa-az,usfs_BuildingDensity_mean,wildfire,national-usfs-wildfire-tract-table,1593,0,0.0,1593,0.0021400218361751562,2119.429403462417,477.21512494512604,
maricopa-az,usfs_HUCount_sum,wildfire,national-usfs-wildfire-tract-table,1593,0,0.0,1589,0.0,7632.872925725159,1765.0911094958656,
maricopa-az,usfs_HUDen_mean,wildfire,national-usfs-wildfire-tract-table,1593,0,0.0,1592,0.0,5908.828781627269,605.675607960636,
maricopa-az,usfs_HUExposure_mean,wildfire,national-usfs-wildfire-tract-table,1593,2,0.0012554927809165098,1580,0.0,0.0022152494561702048,7.764760638983176e-05,
maricopa-az,usfs_HUImpact_mean,wildfire,national-usfs-wildfire-tract-table,1593,2,0.0012554927809165098,1580,0.0,16987199.674411193,1968776.597431527,
maricopa-az,usfs_HURisk_mean,wildfire,national-usfs-wildfire-tract-table,1593,2,0.0012554927809165098,1542,0.0,87041.6271600968,2995.04997199197,
maricopa-az,usfs_PopCount_sum,wildfire,national-usfs-wildfire-tract-table,1593,0,0.0,1591,0.0,15905.336427111664,4577.17212812013,
maricopa-az,usfs_PopDen_mean,wildfire,national-usfs-wildfire-tract-table,1593,0,0.0,1593,0.0,14114.57059194822,1618.017462432374,
maricopa-az,usfs_edition,wildfire,national-usfs-wildfire-tract-table,1593,0,0.0,1,,,,
maricopa-az,usfs_extent,wildfire,national-usfs-wildfire-tract-table,1593,0,0.0,1,,,,
maricopa-az,epht_covered,heat,national-epht-heat-tract-table,1593,0,0.0,1,,,,
maricopa-az,epht_heat_days_summer,heat,national-epht-heat-tract-table,1593,0,0.0,44,10.88888888888889,16.666666666666668,14.976564134756224,
maricopa-az,epht_heat_days_annual,heat,national-epht-heat-tract-table,1593,0,0.0,51,14.777777777777779,21.11111111111111,19.4030131826742,
maricopa-az,epht_heat_events_summer,heat,national-epht-heat-tract-table,1593,0,0.0,50,8.88888888888889,15.88888888888889,13.066262118992816,
maricopa-az,epht_threshold,heat,national-epht-heat-tract-table,1593,0,0.0,1,,,,
maricopa-az,epht_metric,heat,national-epht-heat-tract-table,1593,0,0.0,1,,,,
maricopa-az,epht_year_min,heat,national-epht-heat-tract-table,1593,0,0.0,1,2015.0,2015.0,2015.0,
maricopa-az,epht_year_max,heat,national-epht-heat-tract-table,1593,0,0.0,1,2023.0,2023.0,2023.0,
maricopa-az,carbonplan_covered,wildfire,national-carbonplan-tract-table,1593,0,0.0,1,,,,
maricopa-az,carbonplan_buildings,wildfire,national-carbonplan-tract-table,1593,0,0.0,1209,2.0,10302.0,1824.4607658505963,
maricopa-az,carbonplan_bp_2011_mean,wildfire,national-carbonplan-tract-table,1593,0,0.0,1593,0.0,0.02251959995142055,0.0010208984017221628,
maricopa-az,carbonplan_bp_2011_median,wildfire,national-carbonplan-tract-table,1593,0,0.0,1582,0.0,0.023232413,0.0009490090642940423,
maricopa-az,carbonplan_bp_2047_mean,wildfire,national-carbonplan-tract-table,1593,0,0.0,1593,0.0,0.029645555085699448,0.0015402370921613214,
maricopa-az,carbonplan_crps_mean,wildfire,national-carbonplan-tract-table,1593,0,0.0,1548,0.0,60.7444306894201,14.715582533759317,
maricopa-az,carbonplan_rps_2011_mean,wildfire,national-carbonplan-tract-table,1593,0,0.0,1542,0.0,1.0594743602404106,0.03496386743066354,
maricopa-az,carbonplan_rps_2011_median,wildfire,national-carbonplan-tract-table,1593,0,0.0,644,0.0,0.8518884,0.03050479390173258,
maricopa-az,carbonplan_rps_2047_mean,wildfire,national-carbonplan-tract-table,1593,0,0.0,1540,0.0,1.3791444887649638,0.052771084939389215,
maricopa-az,carbonplan_version,wildfire,national-carbonplan-tract-table,1593,0,0.0,1,,,,
maricopa-az,usgs_covered,wildfire,national-usgs-combined-tract-table,1593,0,0.0,1,,,,
maricopa-az,usgs_wildland_fire_burned_pct_area,wildfire,national-usgs-combined-tract-table,1593,0,0.0,242,0.0,100.0,2.329941088785952,
maricopa-az,usgs_wildfire_burned_pct_area,wildfire,national-usgs-combined-tract-table,1593,0,0.0,231,0.0,100.0,2.1257350070319907,
maricopa-az,usgs_wildfire_pct_area_2plus,wildfire,national-usgs-combined-tract-table,1593,0,0.0,93,0.0,66.10667840601447,0.29305095042868956,
maricopa-az,usgs_prescribed_burned_pct_area,wildfire,national-usgs-combined-tract-table,1593,0,0.0,95,0.0,28.838910361518778,0.2610406450890813,
maricopa-az,usgs_wildfire_return_interval_years,wildfire,national-usgs-combined-tract-table,1593,1363,0.8556183301946014,159,91.95342126493448,186.00000000829496,174.99865445703645,
maricopa-az,usgs_wildfire_fires_per_burned_pixel,wildfire,national-usgs-combined-tract-table,1593,1363,0.8556183301946014,162,0.9999999999554035,2.0227632364444634,1.0833315687092444,
maricopa-az,usgs_first_year_burned,wildfire,national-usgs-combined-tract-table,1593,1363,0.8556183301946014,61,1910.0,2020.0,1989.3086956521738,
maricopa-az,usgs_last_year_burned,wildfire,national-usgs-combined-tract-table,1593,1365,0.8568738229755178,27,1936.0,2020.0,2011.938596491228,
maricopa-az,usgs_years_since_last_fire,wildfire,national-usgs-combined-tract-table,1593,1365,0.8568738229755178,27,0.0,84.0,8.06140350877193,
maricopa-az,usgs_wildfire_ever,wildfire,national-usgs-combined-tract-table,1593,0,0.0,2,,,,
maricopa-az,usgs_record_start,wildfire,national-usgs-combined-tract-table,1593,0,0.0,1,1835.0,1835.0,1835.0,
maricopa-az,usgs_record_end,wildfire,national-usgs-combined-tract-table,1593,0,0.0,1,2020.0,2020.0,2020.0,
maricopa-az,mtbs_covered,wildfire,national-mtbs-tract-table,1593,0,0.0,1,,,,
maricopa-az,mtbs_wildfire_burned_pct_land,wildfire,national-mtbs-tract-table,1593,0,0.0,167,0.0,150.64524493934212,1.8962976444361803,
maricopa-az,mtbs_wildfire_burned_km2,wildfire,national-mtbs-tract-table,1593,0,0.0,167,0.0,2435.6006597761184,19.273075528028258,
maricopa-az,mtbs_wildfire_fires,wildfire,national-mtbs-tract-table,1593,0,0.0,31,0.0,77.0,0.7489014438166981,
maricopa-az,mtbs_wildfire_last_year,wildfire,national-mtbs-tract-table,1593,1427,0.8957940991839297,27,1987.0,2023.0,2013.5301204819277,
maricopa-az,mtbs_wildfire_ever,wildfire,national-mtbs-tract-table,1593,0,0.0,2,,,,
maricopa-az,mtbs_years_since_wildfire,wildfire,national-mtbs-tract-table,1593,1427,0.8957940991839297,27,0.0,36.0,9.46987951807229,
maricopa-az,mtbs_prescribed_burned_pct_land,wildfire,national-mtbs-tract-table,1593,0,0.0,52,0.0,25.189753397044395,0.117699054704987,
maricopa-az,mtbs_year_min,wildfire,national-mtbs-tract-table,1593,0,0.0,1,1984.0,1984.0,1984.0,
maricopa-az,mtbs_year_max,wildfire,national-mtbs-tract-table,1593,0,0.0,1,2023.0,2023.0,2023.0,
maricopa-az,mtbs_size_threshold,wildfire,national-mtbs-tract-table,1593,0,0.0,1,,,,
maricopa-az,nifc_covered,wildfire,national-nifc-tract-table,1593,0,0.0,1,,,,
maricopa-az,nifc_wildfire_burned_pct_land,wildfire,national-nifc-tract-table,1593,0,0.0,204,0.0,140.70456054256962,1.8670163260455568,
maricopa-az,nifc_wildfire_burned_km2,wildfire,national-nifc-tract-table,1593,0,0.0,204,0.0,2701.458734603685,20.157437660746098,
maricopa-az,nifc_wildfire_fires,wildfire,national-nifc-tract-table,1593,0,0.0,52,0.0,404.0,2.5134965473948525,
maricopa-az,nifc_wildfire_last_year,wildfire,national-nifc-tract-table,1593,1390,0.8725674827369743,19,1993.0,2025.0,2021.6847290640394,
maricopa-az,nifc_wildfire_ever,wildfire,national-nifc-tract-table,1593,0,0.0,2,,,,
maricopa-az,nifc_years_since_wildfire,wildfire,national-nifc-tract-table,1593,1390,0.8725674827369743,19,0.0,32.0,3.315270935960591,
maricopa-az,nifc_prescribed_burned_pct_land,wildfire,national-nifc-tract-table,1593,0,0.0,12,0.0,3.7242957295024257,0.004494427304922777,
maricopa-az,nifc_wildfire_fires_history,wildfire,national-nifc-tract-table,1593,0,0.0,39,0.0,339.0,1.4620213433772755,
maricopa-az,nifc_wildfire_fires_wfigs,wildfire,national-nifc-tract-table,1593,0,0.0,35,0.0,106.0,1.051475204017577,
maricopa-az,nifc_year_min,wildfire,national-nifc-tract-table,1593,0,0.0,1,1984.0,1984.0,1984.0,
maricopa-az,nifc_year_max,wildfire,national-nifc-tract-table,1593,0,0.0,1,2025.0,2025.0,2025.0,
maricopa-az,fod_covered,wildfire,national-fpa-fod-tract-table,1593,0,0.0,1,,,,
maricopa-az,fod_fires,wildfire,national-fpa-fod-tract-table,1593,0,0.0,188,0.0,6921.0,56.099811676082865,
maricopa-az,fod_acres_ignited,wildfire,national-fpa-fod-tract-table,1593,0,0.0,717,0.0,745908.7100000001,4509.897406773383,
maricopa-az,fod_ignition_density,wildfire,national-fpa-fod-tract-table,1593,0,0.0,1546,0.0,2456.500651272595,198.28760849741337,
maricopa-az,fod_human_fires,wildfire,national-fpa-fod-tract-table,1593,0,0.0,146,0.0,5016.0,29.96735718769617,
maricopa-az,fod_natural_fires,wildfire,national-fpa-fod-tract-table,1593,0,0.0,91,0.0,4227.0,15.817953546767106,
maricopa-az,fod_large_fires,wildfire,national-fpa-fod-tract-table,1593,0,0.0,33,0.0,91.0,0.8204645323289391,
maricopa-az,fod_human_share,wildfire,national-fpa-fod-tract-table,1593,48,0.030131826741996232,452,0.0,1.0,0.47559113023665667,
maricopa-az,fod_human_share_classified,wildfire,national-fpa-fod-tract-table,1593,186,0.1167608286252354,216,0.0,1.0,0.9338289549307944,
maricopa-az,fod_cause_unknown_share,wildfire,national-fpa-fod-tract-table,1593,48,0.030131826741996232,446,0.0,1.0,0.48067268444939043,
maricopa-az,fod_last_fire_year,wildfire,national-fpa-fod-tract-table,1593,48,0.030131826741996232,18,1993.0,2020.0,2018.8802588996764,
maricopa-az,fod_largest_fire_acres,wildfire,national-fpa-fod-tract-table,1593,48,0.030131826741996232,240,0.01,538049.0,2005.100653721683,
maricopa-az,fod_ever,wildfire,national-fpa-fod-tract-table,1593,0,0.0,2,,,,
maricopa-az,fod_year_min,wildfire,national-fpa-fod-tract-table,1593,0,0.0,1,1992.0,1992.0,1992.0,
maricopa-az,fod_year_max,wildfire,national-fpa-fod-tract-table,1593,0,0.0,1,2020.0,2020.0,2020.0,
maricopa-az,fod_edition,wildfire,national-fpa-fod-tract-table,1593,0,0.0,1,,,,
maricopa-az,ghcn_covered,heat,national-noaa-ghcn-tract-table,1593,0,0.0,1,,,,
maricopa-az,ghcn_stations_in_tract,heat,national-noaa-ghcn-tract-table,1593,0,0.0,16,0.0,17.0,0.6698053986189579,
maricopa-az,ghcn_temp_stations_in_tract,heat,national-noaa-ghcn-tract-table,1593,0,0.0,8,0.0,12.0,0.12115505335844319,
maricopa-az,ghcn_any_nearest_km,heat,national-noaa-ghcn-tract-table,1593,0,0.0,1593,0.011514972502965215,63.88421641830886,3.052325278627924,
maricopa-az,ghcn_temp_nearest_km,heat,national-noaa-ghcn-tract-table,1593,0,0.0,1593,0.3361423425154672,64.54171031748724,9.737610343316653,
maricopa-az,ghcn_prcp_nearest_km,heat,national-noaa-ghcn-tract-table,1593,0,0.0,1593,0.011514972502965215,63.88421641830886,3.168937380843925,
maricopa-az,ghcn_any_within_25km,heat,national-noaa-ghcn-tract-table,1593,0,0.0,202,0.0,205.0,95.66038920276209,
maricopa-az,ghcn_temp_within_25km,heat,national-noaa-ghcn-tract-table,1593,0,0.0,13,0.0,12.0,4.720652856246077,
maricopa-az,ghcn_anchor_unreliable,heat,national-noaa-ghcn-tract-table,1593,0,0.0,2,,,,
maricopa-az,ghcn_year_min,heat,national-noaa-ghcn-tract-table,1593,0,0.0,1,2015.0,2015.0,2015.0,
maricopa-az,ghcn_year_max,heat,national-noaa-ghcn-tract-table,1593,0,0.0,1,2023.0,2023.0,2023.0,
maricopa-az,cdcw_covered,heat,national-cdc-wonder-tract-table,1593,0,0.0,1,,,,
maricopa-az,cdcw_grain,heat,national-cdc-wonder-tract-table,1593,0,0.0,1,,,,
maricopa-az,hwd_maxtemp_mean,heat,national-cdc-wonder-tract-table,1593,0,0.0,13,6.233333333333333,7.0,6.3090604729022814,
maricopa-az,hwd_maxtemp_change,heat,national-cdc-wonder-tract-table,1593,0,0.0,13,3.3999999999999995,5.533333333333333,4.543712073655575,
maricopa-az,hwd_maxtemp_trend_days_per_decade,heat,national-cdc-wonder-tract-table,1593,0,0.0,15,2.307007786429366,3.793103448275862,3.2599659103684293,
maricopa-az,hwd_maxtemp_trend_p,heat,national-cdc-wonder-tract-table,1593,0,0.0,16,0.0023285445002146866,0.05297527217377257,0.005907777151719588,
maricopa-az,hwd_maxtemp_never_defined,heat,national-cdc-wonder-tract-table,1593,0,0.0,1,,,,
maricopa-az,hwd_heatindex_mean,heat,national-cdc-wonder-tract-table,1593,0,0.0,10,6.133333333333334,6.866666666666666,6.282778824021762,
maricopa-az,hwd_heatindex_change,heat,national-cdc-wonder-tract-table,1593,0,0.0,16,1.2666666666666666,5.333333333333334,1.8349445490688427,
maricopa-az,hwd_heatindex_trend_days_per_decade,heat,national-cdc-wonder-tract-table,1593,0,0.0,16,0.7474972191323692,4.026696329254728,1.441797295872445,
maricopa-az,hwd_heatindex_trend_p,heat,national-cdc-wonder-tract-table,1593,0,0.0,16,0.0013791432634815055,0.48808927625349713,0.26091306326865316,
maricopa-az,hwd_heatindex_never_defined,heat,national-cdc-wonder-tract-table,1593,0,0.0,1,,,,
maricopa-az,hwd_heatstress_mean,heat,national-cdc-wonder-tract-table,1593,0,0.0,13,6.166666666666667,7.0,6.446913580246914,
maricopa-az,hwd_heatstress_change,heat,national-cdc-wonder-tract-table,1593,0,0.0,16,-1.0666666666666664,5.133333333333333,0.2384599288554091,
maricopa-az,hwd_heatstress_trend_days_per_decade,heat,national-cdc-wonder-tract-table,1593,0,0.0,16,-0.6273637374860958,3.797552836484983,0.2718651609132557,
maricopa-az,hwd_heatstress_trend_p,heat,national-cdc-wonder-tract-table,1593,0,0.0,16,0.0004908927738237515,0.6628002526473546,0.42185145661376966,
maricopa-az,hwd_heatstress_never_defined,heat,national-cdc-wonder-tract-table,1593,0,0.0,1,,,,
maricopa-az,cdcw_window_start,heat,national-cdc-wonder-tract-table,1593,0,0.0,1,1981.0,1981.0,1981.0,
maricopa-az,cdcw_window_end,heat,national-cdc-wonder-tract-table,1593,0,0.0,1,2010.0,2010.0,2010.0,
maricopa-az,gehe_covered,heat,national-nasa-heat-tract-table,1593,0,0.0,1,,,,
maricopa-az,gehe_coverage_frac,heat,national-nasa-heat-tract-table,1593,0,0.0,796,0.9999999414126998,1.0,0.9999999923165758,
maricopa-az,gehe_wbgt28_days_mean,heat,national-nasa-heat-tract-table,1593,0,0.0,1177,0.0,93.92135219334418,64.6406606157295,
maricopa-az,gehe_wbgt28_days_change,heat,national-nasa-heat-tract-table,1593,0,0.0,1067,-5.44847540645072,11.021498058524017,6.314730043046709,
maricopa-az,gehe_wbgt28_trend_days_per_yr,heat,national-nasa-heat-tract-table,1593,0,0.0,203,0.0,0.3627307247654688,0.02746837784167566,
maricopa-az,gehe_wbgt30_days_mean,heat,national-nasa-heat-tract-table,1593,0,0.0,1064,0.0,40.10810797526614,18.432006912735886,
maricopa-az,gehe_wbgt30_days_change,heat,national-nasa-heat-tract-table,1593,0,0.0,1006,-2.7419294127780915,5.41199251851797,0.6732017696730098,
maricopa-az,gehe_wbgt30_trend_days_per_yr,heat,national-nasa-heat-tract-table,1593,0,0.0,33,-0.002034024444807866,0.04140565171837807,0.0002869046180371905,
maricopa-az,gehe_wbgt32_days_mean,heat,national-nasa-heat-tract-table,1593,0,0.0,470,0.0,0.8235375312542819,0.0751479372656165,
maricopa-az,gehe_wbgt32_days_change,heat,national-nasa-heat-tract-table,1593,0,0.0,406,-0.6000000000000001,0.06135094504121613,-0.14644814151709162,
maricopa-az,gehe_wbgt32_trend_days_per_yr,heat,national-nasa-heat-tract-table,1593,0,0.0,63,-0.0186401829123497,0.0005603512714640146,-0.0004399788965524503,
maricopa-az,gehe_record_start,heat,national-nasa-heat-tract-table,1593,0,0.0,1,1983.0,1983.0,1983.0,
maricopa-az,gehe_record_end,heat,national-nasa-heat-tract-table,1593,0,0.0,1,2016.0,2016.0,2016.0,
maricopa-az,uhe_covered,heat,national-nasa-heat-tract-table,1593,0,0.0,2,,,,
maricopa-az,uhe_city_name,heat,national-nasa-heat-tract-table,1593,490,0.3075957313245449,5,,,,
maricopa-az,uhe_city_country,heat,national-nasa-heat-tract-table,1593,490,0.3075957313245449,2,,,,
maricopa-az,uhe_overlap_frac,heat,national-nasa-heat-tract-table,1593,490,0.3075957313245449,298,3.075893482199291e-05,1.0,0.8850925711416628,
maricopa-az,uhe_wbgtmax28_days_per_yr,heat,national-nasa-heat-tract-table,1593,490,0.3075957313245449,5,0.7647058823529411,84.76470588235294,76.55626366593783,
maricopa-az,uhe_wbgtmax30_days_per_yr,heat,national-nasa-heat-tract-table,1593,490,0.3075957313245449,4,0.0,24.705882352941178,20.61810036798038,
maricopa-az,uhe_himax461_days_per_yr,heat,national-nasa-heat-tract-table,1593,490,0.3075957313245449,3,0.0,0.47058823529411764,0.3898458748866727,
maricopa-az,pmdi_covered,drought,national-drought-gov-tract-table,1593,0,0.0,1,,,,
maricopa-az,pmdi_mean,drought,national-drought-gov-tract-table,1593,0,0.0,16,-2.2956481481481483,-0.48314814814814816,-1.1953234637650831,
maricopa-az,pmdi_summer_mean,drought,national-drought-gov-tract-table,1593,0,0.0,16,-2.330740740740741,-0.6807407407407408,-1.355589732859036,
maricopa-az,pmdi_winter_mean,drought,national-drought-gov-tract-table,1593,0,0.0,16,-2.2605555555555554,-0.2855555555555555,-1.0350571946711307,
maricopa-az,pmdi_pct_months_severe,drought,national-drought-gov-tract-table,1593,0,0.0,11,15.74074074074074,40.74074074074074,23.759619632187114,
maricopa-az,pmdi_recent_percentile,drought,national-drought-gov-tract-table,1593,0,0.0,14,22.727272727272727,46.96969696969697,35.980806178546295,
maricopa-az,pmdi_mean_1895_2025,drought,national-drought-gov-tract-table,1593,0,0.0,16,-0.55510773130545,-0.013117870722433454,-0.12449459652774297,
maricopa-az,spi_covered,drought,national-drought-gov-tract-table,1593,0,0.0,1,,,,
maricopa-az,spi_calibration,drought,national-drought-gov-tract-table,1593,1593,1.0,0,,,,
maricopa-az,spi03_mean,drought,national-drought-gov-tract-table,1593,0,0.0,1382,-0.3845668455864307,0.0827050657554328,-0.22638941355223888,
maricopa-az,spi03_summer_mean,drought,national-drought-gov-tract-table,1593,0,0.0,1382,-0.49201138397634214,0.16979091108099836,-0.29320890776392394,
maricopa-az,spi03_winter_mean,drought,national-drought-gov-tract-table,1593,0,0.0,1382,-0.35378715366420005,0.27581717378816845,-0.09821217433254895,
maricopa-az,spi03_pct_months_d2,drought,national-drought-gov-tract-table,1593,0,0.0,603,2.9120603745162366,12.193450145245903,7.483434560343125,
maricopa-az,spi12_mean,drought,national-drought-gov-tract-table,1593,0,0.0,1382,-0.46142592210570427,0.35745115636414754,-0.19937439914701563,
maricopa-az,spi12_summer_mean,drought,national-drought-gov-tract-table,1593,0,0.0,1382,-0.41968003232089035,0.3827495236679278,-0.174379566486636,
maricopa-az,spi12_winter_mean,drought,national-drought-gov-tract-table,1593,0,0.0,1382,-0.5247678957275809,0.31213959248379286,-0.22605397264312665,
maricopa-az,spi12_pct_months_d2,drought,national-drought-gov-tract-table,1593,0,0.0,498,0.7838826688547177,14.814814567565916,5.171315984734554,
maricopa-az,drought_gov_window_start,drought,national-drought-gov-tract-table,1593,0,0.0,1,2015.0,2015.0,2015.0,
maricopa-az,drought_gov_window_end,drought,national-drought-gov-tract-table,1593,0,0.0,1,2023.0,2023.0,2023.0,
northern-ca,GEOID,geography,national-census-tract-table,591,0,0.0,591,,,,
northern-ca,STATEFP,geography,national-census-tract-table,591,0,0.0,1,,,,
northern-ca,COUNTYFP,geography,national-census-tract-table,591,0,0.0,24,,,,
northern-ca,state_usps,geography,national-census-tract-table,591,0,0.0,1,,,,
northern-ca,state_name,geography,national-census-tract-table,591,0,0.0,1,,,,
northern-ca,ALAND,geography,national-census-tract-table,591,0,0.0,591,280664.0,7529615914.0,187277293.59729272,
northern-ca,AWATER,geography,national-census-tract-table,591,0,0.0,312,0.0,466345593.0,3763216.3976311334,
northern-ca,INTPTLAT,geography,national-census-tract-table,591,0,0.0,591,,,,
northern-ca,INTPTLON,geography,national-census-tract-table,591,0,0.0,591,,,,
northern-ca,pop_total,population,national-census-tract-table,591,0,0.0,562,218.0,11223.0,4160.560067681895,
northern-ca,pop_urban,population,national-census-tract-table,591,0,0.0,465,0.0,11223.0,3271.901861252115,
northern-ca,pop_rural,population,national-census-tract-table,591,0,0.0,270,0.0,8786.0,888.6582064297801,
northern-ca,pct_urban,population,national-census-tract-table,591,0,0.0,185,0.0,1.0,0.7419683142032086,
northern-ca,ur_class,population,national-census-tract-table,591,0,0.0,2,,,,
northern-ca,tract_vintage,geography,national-census-tract-table,591,0,0.0,1,2020.0,2020.0,2020.0,
northern-ca,svi_covered,svi,national-svi-tract-table,591,0,0.0,1,,,,
northern-ca,svi_rank_universe,svi,national-svi-tract-table,591,0,0.0,1,,,,
northern-ca,svi_overall,svi,national-svi-tract-table,591,0,0.0,573,0.0002,0.9983,0.5600191201353638,
northern-ca,svi_socioeconomic,svi,national-svi-tract-table,591,0,0.0,568,0.0013,0.9933,0.5109942470389172,
northern-ca,svi_household,svi,national-svi-tract-table,591,0,0.0,574,0.0071,0.9941,0.5719798646362099,
northern-ca,svi_minority,svi,national-svi-tract-table,591,0,0.0,400,0.0,0.9385,0.5142081218274112,
northern-ca,svi_housing_transport,svi,national-svi-tract-table,591,0,0.0,576,0.0,0.9997,0.5835255499153976,
northern-ca,svi_pop,svi,national-svi-tract-table,591,0,0.0,561,200.0,11166.0,4147.597292724196,
northern-ca,svi_year,svi,national-svi-tract-table,591,0,0.0,1,2022.0,2022.0,2022.0,
northern-ca,cvi_covered,cvi,national-cvi-tract-table,591,0,0.0,1,,,,
northern-ca,cvi_xwalk_coverage,cvi,national-cvi-tract-table,591,0,0.0,1,1.0,1.0,1.0,
northern-ca,cvi_overall,cvi,national-cvi-tract-table,591,0,0.0,547,0.32584798902833,0.649949847242873,0.4879102095943212,
northern-ca,cvi_baseline,cvi,national-cvi-tract-table,591,0,0.0,547,0.277227311366626,0.745777716940023,0.5057496874279102,
northern-ca,cvi_climate,cvi,national-cvi-tract-table,591,0,0.0,548,0.343291712041456,0.620344228356843,0.464124239149536,
northern-ca,cvi_baseline_health,cvi,national-cvi-tract-table,591,0,0.0,552,0.0843273495450976,0.7934751092375921,0.4208655499186515,
northern-ca,cvi_baseline_socioeconomic,cvi,national-cvi-tract-table,591,0,0.0,547,0.2355403276000441,0.982270124830698,0.6026700456034204,
northern-ca,cvi_baseline_infrastructure,cvi,national-cvi-tract-table,591,0,0.0,548,0.214249190652308,0.767825433470484,0.5058590386732269,
northern-ca,cvi_baseline_environment,cvi,national-cvi-tract-table,591,0,0.0,549,0.12174545655849799,0.822985218906006,0.4936041155163417,
northern-ca,cvi_climate_health,cvi,national-cvi-tract-table,591,0,0.0,544,0.19639380945748203,0.6886207226456939,0.5266772225139077,
northern-ca,cvi_climate_socioeconomic,cvi,national-cvi-tract-table,591,0,0.0,556,0.27552409614449,0.722919317711193,0.4373479789738671,
northern-ca,cvi_climate_extreme_events,cvi,national-cvi-tract-table,591,0,0.0,552,0.19758945653948204,0.664434146402508,0.4283475159608331,
northern-ca,cvi_source_vintage,cvi,national-cvi-tract-table,591,0,0.0,1,2010.0,2010.0,2010.0,
northern-ca,ruca_covered,rurality,national-ruca-tract-table,591,0,0.0,1,,,,
northern-ca,ruca_primary,rurality,national-ruca-tract-table,591,0,0.0,10,1.0,10.0,2.790186125211506,
northern-ca,ruca_primary_desc,rurality,national-ruca-tract-table,591,0,0.0,10,,,,
northern-ca,ruca_secondary,rurality,national-ruca-tract-table,591,0,0.0,12,1.0,10.1,2.7917089678511,
northern-ca,ruca_pop_density,rurality,national-ruca-tract-table,591,0,0.0,573,0.6,20954.8,3249.7421319796954,
northern-ca,ruca_year,rurality,national-ruca-tract-table,591,0,0.0,1,2020.0,2020.0,2020.0,
northern-ca,rucc_covered,rurality,national-rucc-tract-table,591,0,0.0,1,,,,
northern-ca,rucc_2023,rurality,national-rucc-tract-table,591,0,0.0,9,1.0,9.0,2.3671742808798646,
northern-ca,rucc_desc,rurality,national-rucc-tract-table,591,0,0.0,9,,,,
northern-ca,rucc_metro,rurality,national-rucc-tract-table,591,0,0.0,2,,,,
northern-ca,rucc_year,rurality,national-rucc-tract-table,591,0,0.0,1,2023.0,2023.0,2023.0,
northern-ca,nchs_covered,rurality,national-nchs-tract-table,591,0,0.0,1,,,,
northern-ca,nchs_2013,rurality,national-nchs-tract-table,591,0,0.0,6,1.0,6.0,2.8189509306260576,
northern-ca,nchs_2013_label,rurality,national-nchs-tract-table,591,0,0.0,6,,,,
northern-ca,nchs_year,rurality,national-nchs-tract-table,591,0,0.0,1,2013.0,2013.0,2013.0,
northern-ca,tribal_any,tribal,national-tribal-tract-table,591,0,0.0,2,,,,
northern-ca,tribal_pct,tribal,national-tribal-tract-table,591,0,0.0,47,0.0,0.9999999999999993,0.0035474243753710766,
northern-ca,tribal_legal,tribal,national-tribal-tract-table,591,0,0.0,2,,,,
northern-ca,tribal_legal_pct,tribal,national-tribal-tract-table,591,0,0.0,45,0.0,0.9999999999999993,0.002411908470697912,
northern-ca,tribal_statistical,tribal,national-tribal-tract-table,591,0,0.0,2,,,,
northern-ca,tribal_stat_pct,tribal,national-tribal-tract-table,591,0,0.0,3,0.0,0.35244059062031186,0.0011355159046731646,
northern-ca,aiannh_geoid,tribal,national-tribal-tract-table,591,545,0.922165820642978,38,,,,
northern-ca,aiannh_name,tribal,national-tribal-tract-table,591,545,0.922165820642978,38,,,,
northern-ca,aiannh_kind,tribal,national-tribal-tract-table,591,545,0.922165820642978,2,,,,
northern-ca,usdm_covered,drought,national-usdm-drought-tract-table,591,0,0.0,1,,,,
northern-ca,usdm_summer_dsci,drought,national-usdm-drought-tract-table,591,0,0.0,452,115.5155906377814,238.92405066704504,211.88901211982218,
northern-ca,usdm_summer_pct_d0plus,drought,national-usdm-drought-tract-table,591,0,0.0,354,56.1181434599156,78.66094058601458,62.657594497937836,
northern-ca,usdm_summer_pct_d2plus,drought,national-usdm-drought-tract-table,591,0,0.0,354,19.86040135564246,53.58649789029536,46.780047095540596,
northern-ca,usdm_winter_dsci,drought,national-usdm-drought-tract-table,591,0,0.0,492,122.72727557359397,226.61869932741237,203.93815816970863,
northern-ca,usdm_winter_pct_d0plus,drought,national-usdm-drought-tract-table,591,0,0.0,399,56.461956482668185,77.59749012410772,63.6639204760539,
northern-ca,usdm_winter_pct_d2plus,drought,national-usdm-drought-tract-table,591,0,0.0,343,23.754944768107794,53.55410627270694,44.82704768723664,
northern-ca,usdm_year_min,drought,national-usdm-drought-tract-table,591,0,0.0,1,2015.0,2015.0,2015.0,
northern-ca,usdm_year_max,drought,national-usdm-drought-tract-table,591,0,0.0,1,2023.0,2023.0,2023.0,
northern-ca,usfs_covered,wildfire,national-usfs-wildfire-tract-table,591,0,0.0,1,,,,
northern-ca,usfs_BP_mean,wildfire,national-usfs-wildfire-tract-table,591,0,0.0,590,0.0,0.03409767216093157,0.003629893140849356,
northern-ca,usfs_CFL_mean,wildfire,national-usfs-wildfire-tract-table,591,0,0.0,590,0.0,21.407409502159727,2.563427559067613,
northern-ca,usfs_CRPS_mean,wildfire,national-usfs-wildfire-tract-table,591,0,0.0,590,0.0,70.14861758302412,21.295720557421955,
northern-ca,usfs_RPS_mean,wildfire,national-usfs-wildfire-tract-table,591,0,0.0,590,0.0,2.160609195987231,0.17873721771140133,
northern-ca,usfs_WHP_mean,wildfire,national-usfs-wildfire-tract-table,591,0,0.0,590,0.0,9059.260051506968,646.3328923260425,
northern-ca,usfs_Exposure_mean,wildfire,national-usfs-wildfire-tract-table,591,0,0.0,590,0.0,0.9939914336010414,0.46988162020631613,
northern-ca,usfs_FLEP4_mean,wildfire,national-usfs-wildfire-tract-table,591,0,0.0,588,0.0,0.6643821891457189,0.10963190885577942,
northern-ca,usfs_FLEP8_mean,wildfire,national-usfs-wildfire-tract-table,591,0,0.0,423,0.0,0.4906976758609141,0.04516030328350851,
northern-ca,usfs_CWiRRZ_majority_label,wildfire,national-usfs-wildfire-tract-table,591,0,0.0,9,,,,
northern-ca,usfs_CWiRRZ_majority_zone4_label,wildfire,national-usfs-wildfire-tract-table,591,57,0.09644670050761421,4,,,,
northern-ca,usfs_BuildingCount_sum,wildfire,national-usfs-wildfire-tract-table,591,0,0.0,591,150.14182722568512,5164.119769514538,1885.3180453799316,
northern-ca,usfs_BuildingCover_mean,wildfire,national-usfs-wildfire-tract-table,591,0,0.0,591,0.007421998035814399,37.281069130845935,10.096274279382698,
northern-ca,usfs_BuildingDensity_mean,wildfire,national-usfs-wildfire-tract-table,591,0,0.0,591,0.36461799737903133,1547.6095999011206,382.56767627146814,
northern-ca,usfs_HUCount_sum,wildfire,national-usfs-wildfire-tract-table,591,0,0.0,591,37.05969093167839,3757.4544364463445,1704.7113681271728,
northern-ca,usfs_HUDen_mean,wildfire,national-usfs-wildfire-tract-table,591,0,0.0,591,0.11625081753485916,4362.368946368829,504.8191810943044,
northern-ca,usfs_HUExposure_mean,wildfire,national-usfs-wildfire-tract-table,591,0,0.0,590,0.0,0.0020893475061046353,0.00015282311655704294,
northern-ca,usfs_HUImpact_mean,wildfire,national-usfs-wildfire-tract-table,591,0,0.0,590,0.0,9144182.992605839,1628781.5280441835,
northern-ca,usfs_HURisk_mean,wildfire,national-usfs-wildfire-tract-table,591,0,0.0,590,0.0,89645.63282757772,5639.394257588527,
northern-ca,usfs_PopCount_sum,wildfire,national-usfs-wildfire-tract-table,591,0,0.0,591,339.672285179524,11437.370104599268,4478.671541794893,
northern-ca,usfs_PopDen_mean,wildfire,national-usfs-wildfire-tract-table,591,0,0.0,591,0.24328998550591435,8145.092902921941,1313.4418511807303,
northern-ca,usfs_edition,wildfire,national-usfs-wildfire-tract-table,591,0,0.0,1,,,,
northern-ca,usfs_extent,wildfire,national-usfs-wildfire-tract-table,591,0,0.0,1,,,,
northern-ca,epht_covered,heat,national-epht-heat-tract-table,591,0,0.0,1,,,,
northern-ca,epht_heat_days_summer,heat,national-epht-heat-tract-table,591,0,0.0,46,9.222222222222221,14.666666666666666,11.202481669486744,
northern-ca,epht_heat_days_annual,heat,national-epht-heat-tract-table,591,0,0.0,54,12.0,20.333333333333332,15.61947734536567,
northern-ca,epht_heat_events_summer,heat,national-epht-heat-tract-table,591,0,0.0,49,7.333333333333333,13.777777777777779,9.515134423763865,
northern-ca,epht_threshold,heat,national-epht-heat-tract-table,591,0,0.0,1,,,,
northern-ca,epht_metric,heat,national-epht-heat-tract-table,591,0,0.0,1,,,,
northern-ca,epht_year_min,heat,national-epht-heat-tract-table,591,0,0.0,1,2015.0,2015.0,2015.0,
northern-ca,epht_year_max,heat,national-epht-heat-tract-table,591,0,0.0,1,2023.0,2023.0,2023.0,
northern-ca,carbonplan_covered,wildfire,national-carbonplan-tract-table,591,0,0.0,1,,,,
northern-ca,carbonplan_buildings,wildfire,national-carbonplan-tract-table,591,0,0.0,532,116.0,6778.0,1971.8578680203045,
northern-ca,carbonplan_bp_2011_mean,wildfire,national-carbonplan-tract-table,591,0,0.0,591,5.5342427598792684e-05,0.030166729606823848,0.0031376725146265217,
northern-ca,carbonplan_bp_2011_median,wildfire,national-carbonplan-tract-table,591,0,0.0,591,1.9276293e-05,0.029611383,0.0028964235630676823,
northern-ca,carbonplan_bp_2047_mean,wildfire,national-carbonplan-tract-table,591,0,0.0,591,4.185099372826897e-05,0.03821551190868955,0.00424679654039343,
northern-ca,carbonplan_crps_mean,wildfire,national-carbonplan-tract-table,591,0,0.0,586,0.0,59.2605105622174,16.77650022314656,
northern-ca,carbonplan_rps_2011_mean,wildfire,national-carbonplan-tract-table,591,0,0.0,586,0.0,1.2237105400668145,0.10630692606730076,
northern-ca,carbonplan_rps_2011_median,wildfire,national-carbonplan-tract-table,591,0,0.0,321,0.0,1.0326937,0.08654070710548223,
northern-ca,carbonplan_rps_2047_mean,wildfire,national-carbonplan-tract-table,591,0,0.0,586,0.0,1.5476575859209987,0.142923433438246,
northern-ca,carbonplan_version,wildfire,national-carbonplan-tract-table,591,0,0.0,1,,,,
northern-ca,usgs_covered,wildfire,national-usgs-combined-tract-table,591,0,0.0,1,,,,
northern-ca,usgs_wildland_fire_burned_pct_area,wildfire,national-usgs-combined-tract-table,591,0,0.0,250,0.0,100.0,11.513425261758572,
northern-ca,usgs_wildfire_burned_pct_area,wildfire,national-usgs-combined-tract-table,591,0,0.0,246,0.0,100.0,11.162679764113278,
northern-ca,usgs_wildfire_pct_area_2plus,wildfire,national-usgs-combined-tract-table,591,0,0.0,156,0.0,75.30037668130726,2.862056916958672,
northern-ca,usgs_prescribed_burned_pct_area,wildfire,national-usgs-combined-tract-table,591,0,0.0,118,0.0,70.40990979281355,0.4753084425815165,
northern-ca,usgs_wildfire_return_interval_years,wildfire,national-usgs-combined-tract-table,591,343,0.5803722504230119,196,77.7344596620545,186.00000000752763,163.95423627480557,
northern-ca,usgs_wildfire_fires_per_burned_pixel,wildfire,national-usgs-combined-tract-table,591,343,0.5803722504230119,197,0.9999999999595289,2.392761213091631,1.1781220483569654,
northern-ca,usgs_first_year_burned,wildfire,national-usgs-combined-tract-table,591,343,0.5803722504230119,76,1900.0,2020.0,1953.9637096774193,
northern-ca,usgs_last_year_burned,wildfire,national-usgs-combined-tract-table,591,343,0.5803722504230119,37,1950.0,2020.0,2008.491935483871,
northern-ca,usgs_years_since_last_fire,wildfire,national-usgs-combined-tract-table,591,343,0.5803722504230119,37,0.0,70.0,11.508064516129032,
northern-ca,usgs_wildfire_ever,wildfire,national-usgs-combined-tract-table,591,0,0.0,2,,,,
northern-ca,usgs_record_start,wildfire,national-usgs-combined-tract-table,591,0,0.0,1,1835.0,1835.0,1835.0,
northern-ca,usgs_record_end,wildfire,national-usgs-combined-tract-table,591,0,0.0,1,2020.0,2020.0,2020.0,
northern-ca,mtbs_covered,wildfire,national-mtbs-tract-table,591,0,0.0,1,,,,
northern-ca,mtbs_wildfire_burned_pct_land,wildfire,national-mtbs-tract-table,591,0,0.0,143,0.0,153.80971169309845,9.468363508343401,
northern-ca,mtbs_wildfire_burned_km2,wildfire,national-mtbs-tract-table,591,0,0.0,143,0.0,4078.2208635943557,78.0227511638002,
northern-ca,mtbs_wildfire_fires,wildfire,national-mtbs-tract-table,591,0,0.0,30,0.0,56.0,1.6125211505922166,
northern-ca,mtbs_wildfire_last_year,wildfire,national-mtbs-tract-table,591,449,0.7597292724196277,20,1985.0,2023.0,2014.4859154929577,
northern-ca,mtbs_wildfire_ever,wildfire,national-mtbs-tract-table,591,0,0.0,2,,,,
northern-ca,mtbs_years_since_wildfire,wildfire,national-mtbs-tract-table,591,449,0.7597292724196277,20,0.0,38.0,8.514084507042254,
northern-ca,mtbs_prescribed_burned_pct_land,wildfire,national-mtbs-tract-table,591,0,0.0,25,0.0,16.271556093383463,0.07031366184367462,
northern-ca,mtbs_year_min,wildfire,national-mtbs-tract-table,591,0,0.0,1,1984.0,1984.0,1984.0,
northern-ca,mtbs_year_max,wildfire,national-mtbs-tract-table,591,0,0.0,1,2023.0,2023.0,2023.0,
northern-ca,mtbs_size_threshold,wildfire,national-mtbs-tract-table,591,0,0.0,1,,,,
northern-ca,nifc_covered,wildfire,national-nifc-tract-table,591,0,0.0,1,,,,
northern-ca,nifc_wildfire_burned_pct_land,wildfire,national-nifc-tract-table,591,0,0.0,210,0.0,364.958688173715,15.662571718945351,
northern-ca,nifc_wildfire_burned_km2,wildfire,national-nifc-tract-table,591,0,0.0,210,0.0,4010.7894492630758,97.56954135554462,
northern-ca,nifc_wildfire_fires,wildfire,national-nifc-tract-table,591,0,0.0,59,0.0,203.0,6.622673434856176,
northern-ca,nifc_wildfire_last_year,wildfire,national-nifc-tract-table,591,382,0.6463620981387479,25,1991.0,2025.0,2018.3492822966507,
northern-ca,nifc_wildfire_ever,wildfire,national-nifc-tract-table,591,0,0.0,2,,,,
northern-ca,nifc_years_since_wildfire,wildfire,national-nifc-tract-table,591,382,0.6463620981387479,25,0.0,34.0,6.650717703349282,
northern-ca,nifc_prescribed_burned_pct_land,wildfire,national-nifc-tract-table,591,0,0.0,105,0.0,35.19913855762886,0.3775982611388682,
northern-ca,nifc_wildfire_fires_history,wildfire,national-nifc-tract-table,591,0,0.0,51,0.0,155.0,5.240270727580373,
northern-ca,nifc_wildfire_fires_wfigs,wildfire,national-nifc-tract-table,591,0,0.0,27,0.0,49.0,1.3824027072758038,
northern-ca,nifc_year_min,wildfire,national-nifc-tract-table,591,0,0.0,1,1984.0,1984.0,1984.0,
northern-ca,nifc_year_max,wildfire,national-nifc-tract-table,591,0,0.0,1,2025.0,2025.0,2025.0,
northern-ca,fod_covered,wildfire,national-fpa-fod-tract-table,591,0,0.0,1,,,,
northern-ca,fod_fires,wildfire,national-fpa-fod-tract-table,591,0,0.0,215,0.0,4543.0,127.08967851099831,
northern-ca,fod_acres_ignited,wildfire,national-fpa-fod-tract-table,591,0,0.0,467,0.0,747451.5499999999,14530.901304568528,
northern-ca,fod_ignition_density,wildfire,national-fpa-fod-tract-table,591,0,0.0,532,0.0,1314.849506329917,109.04216649522984,
northern-ca,fod_human_fires,wildfire,national-fpa-fod-tract-table,591,0,0.0,184,0.0,4486.0,86.6497461928934,
northern-ca,fod_natural_fires,wildfire,national-fpa-fod-tract-table,591,0,0.0,77,0.0,1853.0,29.267343485617598,
northern-ca,fod_large_fires,wildfire,national-fpa-fod-tract-table,591,0,0.0,28,0.0,48.0,1.4399323181049068,
northern-ca,fod_human_share,wildfire,national-fpa-fod-tract-table,591,60,0.10152284263959391,304,0.0,1.0,0.5965259280257873,
northern-ca,fod_human_share_classified,wildfire,national-fpa-fod-tract-table,591,98,0.1658206429780034,165,0.19887591872027668,1.0,0.9478437370720348,
northern-ca,fod_cause_unknown_share,wildfire,national-fpa-fod-tract-table,591,60,0.10152284263959391,297,0.0,1.0,0.3581972220796066,
northern-ca,fod_last_fire_year,wildfire,national-fpa-fod-tract-table,591,60,0.10152284263959391,23,1992.0,2020.0,2017.6704331450094,
northern-ca,fod_largest_fire_acres,wildfire,national-fpa-fod-tract-table,591,60,0.10152284263959391,227,0.01,589368.0,8435.828945386063,
northern-ca,fod_ever,wildfire,national-fpa-fod-tract-table,591,0,0.0,2,,,,
northern-ca,fod_year_min,wildfire,national-fpa-fod-tract-table,591,0,0.0,1,1992.0,1992.0,1992.0,
northern-ca,fod_year_max,wildfire,national-fpa-fod-tract-table,591,0,0.0,1,2020.0,2020.0,2020.0,
northern-ca,fod_edition,wildfire,national-fpa-fod-tract-table,591,0,0.0,1,,,,
northern-ca,ghcn_covered,heat,national-noaa-ghcn-tract-table,591,0,0.0,1,,,,
northern-ca,ghcn_stations_in_tract,heat,national-noaa-ghcn-tract-table,591,0,0.0,13,0.0,12.0,0.7580372250423012,
northern-ca,ghcn_temp_stations_in_tract,heat,national-noaa-ghcn-tract-table,591,0,0.0,10,0.0,11.0,0.27749576988155666,
northern-ca,ghcn_any_nearest_km,heat,national-noaa-ghcn-tract-table,591,0,0.0,591,0.061379165663213574,21.585150605906815,3.9394098493610716,
northern-ca,ghcn_temp_nearest_km,heat,national-noaa-ghcn-tract-table,591,0,0.0,591,0.15616813477097338,23.678678025343736,10.169098351050854,
northern-ca,ghcn_prcp_nearest_km,heat,national-noaa-ghcn-tract-table,591,0,0.0,591,0.061379165663213574,45.13410988434587,4.384547025601341,
northern-ca,ghcn_any_within_25km,heat,national-noaa-ghcn-tract-table,591,0,0.0,53,1.0,55.0,31.277495769881558,
northern-ca,ghcn_temp_within_25km,heat,national-noaa-ghcn-tract-table,591,0,0.0,9,1.0,12.0,3.228426395939086,
northern-ca,ghcn_anchor_unreliable,heat,national-noaa-ghcn-tract-table,591,0,0.0,2,,,,
northern-ca,ghcn_year_min,heat,national-noaa-ghcn-tract-table,591,0,0.0,1,2015.0,2015.0,2015.0,
northern-ca,ghcn_year_max,heat,national-noaa-ghcn-tract-table,591,0,0.0,1,2023.0,2023.0,2023.0,
northern-ca,cdcw_covered,heat,national-cdc-wonder-tract-table,591,0,0.0,1,,,,
northern-ca,cdcw_grain,heat,national-cdc-wonder-tract-table,591,0,0.0,1,,,,
northern-ca,hwd_maxtemp_mean,heat,national-cdc-wonder-tract-table,591,0,0.0,18,5.866666666666666,7.033333333333333,6.6046249294980255,
northern-ca,hwd_maxtemp_change,heat,national-cdc-wonder-tract-table,591,0,0.0,24,-0.06666666666666732,6.133333333333334,4.712690355329949,
northern-ca,hwd_maxtemp_trend_days_per_decade,heat,national-cdc-wonder-tract-table,591,0,0.0,24,0.5050055617352612,3.7886540600667407,2.826882285073281,
northern-ca,hwd_maxtemp_trend_p,heat,national-cdc-wonder-tract-table,591,0,0.0,24,0.0007149800130849283,0.7133389905645802,0.06579920460689136,
northern-ca,hwd_maxtemp_never_defined,heat,national-cdc-wonder-tract-table,591,0,0.0,1,,,,
northern-ca,hwd_heatindex_mean,heat,national-cdc-wonder-tract-table,591,0,0.0,21,5.1,6.866666666666666,6.349182177100959,
northern-ca,hwd_heatindex_change,heat,national-cdc-wonder-tract-table,591,0,0.0,20,1.2666666666666666,5.4,4.0966723068245905,
northern-ca,hwd_heatindex_trend_days_per_decade,heat,national-cdc-wonder-tract-table,591,0,0.0,24,0.6117908787541713,2.7586206896551726,1.9547532603437923,
northern-ca,hwd_heatindex_trend_p,heat,national-cdc-wonder-tract-table,591,0,0.0,24,0.0013979752139998641,0.6071254626969633,0.09759717022686482,
northern-ca,hwd_heatindex_never_defined,heat,national-cdc-wonder-tract-table,591,0,0.0,1,,,,
northern-ca,hwd_heatstress_mean,heat,national-cdc-wonder-tract-table,591,0,0.0,19,0.0,7.1,6.030908065425832,
northern-ca,hwd_heatstress_change,heat,national-cdc-wonder-tract-table,591,0,0.0,23,0.0,5.200000000000001,3.962098138747884,
northern-ca,hwd_heatstress_trend_days_per_decade,heat,national-cdc-wonder-tract-table,591,0,0.0,23,0.0,2.46496106785317,1.8594151426006336,
northern-ca,hwd_heatstress_trend_p,heat,national-cdc-wonder-tract-table,591,8,0.01353637901861252,22,0.028920113808968563,0.6612547487163885,0.12378685556009947,
northern-ca,hwd_heatstress_never_defined,heat,national-cdc-wonder-tract-table,591,0,0.0,2,,,,
northern-ca,cdcw_window_start,heat,national-cdc-wonder-tract-table,591,0,0.0,1,1981.0,1981.0,1981.0,
northern-ca,cdcw_window_end,heat,national-cdc-wonder-tract-table,591,0,0.0,1,2010.0,2010.0,2010.0,
northern-ca,gehe_covered,heat,national-nasa-heat-tract-table,591,0,0.0,1,,,,
northern-ca,gehe_coverage_frac,heat,national-nasa-heat-tract-table,591,0,0.0,314,0.9982942490999691,1.0,0.9999966823486092,
northern-ca,gehe_wbgt28_days_mean,heat,national-nasa-heat-tract-table,591,0,0.0,484,0.0,11.730398672023634,5.974250121284848,
northern-ca,gehe_wbgt28_days_change,heat,national-nasa-heat-tract-table,591,0,0.0,469,-3.571971513425182,0.7730230251106596,-0.5193261041102045,
northern-ca,gehe_wbgt28_trend_days_per_yr,heat,national-nasa-heat-tract-table,591,0,0.0,1,0.0,0.0,0.0,
northern-ca,gehe_wbgt30_days_mean,heat,national-nasa-heat-tract-table,591,0,0.0,358,0.0,0.7647058823529411,0.3483617752188931,
northern-ca,gehe_wbgt30_days_change,heat,national-nasa-heat-tract-table,591,0,0.0,305,-0.7252805060841311,0.33806574242005594,-0.08454524807257893,
northern-ca,gehe_wbgt30_trend_days_per_yr,heat,national-nasa-heat-tract-table,591,0,0.0,1,0.0,0.0,0.0,
northern-ca,gehe_wbgt32_days_mean,heat,national-nasa-heat-tract-table,591,0,0.0,1,0.0,0.0,0.0,
northern-ca,gehe_wbgt32_days_change,heat,national-nasa-heat-tract-table,591,0,0.0,1,0.0,0.0,0.0,
northern-ca,gehe_wbgt32_trend_days_per_yr,heat,national-nasa-heat-tract-table,591,0,0.0,1,0.0,0.0,0.0,
northern-ca,gehe_record_start,heat,national-nasa-heat-tract-table,591,0,0.0,1,1983.0,1983.0,1983.0,
northern-ca,gehe_record_end,heat,national-nasa-heat-tract-table,591,0,0.0,1,2016.0,2016.0,2016.0,
northern-ca,uhe_covered,heat,national-nasa-heat-tract-table,591,0,0.0,2,,,,
northern-ca,uhe_city_name,heat,national-nasa-heat-tract-table,591,287,0.4856175972927242,5,,,,
northern-ca,uhe_city_country,heat,national-nasa-heat-tract-table,591,287,0.4856175972927242,1,,,,
northern-ca,uhe_overlap_frac,heat,national-nasa-heat-tract-table,591,287,0.4856175972927242,122,7.58596595625084e-05,1.0,0.8215843585104602,
northern-ca,uhe_wbgtmax28_days_per_yr,heat,national-nasa-heat-tract-table,591,287,0.4856175972927242,5,6.911764705882353,8.794117647058824,7.770510835913312,
northern-ca,uhe_wbgtmax30_days_per_yr,heat,national-nasa-heat-tract-table,591,287,0.4856175972927242,4,0.17647058823529413,0.6470588235294118,0.5025154798761611,
northern-ca,uhe_himax461_days_per_yr,heat,national-nasa-heat-tract-table,591,287,0.4856175972927242,2,0.0,0.029411764705882353,0.023606811145510834,
northern-ca,pmdi_covered,drought,national-drought-gov-tract-table,591,0,0.0,1,,,,
northern-ca,pmdi_mean,drought,national-drought-gov-tract-table,591,0,0.0,24,-1.8388888888888888,-0.4532407407407408,-1.2030837563451777,
northern-ca,pmdi_summer_mean,drought,national-drought-gov-tract-table,591,0,0.0,24,-1.6659259259259258,-0.3007407407407407,-1.0773234317227551,
northern-ca,pmdi_winter_mean,drought,national-drought-gov-tract-table,591,0,0.0,24,-2.0301851851851853,-0.6057407407407408,-1.3288440809676003,
northern-ca,pmdi_pct_months_severe,drought,national-drought-gov-tract-table,591,0,0.0,17,12.037037037037036,38.88888888888889,28.249357648680828,
northern-ca,pmdi_recent_percentile,drought,national-drought-gov-tract-table,591,0,0.0,16,17.424242424242426,41.66666666666667,27.476542070450694,
northern-ca,pmdi_mean_1895_2025,drought,national-drought-gov-tract-table,591,0,0.0,24,-0.2755893536121673,0.07158428390367554,-0.11914726388004264,
northern-ca,spi_covered,drought,national-drought-gov-tract-table,591,0,0.0,1,,,,
northern-ca,spi_calibration,drought,national-drought-gov-tract-table,591,591,1.0,0,,,,
northern-ca,spi03_mean,drought,national-drought-gov-tract-table,591,0,0.0,549,-0.3552956673461869,0.1337968119914986,-0.19217670333697975,
northern-ca,spi03_summer_mean,drought,national-drought-gov-tract-table,591,0,0.0,549,-0.3807978578706581,0.1543565850614852,-0.24572831952500895,
northern-ca,spi03_winter_mean,drought,national-drought-gov-tract-table,591,0,0.0,549,-0.4021603359360723,0.16621937944480897,-0.14612408961903486,
northern-ca,spi03_pct_months_d2,drought,national-drought-gov-tract-table,591,0,0.0,372,1.85185182094574,9.259259223937988,5.207130904584733,
northern-ca,spi12_mean,drought,national-drought-gov-tract-table,591,0,0.0,549,-0.6309689280642828,0.2643781674145703,-0.17177542938659193,
northern-ca,spi12_summer_mean,drought,national-drought-gov-tract-table,591,0,0.0,549,-0.6011584280840543,0.2637663018837972,-0.16385754610072426,
northern-ca,spi12_winter_mean,drought,national-drought-gov-tract-table,591,0,0.0,549,-0.7352815249885241,0.19493950990729972,-0.27507919153242616,
northern-ca,spi12_pct_months_d2,drought,national-drought-gov-tract-table,591,0,0.0,342,0.0,20.370370864868164,7.850562786220579,
northern-ca,drought_gov_window_start,drought,national-drought-gov-tract-table,591,0,0.0,1,2015.0,2015.0,2015.0,
northern-ca,drought_gov_window_end,drought,national-drought-gov-tract-table,591,0,0.0,1,2023.0,2023.0,2023.0,
eastern-ok,GEOID,geography,national-census-tract-table,1192,0,0.0,1192,,,,
eastern-ok,STATEFP,geography,national-census-tract-table,1192,0,0.0,1,,,,
eastern-ok,COUNTYFP,geography,national-census-tract-table,1192,0,0.0,73,,,,
eastern-ok,state_usps,geography,national-census-tract-table,1192,0,0.0,1,,,,
eastern-ok,state_name,geography,national-census-tract-table,1192,0,0.0,1,,,,
eastern-ok,ALAND,geography,national-census-tract-table,1192,0,0.0,1192,122156.0,2955524816.0,134693838.94714764,
eastern-ok,AWATER,geography,national-census-tract-table,1192,0,0.0,728,0.0,87771125.0,2790409.6417785236,
eastern-ok,INTPTLAT,geography,national-census-tract-table,1192,0,0.0,1192,,,,
eastern-ok,INTPTLON,geography,national-census-tract-table,1192,0,0.0,1192,,,,
eastern-ok,pop_total,population,national-census-tract-table,1192,0,0.0,1064,0.0,11132.0,3294.0151006711408,
eastern-ok,pop_urban,population,national-census-tract-table,1192,0,0.0,804,0.0,10510.0,2135.9857382550335,
eastern-ok,pop_rural,population,national-census-tract-table,1192,0,0.0,609,0.0,6621.0,1158.0293624161075,
eastern-ok,pct_urban,population,national-census-tract-table,1192,1,0.0008389261744966443,343,0.0,1.0,0.6417107355756214,
eastern-ok,ur_class,population,national-census-tract-table,1192,1,0.0008389261744966443,2,,,,
eastern-ok,tract_vintage,geography,national-census-tract-table,1192,0,0.0,1,2020.0,2020.0,2020.0,
eastern-ok,svi_covered,svi,national-svi-tract-table,1192,0,0.0,1,,,,
eastern-ok,svi_rank_universe,svi,national-svi-tract-table,1192,0,0.0,1,,,,
eastern-ok,svi_overall,svi,national-svi-tract-table,1192,11,0.009228187919463088,1126,0.0008,0.9978,0.5799870448772226,
eastern-ok,svi_socioeconomic,svi,national-svi-tract-table,1192,11,0.009228187919463088,1109,0.0004,0.999,0.5846601185436071,
eastern-ok,svi_household,svi,national-svi-tract-table,1192,11,0.009228187919463088,1107,0.0007,0.9994,0.6139082133784928,
eastern-ok,svi_minority,svi,national-svi-tract-table,1192,3,0.0025167785234899327,521,0.0675,0.9954,0.5129338099243061,
eastern-ok,svi_housing_transport,svi,national-svi-tract-table,1192,11,0.009228187919463088,1131,0.0,0.999,0.5100982218458934,
eastern-ok,svi_pop,svi,national-svi-tract-table,1192,0,0.0,1049,0.0,12167.0,3303.8892617449665,
eastern-ok,svi_year,svi,national-svi-tract-table,1192,0,0.0,1,2022.0,2022.0,2022.0,
eastern-ok,cvi_covered,cvi,national-cvi-tract-table,1192,0,0.0,1,,,,
eastern-ok,cvi_xwalk_coverage,cvi,national-cvi-tract-table,1192,0,0.0,1,1.0,1.0,1.0,
eastern-ok,cvi_overall,cvi,national-cvi-tract-table,1192,0,0.0,1088,0.36409004547075274,0.640462508268526,0.5188996791138779,
eastern-ok,cvi_baseline,cvi,national-cvi-tract-table,1192,0,0.0,1087,0.343782813601237,0.77241035414586,0.5485662137029008,
eastern-ok,cvi_climate,cvi,national-cvi-tract-table,1192,0,0.0,1085,0.330444420132109,0.602607356803994,0.47934429966184744,
eastern-ok,cvi_baseline_health,cvi,national-cvi-tract-table,1192,0,0.0,1085,0.3022276703517,0.903626974486662,0.6232146334905239,
eastern-ok,cvi_baseline_socioeconomic,cvi,national-cvi-tract-table,1192,0,0.0,1086,0.171617732965622,0.871291521954073,0.5446298238674515,
eastern-ok,cvi_baseline_infrastructure,cvi,national-cvi-tract-table,1192,0,0.0,1084,0.2681334362825449,0.851718249284533,0.5847947034241415,
eastern-ok,cvi_baseline_environment,cvi,national-cvi-tract-table,1192,0,0.0,1087,0.160732446776981,0.8269510705750645,0.44162569402948637,
eastern-ok,cvi_climate_health,cvi,national-cvi-tract-table,1192,0,0.0,1042,0.435587913426046,0.596706465089115,0.5121703856284082,
eastern-ok,cvi_climate_socioeconomic,cvi,national-cvi-tract-table,1192,0,0.0,1085,0.19047072005990837,0.7615266591252537,0.4548008026169217,
eastern-ok,cvi_climate_extreme_events,cvi,national-cvi-tract-table,1192,0,0.0,1085,0.275602816409037,0.7019807293179723,0.4710617107402123,
eastern-ok,cvi_source_vintage,cvi,national-cvi-tract-table,1192,0,0.0,1,2010.0,2010.0,2010.0,
eastern-ok,ruca_covered,rurality,national-ruca-tract-table,1192,0,0.0,1,,,,
eastern-ok,ruca_primary,rurality,national-ruca-tract-table,1192,0,0.0,10,1.0,10.0,3.2533557046979866,
eastern-ok,ruca_primary_desc,rurality,national-ruca-tract-table,1192,0,0.0,10,,,,
eastern-ok,ruca_secondary,rurality,national-ruca-tract-table,1192,0,0.0,19,1.0,10.3,3.2596476510067114,
eastern-ok,ruca_pop_density,rurality,national-ruca-tract-table,1192,0,0.0,1110,0.0,11990.5,1715.2511744966441,
eastern-ok,ruca_year,rurality,national-ruca-tract-table,1192,0,0.0,1,2020.0,2020.0,2020.0,
eastern-ok,rucc_covered,rurality,national-rucc-tract-table,1192,0,0.0,1,,,,
eastern-ok,rucc_2023,rurality,national-rucc-tract-table,1192,0,0.0,8,1.0,9.0,2.8573825503355703,
eastern-ok,rucc_desc,rurality,national-rucc-tract-table,1192,0,0.0,8,,,,
eastern-ok,rucc_metro,rurality,national-rucc-tract-table,1192,0,0.0,2,,,,
eastern-ok,rucc_year,rurality,national-rucc-tract-table,1192,0,0.0,1,2023.0,2023.0,2023.0,
eastern-ok,nchs_covered,rurality,national-nchs-tract-table,1192,0,0.0,1,,,,
eastern-ok,nchs_2013,rurality,national-nchs-tract-table,1192,0,0.0,6,1.0,6.0,3.2751677852348995,
eastern-ok,nchs_2013_label,rurality,national-nchs-tract-table,1192,0,0.0,6,,,,
eastern-ok,nchs_year,rurality,national-nchs-tract-table,1192,0,0.0,1,2013.0,2013.0,2013.0,
eastern-ok,tribal_any,tribal,national-tribal-tract-table,1192,0,0.0,2,,,,
eastern-ok,tribal_pct,tribal,national-tribal-tract-table,1192,0,0.0,60,0.0,1.0,0.666965254623738,
eastern-ok,tribal_legal,tribal,national-tribal-tract-table,1192,0,0.0,2,,,,
eastern-ok,tribal_legal_pct,tribal,national-tribal-tract-table,1192,0,0.0,11,0.0,1.0,0.010906040268456364,
eastern-ok,tribal_statistical,tribal,national-tribal-tract-table,1192,0,0.0,2,,,,
eastern-ok,tribal_stat_pct,tribal,national-tribal-tract-table,1192,0,0.0,58,0.0,1.0,0.6560592143552816,
eastern-ok,aiannh_geoid,tribal,national-tribal-tract-table,1192,386,0.3238255033557047,26,,,,
eastern-ok,aiannh_name,tribal,national-tribal-tract-table,1192,386,0.3238255033557047,26,,,,
eastern-ok,aiannh_kind,tribal,national-tribal-tract-table,1192,386,0.3238255033557047,2,,,,
eastern-ok,usdm_covered,drought,national-usdm-drought-tract-table,1192,0,0.0,1,,,,
eastern-ok,usdm_summer_dsci,drought,national-usdm-drought-tract-table,1192,0,0.0,1174,25.43241428981534,193.88189894491933,72.96385247128626,
eastern-ok,usdm_summer_pct_d0plus,drought,national-usdm-drought-tract-table,1192,0,0.0,1151,17.273585597113332,67.12480539690682,37.55435349035995,
eastern-ok,usdm_summer_pct_d2plus,drought,national-usdm-drought-tract-table,1192,0,0.0,924,0.42194092827004215,38.62663867719106,10.541030553176478,
eastern-ok,usdm_winter_dsci,drought,national-usdm-drought-tract-table,1192,0,0.0,1161,66.83410615789566,201.0733808433217,109.15083451547622,
eastern-ok,usdm_winter_pct_d0plus,drought,national-usdm-drought-tract-table,1192,0,0.0,1108,31.26234097915144,73.7205724459152,48.707245268812215,
eastern-ok,usdm_winter_pct_d2plus,drought,national-usdm-drought-tract-table,1192,0,0.0,1000,5.006333014362888,42.30942584328291,19.950990210241756,
eastern-ok,usdm_year_min,drought,national-usdm-drought-tract-table,1192,0,0.0,1,2015.0,2015.0,2015.0,
eastern-ok,usdm_year_max,drought,national-usdm-drought-tract-table,1192,0,0.0,1,2023.0,2023.0,2023.0,
eastern-ok,usfs_covered,wildfire,national-usfs-wildfire-tract-table,1192,0,0.0,1,,,,
eastern-ok,usfs_BP_mean,wildfire,national-usfs-wildfire-tract-table,1192,0,0.0,1182,0.0,0.015917905944130614,0.0021203458168950156,
eastern-ok,usfs_CFL_mean,wildfire,national-usfs-wildfire-tract-table,1192,0,0.0,1182,0.0,6.486198198317876,1.8352943325954603,
eastern-ok,usfs_CRPS_mean,wildfire,national-usfs-wildfire-tract-table,1192,0,0.0,1182,0.0,39.82738117767834,17.51931985059696,
eastern-ok,usfs_RPS_mean,wildfire,national-usfs-wildfire-tract-table,1192,0,0.0,1182,0.0,0.6616891326144514,0.06585619640788173,
eastern-ok,usfs_WHP_mean,wildfire,national-usfs-wildfire-tract-table,1192,0,0.0,1182,0.0,1168.8338213973639,46.5468444425872,
eastern-ok,usfs_Exposure_mean,wildfire,national-usfs-wildfire-tract-table,1192,0,0.0,1182,0.0,0.9960889272335298,0.5122305155986251,
eastern-ok,usfs_FLEP4_mean,wildfire,national-usfs-wildfire-tract-table,1192,0,0.0,1151,0.0,0.5353063123461576,0.1306858106367107,
eastern-ok,usfs_FLEP8_mean,wildfire,national-usfs-wildfire-tract-table,1192,0,0.0,942,0.0,0.18521548609464691,0.0113724615428747,
eastern-ok,usfs_CWiRRZ_majority_label,wildfire,national-usfs-wildfire-tract-table,1192,0,0.0,8,,,,
eastern-ok,usfs_CWiRRZ_majority_zone4_label,wildfire,national-usfs-wildfire-tract-table,1192,10,0.008389261744966443,4,,,,
eastern-ok,usfs_BuildingCount_sum,wildfire,national-usfs-wildfire-tract-table,1192,0,0.0,1192,7.0,6771.016034322325,2002.6327576233862,
eastern-ok,usfs_BuildingCover_mean,wildfire,national-usfs-wildfire-tract-table,1192,0,0.0,1192,0.012353739313502175,41.79354442569983,7.129302788019597,
eastern-ok,usfs_BuildingDensity_mean,wildfire,national-usfs-wildfire-tract-table,1192,0,0.0,1192,1.170943960669533,1212.2114959077262,259.93782614111507,
eastern-ok,usfs_HUCount_sum,wildfire,national-usfs-wildfire-tract-table,1192,0,0.0,1190,0.0,4364.0758455991745,1463.2201079555516,
eastern-ok,usfs_HUDen_mean,wildfire,national-usfs-wildfire-tract-table,1192,0,0.0,1192,0.25467362690436357,2475.6724362226555,297.64331463359275,
eastern-ok,usfs_HUExposure_mean,wildfire,national-usfs-wildfire-tract-table,1192,0,0.0,1181,0.0,0.0009384972426055395,6.141972823045302e-05,
eastern-ok,usfs_HUImpact_mean,wildfire,national-usfs-wildfire-tract-table,1192,0,0.0,1181,0.0,5180019.164332475,988661.2375914362,
eastern-ok,usfs_HURisk_mean,wildfire,national-usfs-wildfire-tract-table,1192,0,0.0,1178,0.0,25850.03887529228,1654.7581912732442,
eastern-ok,usfs_PopCount_sum,wildfire,national-usfs-wildfire-tract-table,1192,0,0.0,1191,0.0,12262.52931673899,3558.736718882955,
eastern-ok,usfs_PopDen_mean,wildfire,national-usfs-wildfire-tract-table,1192,0,0.0,1192,0.6170627515874527,4641.208163801672,708.3419561203774,
eastern-ok,usfs_edition,wildfire,national-usfs-wildfire-tract-table,1192,0,0.0,1,,,,
eastern-ok,usfs_extent,wildfire,national-usfs-wildfire-tract-table,1192,0,0.0,1,,,,
eastern-ok,epht_covered,heat,national-epht-heat-tract-table,1192,0,0.0,1,,,,
eastern-ok,epht_heat_days_summer,heat,national-epht-heat-tract-table,1192,0,0.0,35,9.555555555555555,13.555555555555555,11.363255033557047,
eastern-ok,epht_heat_days_annual,heat,national-epht-heat-tract-table,1192,0,0.0,35,12.777777777777779,17.0,14.96047725577927,
eastern-ok,epht_heat_events_summer,heat,national-epht-heat-tract-table,1192,0,0.0,42,6.333333333333333,10.88888888888889,8.248415361670395,
eastern-ok,epht_threshold,heat,national-epht-heat-tract-table,1192,0,0.0,1,,,,
eastern-ok,epht_metric,heat,national-epht-heat-tract-table,1192,0,0.0,1,,,,
eastern-ok,epht_year_min,heat,national-epht-heat-tract-table,1192,0,0.0,1,2015.0,2015.0,2015.0,
eastern-ok,epht_year_max,heat,national-epht-heat-tract-table,1192,0,0.0,1,2023.0,2023.0,2023.0,
eastern-ok,carbonplan_covered,wildfire,national-carbonplan-tract-table,1192,0,0.0,1,,,,
eastern-ok,carbonplan_buildings,wildfire,national-carbonplan-tract-table,1192,0,0.0,1025,12.0,8898.0,2143.1208053691275,
eastern-ok,carbonplan_bp_2011_mean,wildfire,national-carbonplan-tract-table,1192,0,0.0,1192,0.0,0.01658447956712356,0.0021995773671058456,
eastern-ok,carbonplan_bp_2011_median,wildfire,national-carbonplan-tract-table,1192,0,0.0,1189,0.0,0.01679851,0.0020532999661309476,
eastern-ok,carbonplan_bp_2047_mean,wildfire,national-carbonplan-tract-table,1192,0,0.0,1192,0.0,0.0189348411445354,0.0025275209572475275,
eastern-ok,carbonplan_crps_mean,wildfire,national-carbonplan-tract-table,1192,0,0.0,1172,0.0,36.053418735446805,13.718431978630749,
eastern-ok,carbonplan_rps_2011_mean,wildfire,national-carbonplan-tract-table,1192,0,0.0,1171,0.0,0.43961111134687547,0.05197922850451743,
eastern-ok,carbonplan_rps_2011_median,wildfire,national-carbonplan-tract-table,1192,0,0.0,619,0.0,0.42364976,0.04427291211006712,
eastern-ok,carbonplan_rps_2047_mean,wildfire,national-carbonplan-tract-table,1192,0,0.0,1171,0.0,0.49358743650010634,0.0599871030032056,
eastern-ok,carbonplan_version,wildfire,national-carbonplan-tract-table,1192,0,0.0,1,,,,
eastern-ok,usgs_covered,wildfire,national-usgs-combined-tract-table,1192,0,0.0,1,,,,
eastern-ok,usgs_wildland_fire_burned_pct_area,wildfire,national-usgs-combined-tract-table,1192,0,0.0,291,0.0,76.00474522171672,2.3979929909661135,
eastern-ok,usgs_wildfire_burned_pct_area,wildfire,national-usgs-combined-tract-table,1192,0,0.0,251,0.0,60.891523979990005,1.631743478889816,
eastern-ok,usgs_wildfire_pct_area_2plus,wildfire,national-usgs-combined-tract-table,1192,0,0.0,81,0.0,17.79262493922986,0.20558304841726405,
eastern-ok,usgs_prescribed_burned_pct_area,wildfire,national-usgs-combined-tract-table,1192,0,0.0,179,0.0,69.8117761520448,1.0221759462543403,
eastern-ok,usgs_wildfire_return_interval_years,wildfire,national-usgs-combined-tract-table,1192,942,0.790268456375839,166,93.58473396914309,186.000000003013,177.51417833305487,
eastern-ok,usgs_wildfire_fires_per_burned_pixel,wildfire,national-usgs-combined-tract-table,1192,942,0.790268456375839,173,0.999999999983801,1.9875036462819697,1.0620437108287688,
eastern-ok,usgs_first_year_burned,wildfire,national-usgs-combined-tract-table,1192,942,0.790268456375839,33,1961.0,2020.0,2006.224,
eastern-ok,usgs_last_year_burned,wildfire,national-usgs-combined-tract-table,1192,944,0.7919463087248322,20,1974.0,2020.0,2013.2701612903227,
eastern-ok,usgs_years_since_last_fire,wildfire,national-usgs-combined-tract-table,1192,944,0.7919463087248322,20,0.0,46.0,6.729838709677419,
eastern-ok,usgs_wildfire_ever,wildfire,national-usgs-combined-tract-table,1192,0,0.0,2,,,,
eastern-ok,usgs_record_start,wildfire,national-usgs-combined-tract-table,1192,0,0.0,1,1835.0,1835.0,1835.0,
eastern-ok,usgs_record_end,wildfire,national-usgs-combined-tract-table,1192,0,0.0,1,2020.0,2020.0,2020.0,
eastern-ok,mtbs_covered,wildfire,national-mtbs-tract-table,1192,0,0.0,1,,,,
eastern-ok,mtbs_wildfire_burned_pct_land,wildfire,national-mtbs-tract-table,1192,0,0.0,232,0.0,90.49141417315144,2.252825259072916,
eastern-ok,mtbs_wildfire_burned_km2,wildfire,national-mtbs-tract-table,1192,0,0.0,232,0.0,748.9220929900429,10.940506931067198,
eastern-ok,mtbs_wildfire_fires,wildfire,national-mtbs-tract-table,1192,0,0.0,25,0.0,51.0,0.8196308724832215,
eastern-ok,mtbs_wildfire_last_year,wildfire,national-mtbs-tract-table,1192,961,0.8062080536912751,22,1984.0,2023.0,2014.4199134199134,
eastern-ok,mtbs_wildfire_ever,wildfire,national-mtbs-tract-table,1192,0,0.0,2,,,,
eastern-ok,mtbs_years_since_wildfire,wildfire,national-mtbs-tract-table,1192,961,0.8062080536912751,22,0.0,39.0,8.58008658008658,
eastern-ok,mtbs_prescribed_burned_pct_land,wildfire,national-mtbs-tract-table,1192,0,0.0,36,0.0,23.994346102590807,0.1286194403200441,
eastern-ok,mtbs_year_min,wildfire,national-mtbs-tract-table,1192,0,0.0,1,1984.0,1984.0,1984.0,
eastern-ok,mtbs_year_max,wildfire,national-mtbs-tract-table,1192,0,0.0,1,2023.0,2023.0,2023.0,
eastern-ok,mtbs_size_threshold,wildfire,national-mtbs-tract-table,1192,0,0.0,1,,,,
eastern-ok,nifc_covered,wildfire,national-nifc-tract-table,1192,0,0.0,1,,,,
eastern-ok,nifc_wildfire_burned_pct_land,wildfire,national-nifc-tract-table,1192,0,0.0,159,0.0,48.404677332474975,0.3998514819125197,
eastern-ok,nifc_wildfire_burned_km2,wildfire,national-nifc-tract-table,1192,0,0.0,159,0.0,314.1417988431538,2.314336128862012,
eastern-ok,nifc_wildfire_fires,wildfire,national-nifc-tract-table,1192,0,0.0,31,0.0,76.0,0.9026845637583892,
eastern-ok,nifc_wildfire_last_year,wildfire,national-nifc-tract-table,1192,1034,0.8674496644295302,9,2014.0,2025.0,2022.9240506329113,
eastern-ok,nifc_wildfire_ever,wildfire,national-nifc-tract-table,1192,0,0.0,2,,,,
eastern-ok,nifc_years_since_wildfire,wildfire,national-nifc-tract-table,1192,1034,0.8674496644295302,9,0.0,11.0,2.0759493670886076,
eastern-ok,nifc_prescribed_burned_pct_land,wildfire,national-nifc-tract-table,1192,0,0.0,21,0.0,8.434768136929684,0.020955750405286397,
eastern-ok,nifc_wildfire_fires_history,wildfire,national-nifc-tract-table,1192,0,0.0,14,0.0,29.0,0.18456375838926176,
eastern-ok,nifc_wildfire_fires_wfigs,wildfire,national-nifc-tract-table,1192,0,0.0,26,0.0,65.0,0.7181208053691275,
eastern-ok,nifc_year_min,wildfire,national-nifc-tract-table,1192,0,0.0,1,1984.0,1984.0,1984.0,
eastern-ok,nifc_year_max,wildfire,national-nifc-tract-table,1192,0,0.0,1,2025.0,2025.0,2025.0,
eastern-ok,fod_covered,wildfire,national-fpa-fod-tract-table,1192,0,0.0,1,,,,
eastern-ok,fod_fires,wildfire,national-fpa-fod-tract-table,1192,0,0.0,142,0.0,3368.0,42.05285234899329,
eastern-ok,fod_acres_ignited,wildfire,national-fpa-fod-tract-table,1192,0,0.0,425,0.0,446970.0,4225.400453020135,
eastern-ok,fod_ignition_density,wildfire,national-fpa-fod-tract-table,1192,0,0.0,454,0.0,288.8218314479856,4.812007014749407,
eastern-ok,fod_human_fires,wildfire,national-fpa-fod-tract-table,1192,0,0.0,144,0.0,2769.0,32.39093959731544,
eastern-ok,fod_natural_fires,wildfire,national-fpa-fod-tract-table,1192,0,0.0,39,0.0,143.0,1.794463087248322,
eastern-ok,fod_large_fires,wildfire,national-fpa-fod-tract-table,1192,0,0.0,39,0.0,101.0,1.804530201342282,
eastern-ok,fod_human_share,wildfire,national-fpa-fod-tract-table,1192,739,0.6199664429530202,184,0.0,1.0,0.8384241161758642,
eastern-ok,fod_human_share_classified,wildfire,national-fpa-fod-tract-table,1192,749,0.6283557046979866,151,0.0,1.0,0.9303929964437786,
eastern-ok,fod_cause_unknown_share,wildfire,national-fpa-fod-tract-table,1192,739,0.6199664429530202,134,0.0,1.0,0.09805788968191985,
eastern-ok,fod_last_fire_year,wildfire,national-fpa-fod-tract-table,1192,739,0.6199664429530202,20,1993.0,2020.0,2015.5938189845474,
eastern-ok,fod_largest_fire_acres,wildfire,national-fpa-fod-tract-table,1192,739,0.6199664429530202,295,0.1,367740.0,4272.969757174393,
eastern-ok,fod_ever,wildfire,national-fpa-fod-tract-table,1192,0,0.0,2,,,,
eastern-ok,fod_year_min,wildfire,national-fpa-fod-tract-table,1192,0,0.0,1,1992.0,1992.0,1992.0,
eastern-ok,fod_year_max,wildfire,national-fpa-fod-tract-table,1192,0,0.0,1,2020.0,2020.0,2020.0,
eastern-ok,fod_edition,wildfire,national-fpa-fod-tract-table,1192,0,0.0,1,,,,
eastern-ok,ghcn_covered,heat,national-noaa-ghcn-tract-table,1192,0,0.0,1,,,,
eastern-ok,ghcn_stations_in_tract,heat,national-noaa-ghcn-tract-table,1192,0,0.0,8,0.0,7.0,0.5486577181208053,
eastern-ok,ghcn_temp_stations_in_tract,heat,national-noaa-ghcn-tract-table,1192,0,0.0,4,0.0,3.0,0.10654362416107382,
eastern-ok,ghcn_any_nearest_km,heat,national-noaa-ghcn-tract-table,1192,0,0.0,1192,0.06735132835176195,29.87820613404257,4.841157040513863,
eastern-ok,ghcn_temp_nearest_km,heat,national-noaa-ghcn-tract-table,1192,0,0.0,1192,0.1516082107231608,54.01992974838931,12.421820798466959,
eastern-ok,ghcn_prcp_nearest_km,heat,national-noaa-ghcn-tract-table,1192,0,0.0,1192,0.06735132835176195,31.075584017626042,4.845993856527404,
eastern-ok,ghcn_any_within_25km,heat,national-noaa-ghcn-tract-table,1192,0,0.0,107,0.0,107.0,34.63255033557047,
eastern-ok,ghcn_temp_within_25km,heat,national-noaa-ghcn-tract-table,1192,0,0.0,9,0.0,8.0,2.202181208053691,
eastern-ok,ghcn_anchor_unreliable,heat,national-noaa-ghcn-tract-table,1192,0,0.0,2,,,,
eastern-ok,ghcn_year_min,heat,national-noaa-ghcn-tract-table,1192,0,0.0,1,2015.0,2015.0,2015.0,
eastern-ok,ghcn_year_max,heat,national-noaa-ghcn-tract-table,1192,0,0.0,1,2023.0,2023.0,2023.0,
eastern-ok,cdcw_covered,heat,national-cdc-wonder-tract-table,1192,0,0.0,1,,,,
eastern-ok,cdcw_grain,heat,national-cdc-wonder-tract-table,1192,0,0.0,1,,,,
eastern-ok,hwd_maxtemp_mean,heat,national-cdc-wonder-tract-table,1192,0,0.0,33,5.766666666666667,6.966666666666667,6.591862416107382,
eastern-ok,hwd_maxtemp_change,heat,national-cdc-wonder-tract-table,1192,0,0.0,65,1.3999999999999995,12.066666666666666,5.776454138702462,
eastern-ok,hwd_maxtemp_trend_days_per_decade,heat,national-cdc-wonder-tract-table,1192,0,0.0,72,0.34260289210233597,7.637374860956618,2.9419993131816855,
eastern-ok,hwd_maxtemp_trend_p,heat,national-cdc-wonder-tract-table,1192,0,0.0,73,0.0043446888784036885,0.829578523422951,0.18536980948877896,
eastern-ok,hwd_maxtemp_never_defined,heat,national-cdc-wonder-tract-table,1192,0,0.0,1,,,,
eastern-ok,hwd_heatindex_mean,heat,national-cdc-wonder-tract-table,1192,0,0.0,24,5.266666666666667,6.1,5.780984340044743,
eastern-ok,hwd_heatindex_change,heat,national-cdc-wonder-tract-table,1192,0,0.0,60,2.133333333333333,7.333333333333334,4.55503355704698,
eastern-ok,hwd_heatindex_trend_days_per_decade,heat,national-cdc-wonder-tract-table,1192,0,0.0,73,1.5528364849833145,5.165739710789766,2.8988622705317613,
eastern-ok,hwd_heatindex_trend_p,heat,national-cdc-wonder-tract-table,1192,0,0.0,73,0.0016198575041918757,0.2744662861843354,0.0662785286695359,
eastern-ok,hwd_heatindex_never_defined,heat,national-cdc-wonder-tract-table,1192,0,0.0,1,,,,
eastern-ok,hwd_heatstress_mean,heat,national-cdc-wonder-tract-table,1192,0,0.0,24,5.6,6.433333333333334,6.114653243847874,
eastern-ok,hwd_heatstress_change,heat,national-cdc-wonder-tract-table,1192,0,0.0,63,2.2666666666666666,8.866666666666667,4.623713646532439,
eastern-ok,hwd_heatstress_trend_days_per_decade,heat,national-cdc-wonder-tract-table,1192,0,0.0,73,1.3081201334816464,5.474972191323692,2.8111398944390116,
eastern-ok,hwd_heatstress_trend_p,heat,national-cdc-wonder-tract-table,1192,0,0.0,73,0.0022531819045892615,0.3030877034523917,0.09193914208151421,
eastern-ok,hwd_heatstress_never_defined,heat,national-cdc-wonder-tract-table,1192,0,0.0,1,,,,
eastern-ok,cdcw_window_start,heat,national-cdc-wonder-tract-table,1192,0,0.0,1,1981.0,1981.0,1981.0,
eastern-ok,cdcw_window_end,heat,national-cdc-wonder-tract-table,1192,0,0.0,1,2010.0,2010.0,2010.0,
eastern-ok,gehe_covered,heat,national-nasa-heat-tract-table,1192,0,0.0,1,,,,
eastern-ok,gehe_coverage_frac,heat,national-nasa-heat-tract-table,1192,0,0.0,568,0.9999999413724988,1.0,0.9999999937648938,
eastern-ok,gehe_wbgt28_days_mean,heat,national-nasa-heat-tract-table,1192,0,0.0,1028,12.158199370314865,47.52525583483704,33.585854986280566,
eastern-ok,gehe_wbgt28_days_change,heat,national-nasa-heat-tract-table,1192,0,0.0,1007,2.5976035292325648,11.110377643986773,6.809748158190485,
eastern-ok,gehe_wbgt28_trend_days_per_yr,heat,national-nasa-heat-tract-table,1192,0,0.0,8,0.0,0.27748139069091166,0.0005796012738437483,
eastern-ok,gehe_wbgt30_days_mean,heat,national-nasa-heat-tract-table,1192,0,0.0,1020,0.2790652917357977,9.856217161070155,4.910213017641728,
eastern-ok,gehe_wbgt30_days_change,heat,national-nasa-heat-tract-table,1192,0,0.0,999,0.4344637911424587,9.066596913561611,4.626105765735722,
eastern-ok,gehe_wbgt30_trend_days_per_yr,heat,national-nasa-heat-tract-table,1192,0,0.0,269,0.0,0.28562926952229056,0.02495665785612551,
eastern-ok,gehe_wbgt32_days_mean,heat,national-nasa-heat-tract-table,1192,0,0.0,195,0.0,0.11764705882352941,0.01965895303509182,
eastern-ok,gehe_wbgt32_days_change,heat,national-nasa-heat-tract-table,1192,0,0.0,160,-0.1,0.4,0.03992981314635154,
eastern-ok,gehe_wbgt32_trend_days_per_yr,heat,national-nasa-heat-tract-table,1192,0,0.0,1,0.0,0.0,0.0,
eastern-ok,gehe_record_start,heat,national-nasa-heat-tract-table,1192,0,0.0,1,1983.0,1983.0,1983.0,
eastern-ok,gehe_record_end,heat,national-nasa-heat-tract-table,1192,0,0.0,1,2016.0,2016.0,2016.0,
eastern-ok,uhe_covered,heat,national-nasa-heat-tract-table,1192,0,0.0,2,,,,
eastern-ok,uhe_city_name,heat,national-nasa-heat-tract-table,1192,691,0.5796979865771812,6,,,,
eastern-ok,uhe_city_country,heat,national-nasa-heat-tract-table,1192,691,0.5796979865771812,1,,,,
eastern-ok,uhe_overlap_frac,heat,national-nasa-heat-tract-table,1192,691,0.5796979865771812,200,0.00016108996288040586,1.0,0.805337471551616,
eastern-ok,uhe_wbgtmax28_days_per_yr,heat,national-nasa-heat-tract-table,1192,691,0.5796979865771812,6,28.61764705882353,40.64705882352941,33.11289186333216,
eastern-ok,uhe_wbgtmax30_days_per_yr,heat,national-nasa-heat-tract-table,1192,691,0.5796979865771812,6,1.9705882352941178,8.441176470588236,4.458142538452506,
eastern-ok,uhe_himax461_days_per_yr,heat,national-nasa-heat-tract-table,1192,691,0.5796979865771812,3,0.0,0.3235294117647059,0.11441822237877187,
eastern-ok,pmdi_covered,drought,national-drought-gov-tract-table,1192,0,0.0,1,,,,
eastern-ok,pmdi_mean,drought,national-drought-gov-tract-table,1192,0,0.0,71,-0.3093518518518518,1.7097222222222224,1.0706780543127021,
eastern-ok,pmdi_summer_mean,drought,national-drought-gov-tract-table,1192,0,0.0,73,-0.35944444444444446,1.9207407407407406,1.2691281382053194,
eastern-ok,pmdi_winter_mean,drought,national-drought-gov-tract-table,1192,0,0.0,73,-0.25925925925925924,1.5905555555555555,0.8722279704200846,
eastern-ok,pmdi_pct_months_severe,drought,national-drought-gov-tract-table,1192,0,0.0,16,0.0,18.51851851851852,1.2840231170768084,
eastern-ok,pmdi_recent_percentile,drought,national-drought-gov-tract-table,1192,0,0.0,41,37.878787878787875,87.12121212121212,72.33196054504779,
eastern-ok,pmdi_mean_1895_2025,drought,national-drought-gov-tract-table,1192,0,0.0,73,-0.23230671736375158,0.4717046894803549,0.11103818974830089,
eastern-ok,spi_covered,drought,national-drought-gov-tract-table,1192,0,0.0,1,,,,
eastern-ok,spi_calibration,drought,national-drought-gov-tract-table,1192,1192,1.0,0,,,,
eastern-ok,spi03_mean,drought,national-drought-gov-tract-table,1192,0,0.0,1103,0.034897749867633915,0.764022915799229,0.38700611224212506,
eastern-ok,spi03_summer_mean,drought,national-drought-gov-tract-table,1192,0,0.0,1103,0.06862546863886616,0.9178284649523117,0.5159203739219637,
eastern-ok,spi03_winter_mean,drought,national-drought-gov-tract-table,1192,0,0.0,1103,-0.21104832399971438,0.6735921042474098,0.28485998231144544,
eastern-ok,spi03_pct_months_d2,drought,national-drought-gov-tract-table,1192,0,0.0,344,0.0,4.889779073989184,0.9330552310075051,
eastern-ok,spi12_mean,drought,national-drought-gov-tract-table,1192,0,0.0,1103,0.03830103252359717,1.441052887281477,0.6875471464173315,
eastern-ok,spi12_summer_mean,drought,national-drought-gov-tract-table,1192,0,0.0,1103,0.02199471101931649,1.4941790662799006,0.6936987279123853,
eastern-ok,spi12_winter_mean,drought,national-drought-gov-tract-table,1192,0,0.0,1103,0.06225013817207518,1.4693821880264029,0.7581563412417327,
eastern-ok,spi12_pct_months_d2,drought,national-drought-gov-tract-table,1192,0,0.0,29,0.0,4.873933785059162,0.038306568302341144,
eastern-ok,drought_gov_window_start,drought,national-drought-gov-tract-table,1192,0,0.0,1,2015.0,2015.0,2015.0,
eastern-ok,drought_gov_window_end,drought,national-drought-gov-tract-table,1192,0,0.0,1,2023.0,2023.0,2023.0,
south-central-tx,GEOID,geography,national-census-tract-table,6003,0,0.0,6003,,,,
south-central-tx,STATEFP,geography,national-census-tract-table,6003,0,0.0,1,,,,
south-central-tx,COUNTYFP,geography,national-census-tract-table,6003,0,0.0,185,,,,
south-central-tx,state_usps,geography,national-census-tract-table,6003,0,0.0,1,,,,
south-central-tx,state_name,geography,national-census-tract-table,6003,0,0.0,1,,,,
south-central-tx,ALAND,geography,national-census-tract-table,6003,0,0.0,6000,0.0,7706249512.0,74554192.85324004,
south-central-tx,AWATER,geography,national-census-tract-table,6003,0,0.0,3516,0.0,866385073.0,2086627.5020822922,
south-central-tx,INTPTLAT,geography,national-census-tract-table,6003,0,0.0,6002,,,,
south-central-tx,INTPTLON,geography,national-census-tract-table,6003,0,0.0,6002,,,,
south-central-tx,pop_total,population,national-census-tract-table,6003,0,0.0,3858,0.0,30199.0,4290.949358654007,
south-central-tx,pop_urban,population,national-census-tract-table,6003,0,0.0,3659,0.0,27117.0,3635.006829918374,
south-central-tx,pop_rural,population,national-census-tract-table,6003,0,0.0,1529,0.0,13573.0,655.9425287356322,
south-central-tx,pct_urban,population,national-census-tract-table,6003,14,0.002332167249708479,1350,0.0,1.0,0.8250679506872712,
south-central-tx,ur_class,population,national-census-tract-table,6003,14,0.002332167249708479,2,,,,
south-central-tx,tract_vintage,geography,national-census-tract-table,6003,0,0.0,1,2020.0,2020.0,2020.0,
south-central-tx,svi_covered,svi,national-svi-tract-table,6003,0,0.0,2,,,,
south-central-tx,svi_rank_universe,svi,national-svi-tract-table,6003,2,0.0003331667499583542,1,,,,
south-central-tx,svi_overall,svi,national-svi-tract-table,6003,45,0.0074962518740629685,4497,0.0,1.0,0.5813830480026854,
south-central-tx,svi_socioeconomic,svi,national-svi-tract-table,6003,45,0.0074962518740629685,4435,0.0,0.9999,0.6013508392077879,
south-central-tx,svi_household,svi,national-svi-tract-table,6003,45,0.0074962518740629685,4466,0.0,1.0,0.5598476670023498,
south-central-tx,svi_minority,svi,national-svi-tract-table,6003,28,0.004664334499416958,944,0.0,0.9954,0.6897808870292887,
south-central-tx,svi_housing_transport,svi,national-svi-tract-table,6003,45,0.0074962518740629685,4482,0.0,0.9997,0.4786664149043304,
south-central-tx,svi_pop,svi,national-svi-tract-table,6003,2,0.0003331667499583542,3933,0.0,28999.0,4308.98483586069,
south-central-tx,svi_year,svi,national-svi-tract-table,6003,0,0.0,1,2022.0,2022.0,2022.0,
south-central-tx,cvi_covered,cvi,national-cvi-tract-table,6003,0,0.0,2,,,,
south-central-tx,cvi_xwalk_coverage,cvi,national-cvi-tract-table,6003,2,0.0003331667499583542,1,1.0,1.0,1.0,
south-central-tx,cvi_overall,cvi,national-cvi-tract-table,6003,2,0.0003331667499583542,4904,0.3323354050538,0.735833279529521,0.5269798383491473,
south-central-tx,cvi_baseline,cvi,national-cvi-tract-table,6003,2,0.0003331667499583542,4930,0.2310411779697941,0.8084738068637437,0.5146822203143383,
south-central-tx,cvi_climate,cvi,national-cvi-tract-table,6003,2,0.0003331667499583542,4852,0.343126058936357,0.773732590483392,0.5433766623955593,
south-central-tx,cvi_baseline_health,cvi,national-cvi-tract-table,6003,2,0.0003331667499583542,4904,0.11977710824901898,0.8261271819611289,0.503984638071544,
south-central-tx,cvi_baseline_socioeconomic,cvi,national-cvi-tract-table,6003,2,0.0003331667499583542,4905,0.0815852642379362,0.950154006080492,0.5143950746222079,
south-central-tx,cvi_baseline_infrastructure,cvi,national-cvi-tract-table,6003,2,0.0003331667499583542,4917,0.191838496464793,1.0,0.5909435742146618,
south-central-tx,cvi_baseline_environment,cvi,national-cvi-tract-table,6003,2,0.0003331667499583542,4933,0.1044232628317011,0.90345408115737,0.4494055943489393,
south-central-tx,cvi_climate_health,cvi,national-cvi-tract-table,6003,2,0.0003331667499583542,4763,0.404489658184999,0.74080416932423,0.5439419632520363,
south-central-tx,cvi_climate_socioeconomic,cvi,national-cvi-tract-table,6003,2,0.0003331667499583542,4881,0.321850551798203,0.9141593603266072,0.5802575882150104,
south-central-tx,cvi_climate_extreme_events,cvi,national-cvi-tract-table,6003,2,0.0003331667499583542,4885,0.219636841774817,0.8779449959979341,0.505930435719631,
south-central-tx,cvi_source_vintage,cvi,national-cvi-tract-table,6003,0,0.0,1,2010.0,2010.0,2010.0,
south-central-tx,ruca_covered,rurality,national-ruca-tract-table,6003,0,0.0,1,,,,
south-central-tx,ruca_primary,rurality,national-ruca-tract-table,6003,0,0.0,11,1.0,99.0,1.9421955688822257,
south-central-tx,ruca_primary_desc,rurality,national-ruca-tract-table,6003,0,0.0,11,,,,
south-central-tx,ruca_secondary,rurality,national-ruca-tract-table,6003,0,0.0,20,1.0,99.0,1.9484091287689487,
south-central-tx,ruca_pop_density,rurality,national-ruca-tract-table,6003,0,0.0,5592,0.0,72430.2,3717.77976011994,
south-central-tx,ruca_year,rurality,national-ruca-tract-table,6003,0,0.0,1,2020.0,2020.0,2020.0,
south-central-tx,rucc_covered,rurality,national-rucc-tract-table,6003,0,0.0,1,,,,
south-central-tx,rucc_2023,rurality,national-rucc-tract-table,6003,0,0.0,9,1.0,9.0,1.7837747792770282,
south-central-tx,rucc_desc,rurality,national-rucc-tract-table,6003,0,0.0,9,,,,
south-central-tx,rucc_metro,rurality,national-rucc-tract-table,6003,0,0.0,2,,,,
south-central-tx,rucc_year,rurality,national-rucc-tract-table,6003,0,0.0,1,2023.0,2023.0,2023.0,
south-central-tx,nchs_covered,rurality,national-nchs-tract-table,6003,0,0.0,1,,,,
south-central-tx,nchs_2013,rurality,national-nchs-tract-table,6003,0,0.0,6,1.0,6.0,2.105613859736798,
south-central-tx,nchs_2013_label,rurality,national-nchs-tract-table,6003,0,0.0,6,,,,
south-central-tx,nchs_year,rurality,national-nchs-tract-table,6003,0,0.0,1,2013.0,2013.0,2013.0,
south-central-tx,tribal_any,tribal,national-tribal-tract-table,6003,0,0.0,2,,,,
south-central-tx,tribal_pct,tribal,national-tribal-tract-table,6003,0,0.0,3,0.0,0.02746218420680744,4.694863459124705e-06,
south-central-tx,tribal_legal,tribal,national-tribal-tract-table,6003,0,0.0,2,,,,
south-central-tx,tribal_legal_pct,tribal,national-tribal-tract-table,6003,0,0.0,3,0.0,0.02746218420680744,4.694863459124705e-06,
south-central-tx,tribal_statistical,tribal,national-tribal-tract-table,6003,0,0.0,1,,,,
south-central-tx,tribal_stat_pct,tribal,national-tribal-tract-table,6003,0,0.0,1,0.0,0.0,0.0,
south-central-tx,aiannh_geoid,tribal,national-tribal-tract-table,6003,6001,0.9996668332500417,1,,,,
south-central-tx,aiannh_name,tribal,national-tribal-tract-table,6003,6001,0.9996668332500417,1,,,,
south-central-tx,aiannh_kind,tribal,national-tribal-tract-table,6003,6001,0.9996668332500417,1,,,,
south-central-tx,usdm_covered,drought,national-usdm-drought-tract-table,6003,0,0.0,2,,,,
south-central-tx,usdm_summer_dsci,drought,national-usdm-drought-tract-table,6003,2,0.0003331667499583542,5846,31.642909907252175,183.98021142844422,87.27922160745514,
south-central-tx,usdm_summer_pct_d0plus,drought,national-usdm-drought-tract-table,6003,2,0.0003331667499583542,5414,18.478588633843508,77.08036173977477,41.39161358422172,
south-central-tx,usdm_summer_pct_d2plus,drought,national-usdm-drought-tract-table,6003,2,0.0003331667499583542,4332,1.3845498372552498,36.6146221364384,13.45149707539671,
south-central-tx,usdm_winter_dsci,drought,national-usdm-drought-tract-table,6003,2,0.0003331667499583542,5816,32.331135969496444,188.00231189106685,93.28973597388682,
south-central-tx,usdm_winter_pct_d0plus,drought,national-usdm-drought-tract-table,6003,2,0.0003331667499583542,5274,20.306245984276483,70.30873833403187,46.53130276810887,
south-central-tx,usdm_winter_pct_d2plus,drought,national-usdm-drought-tract-table,6003,2,0.0003331667499583542,4208,0.5247079022740736,39.203563767780416,13.340501472885956,
south-central-tx,usdm_year_min,drought,national-usdm-drought-tract-table,6003,0,0.0,1,2015.0,2015.0,2015.0,
south-central-tx,usdm_year_max,drought,national-usdm-drought-tract-table,6003,0,0.0,1,2023.0,2023.0,2023.0,
south-central-tx,usfs_covered,wildfire,national-usfs-wildfire-tract-table,6003,0,0.0,1,,,,
south-central-tx,usfs_BP_mean,wildfire,national-usfs-wildfire-tract-table,6003,0,0.0,5900,0.0,0.016619727971417787,0.0005328532844435574,
south-central-tx,usfs_CFL_mean,wildfire,national-usfs-wildfire-tract-table,6003,0,0.0,5894,0.0,7.180276052678948,1.2423481788739932,
south-central-tx,usfs_CRPS_mean,wildfire,national-usfs-wildfire-tract-table,6003,0,0.0,5900,0.0,48.98458093740576,13.903648354049986,
south-central-tx,usfs_RPS_mean,wildfire,national-usfs-wildfire-tract-table,6003,0,0.0,5900,0.0,0.6350460378195002,0.01816826778518846,
south-central-tx,usfs_WHP_mean,wildfire,national-usfs-wildfire-tract-table,6003,0,0.0,5894,0.0,912.2319725601612,36.88974665133913,
south-central-tx,usfs_Exposure_mean,wildfire,national-usfs-wildfire-tract-table,6003,0,0.0,5900,0.0,0.9995004910881504,0.37138554093228426,
south-central-tx,usfs_FLEP4_mean,wildfire,national-usfs-wildfire-tract-table,6003,0,0.0,5466,0.0,0.6232203095681683,0.07856127862946417,
south-central-tx,usfs_FLEP8_mean,wildfire,national-usfs-wildfire-tract-table,6003,0,0.0,4497,0.0,0.23623518274465205,0.007424919009756324,
south-central-tx,usfs_CWiRRZ_majority_label,wildfire,national-usfs-wildfire-tract-table,6003,0,0.0,10,,,,
south-central-tx,usfs_CWiRRZ_majority_zone4_label,wildfire,national-usfs-wildfire-tract-table,6003,105,0.017491254372813594,4,,,,
south-central-tx,usfs_BuildingCount_sum,wildfire,national-usfs-wildfire-tract-table,6003,0,0.0,5999,0.0,10222.953911483288,1752.4443499991216,
south-central-tx,usfs_BuildingCover_mean,wildfire,national-usfs-wildfire-tract-table,6003,0,0.0,6002,0.0,44.03725950105103,11.033915243995107,
south-central-tx,usfs_BuildingDensity_mean,wildfire,national-usfs-wildfire-tract-table,6003,0,0.0,6003,0.0,1651.7331049948268,377.10309512541363,
south-central-tx,usfs_HUCount_sum,wildfire,national-usfs-wildfire-tract-table,6003,0,0.0,5995,0.0,10016.2710788561,1703.3038412387953,
south-central-tx,usfs_HUDen_mean,wildfire,national-usfs-wildfire-tract-table,6003,0,0.0,6003,0.0,8904.547282385654,592.2029692030734,
south-central-tx,usfs_HUExposure_mean,wildfire,national-usfs-wildfire-tract-table,6003,1,0.0001665833749791771,5895,0.0,0.005889756008264689,3.375190888961553e-05,
south-central-tx,usfs_HUImpact_mean,wildfire,national-usfs-wildfire-tract-table,6003,1,0.0001665833749791771,5894,0.0,72648978.5093452,1554670.5630263682,
south-central-tx,usfs_HURisk_mean,wildfire,national-usfs-wildfire-tract-table,6003,1,0.0001665833749791771,5824,0.0,252610.3707501762,982.4293236300442,
south-central-tx,usfs_PopCount_sum,wildfire,national-usfs-wildfire-tract-table,6003,0,0.0,5994,0.0,30455.79044437111,4729.9512704403405,
south-central-tx,usfs_PopDen_mean,wildfire,national-usfs-wildfire-tract-table,6003,0,0.0,6003,0.0,22117.22164037767,1557.7245482692451,
south-central-tx,usfs_edition,wildfire,national-usfs-wildfire-tract-table,6003,0,0.0,1,,,,
south-central-tx,usfs_extent,wildfire,national-usfs-wildfire-tract-table,6003,0,0.0,1,,,,
south-central-tx,epht_covered,heat,national-epht-heat-tract-table,6003,0,0.0,2,,,,
south-central-tx,epht_heat_days_summer,heat,national-epht-heat-tract-table,6003,2,0.0003331667499583542,93,11.0,21.555555555555557,15.025180988353796,
south-central-tx,epht_heat_days_annual,heat,national-epht-heat-tract-table,6003,2,0.0003331667499583542,111,14.222222222222221,26.555555555555557,19.28023107259901,
south-central-tx,epht_heat_events_summer,heat,national-epht-heat-tract-table,6003,2,0.0003331667499583542,86,7.777777777777778,17.555555555555557,11.583439797070858,
south-central-tx,epht_threshold,heat,national-epht-heat-tract-table,6003,0,0.0,1,,,,
south-central-tx,epht_metric,heat,national-epht-heat-tract-table,6003,0,0.0,1,,,,
south-central-tx,epht_year_min,heat,national-epht-heat-tract-table,6003,0,0.0,1,2015.0,2015.0,2015.0,
south-central-tx,epht_year_max,heat,national-epht-heat-tract-table,6003,0,0.0,1,2023.0,2023.0,2023.0,
south-central-tx,carbonplan_covered,wildfire,national-carbonplan-tract-table,6003,0,0.0,2,,,,
south-central-tx,carbonplan_buildings,wildfire,national-carbonplan-tract-table,6003,2,0.0003331667499583542,3120,12.0,16919.0,1912.1389768371937,
south-central-tx,carbonplan_bp_2011_mean,wildfire,national-carbonplan-tract-table,6003,2,0.0003331667499583542,5993,0.0,0.013853588787185931,0.0006310796601251418,
south-central-tx,carbonplan_bp_2011_median,wildfire,national-carbonplan-tract-table,6003,2,0.0003331667499583542,5972,0.0,0.013845104,0.0005941280215448995,
south-central-tx,carbonplan_bp_2047_mean,wildfire,national-carbonplan-tract-table,6003,2,0.0003331667499583542,5992,0.0,0.020817337281637125,0.0008338173327324641,
south-central-tx,carbonplan_crps_mean,wildfire,national-carbonplan-tract-table,6003,2,0.0003331667499583542,5675,0.0,42.9220495223999,11.501884671366524,
south-central-tx,carbonplan_rps_2011_mean,wildfire,national-carbonplan-tract-table,6003,2,0.0003331667499583542,5672,0.0,0.5033450585872216,0.013722264672121487,
south-central-tx,carbonplan_rps_2011_median,wildfire,national-carbonplan-tract-table,6003,2,0.0003331667499583542,2214,0.0,0.5006322,0.01175806896607382,
south-central-tx,carbonplan_rps_2047_mean,wildfire,national-carbonplan-tract-table,6003,2,0.0003331667499583542,5671,0.0,0.7583782182282554,0.018845263018083907,
south-central-tx,carbonplan_version,wildfire,national-carbonplan-tract-table,6003,0,0.0,1,,,,
south-central-tx,usgs_covered,wildfire,national-usgs-combined-tract-table,6003,0,0.0,1,,,,
south-central-tx,usgs_wildland_fire_burned_pct_area,wildfire,national-usgs-combined-tract-table,6003,0,0.0,504,0.0,39.18167467758258,0.31994100784142016,
south-central-tx,usgs_wildfire_burned_pct_area,wildfire,national-usgs-combined-tract-table,6003,0,0.0,483,0.0,38.99577925365641,0.2552007122469266,
south-central-tx,usgs_wildfire_pct_area_2plus,wildfire,national-usgs-combined-tract-table,6003,0,0.0,60,0.0,3.7121479620157674,0.008779074294105018,
south-central-tx,usgs_prescribed_burned_pct_area,wildfire,national-usgs-combined-tract-table,6003,0,0.0,111,0.0,38.19063056986928,0.07080217515300727,
south-central-tx,usgs_wildfire_return_interval_years,wildfire,national-usgs-combined-tract-table,6003,5521,0.9197068132600367,296,92.99999999999977,186.0000000109963,183.52978480204138,
south-central-tx,usgs_wildfire_fires_per_burned_pixel,wildfire,national-usgs-combined-tract-table,6003,5521,0.9197068132600367,307,0.9999999999408801,2.000000000000005,1.0185144549266318,
south-central-tx,usgs_first_year_burned,wildfire,national-usgs-combined-tract-table,6003,5521,0.9197068132600367,28,1986.0,2020.0,2009.1597510373444,
south-central-tx,usgs_last_year_burned,wildfire,national-usgs-combined-tract-table,6003,5521,0.9197068132600367,17,1996.0,2020.0,2011.9170124481327,
south-central-tx,usgs_years_since_last_fire,wildfire,national-usgs-combined-tract-table,6003,5521,0.9197068132600367,17,0.0,24.0,8.08298755186722,
south-central-tx,usgs_wildfire_ever,wildfire,national-usgs-combined-tract-table,6003,0,0.0,2,,,,
south-central-tx,usgs_record_start,wildfire,national-usgs-combined-tract-table,6003,0,0.0,1,1835.0,1835.0,1835.0,
south-central-tx,usgs_record_end,wildfire,national-usgs-combined-tract-table,6003,0,0.0,1,2020.0,2020.0,2020.0,
south-central-tx,mtbs_covered,wildfire,national-mtbs-tract-table,6003,0,0.0,2,,,,
south-central-tx,mtbs_wildfire_burned_pct_land,wildfire,national-mtbs-tract-table,6003,2,0.0003331667499583542,260,0.0,52.733013657884975,0.2753073239517592,
south-central-tx,mtbs_wildfire_burned_km2,wildfire,national-mtbs-tract-table,6003,0,0.0,260,0.0,1104.8469072474702,2.6388711909002507,
south-central-tx,mtbs_wildfire_fires,wildfire,national-mtbs-tract-table,6003,0,0.0,17,0.0,34.0,0.13776445110777943,
south-central-tx,mtbs_wildfire_last_year,wildfire,national-mtbs-tract-table,6003,5744,0.9568549058803931,23,1992.0,2023.0,2013.4015444015445,
south-central-tx,mtbs_wildfire_ever,wildfire,national-mtbs-tract-table,6003,0,0.0,2,,,,
south-central-tx,mtbs_years_since_wildfire,wildfire,national-mtbs-tract-table,6003,5744,0.9568549058803931,23,0.0,31.0,9.5984555984556,
south-central-tx,mtbs_prescribed_burned_pct_land,wildfire,national-mtbs-tract-table,6003,2,0.0003331667499583542,29,0.0,85.97089566738924,0.08238113319008852,
south-central-tx,mtbs_year_min,wildfire,national-mtbs-tract-table,6003,0,0.0,1,1984.0,1984.0,1984.0,
south-central-tx,mtbs_year_max,wildfire,national-mtbs-tract-table,6003,0,0.0,1,2023.0,2023.0,2023.0,
south-central-tx,mtbs_size_threshold,wildfire,national-mtbs-tract-table,6003,0,0.0,1,,,,
south-central-tx,nifc_covered,wildfire,national-nifc-tract-table,6003,0,0.0,2,,,,
south-central-tx,nifc_wildfire_burned_pct_land,wildfire,national-nifc-tract-table,6003,2,0.0003331667499583542,737,0.0,28.5274584147908,0.09367711596483977,
south-central-tx,nifc_wildfire_burned_km2,wildfire,national-nifc-tract-table,6003,0,0.0,738,0.0,221.50239028082194,0.4776771690733253,
south-central-tx,nifc_wildfire_fires,wildfire,national-nifc-tract-table,6003,0,0.0,26,0.0,30.0,0.41879060469765117,
south-central-tx,nifc_wildfire_last_year,wildfire,national-nifc-tract-table,6003,5266,0.8772280526403465,14,2009.0,2025.0,2023.393487109905,
south-central-tx,nifc_wildfire_ever,wildfire,national-nifc-tract-table,6003,0,0.0,2,,,,
south-central-tx,nifc_years_since_wildfire,wildfire,national-nifc-tract-table,6003,5266,0.8772280526403465,14,0.0,16.0,1.6065128900949797,
south-central-tx,nifc_prescribed_burned_pct_land,wildfire,national-nifc-tract-table,6003,2,0.0003331667499583542,38,0.0,12.782185963231868,0.01595047861806577,
south-central-tx,nifc_wildfire_fires_history,wildfire,national-nifc-tract-table,6003,0,0.0,13,0.0,24.0,0.03181742462102282,
south-central-tx,nifc_wildfire_fires_wfigs,wildfire,national-nifc-tract-table,6003,0,0.0,25,0.0,25.0,0.38697318007662834,
south-central-tx,nifc_year_min,wildfire,national-nifc-tract-table,6003,0,0.0,1,1984.0,1984.0,1984.0,
south-central-tx,nifc_year_max,wildfire,national-nifc-tract-table,6003,0,0.0,1,2025.0,2025.0,2025.0,
south-central-tx,fod_covered,wildfire,national-fpa-fod-tract-table,6003,0,0.0,2,,,,
south-central-tx,fod_fires,wildfire,national-fpa-fod-tract-table,6003,0,0.0,315,0.0,746.0,22.490754622688655,
south-central-tx,fod_acres_ignited,wildfire,national-fpa-fod-tract-table,6003,0,0.0,2075,0.0,288262.75,952.7449175378978,
south-central-tx,fod_ignition_density,wildfire,national-fpa-fod-tract-table,6003,2,0.0003331667499583542,3763,0.0,965.6163337041855,26.026672719631684,
south-central-tx,fod_human_fires,wildfire,national-fpa-fod-tract-table,6003,0,0.0,303,0.0,687.0,20.711477594536067,
south-central-tx,fod_natural_fires,wildfire,national-fpa-fod-tract-table,6003,0,0.0,48,0.0,95.0,0.738464101282692,
south-central-tx,fod_large_fires,wildfire,national-fpa-fod-tract-table,6003,0,0.0,29,0.0,42.0,0.3321672497084791,
south-central-tx,fod_human_share,wildfire,national-fpa-fod-tract-table,6003,2240,0.37314675995335667,613,0.0,1.0,0.934858807058203,
south-central-tx,fod_human_share_classified,wildfire,national-fpa-fod-tract-table,6003,2279,0.37964351157754456,427,0.0,1.0,0.9861120341218491,
south-central-tx,fod_cause_unknown_share,wildfire,national-fpa-fod-tract-table,6003,2240,0.37314675995335667,539,0.0,1.0,0.052108060096933854,
south-central-tx,fod_last_fire_year,wildfire,national-fpa-fod-tract-table,6003,2240,0.37314675995335667,28,1992.0,2020.0,2015.654530959341,
south-central-tx,fod_largest_fire_acres,wildfire,national-fpa-fod-tract-table,6003,2240,0.37314675995335667,452,0.01,220000.0,755.0641881477546,
south-central-tx,fod_ever,wildfire,national-fpa-fod-tract-table,6003,0,0.0,2,,,,
south-central-tx,fod_year_min,wildfire,national-fpa-fod-tract-table,6003,0,0.0,1,1992.0,1992.0,1992.0,
south-central-tx,fod_year_max,wildfire,national-fpa-fod-tract-table,6003,0,0.0,1,2020.0,2020.0,2020.0,
south-central-tx,fod_edition,wildfire,national-fpa-fod-tract-table,6003,0,0.0,1,,,,
south-central-tx,ghcn_covered,heat,national-noaa-ghcn-tract-table,6003,0,0.0,1,,,,
south-central-tx,ghcn_stations_in_tract,heat,national-noaa-ghcn-tract-table,6003,0,0.0,22,0.0,24.0,0.6679993336665001,
south-central-tx,ghcn_temp_stations_in_tract,heat,national-noaa-ghcn-tract-table,6003,0,0.0,5,0.0,4.0,0.06313509911710811,
south-central-tx,ghcn_any_nearest_km,heat,national-noaa-ghcn-tract-table,6003,0,0.0,6003,0.018381399754855338,37.17456556849875,3.3649039185918577,
south-central-tx,ghcn_temp_nearest_km,heat,national-noaa-ghcn-tract-table,6003,0,0.0,6003,0.09534146717180048,43.351239424387664,10.22901889646916,
south-central-tx,ghcn_prcp_nearest_km,heat,national-noaa-ghcn-tract-table,6003,0,0.0,6003,0.018381399754855338,37.17456556849875,3.388126272507555,
south-central-tx,ghcn_any_within_25km,heat,national-noaa-ghcn-tract-table,6003,0,0.0,241,0.0,256.0,64.22671997334666,
south-central-tx,ghcn_temp_within_25km,heat,national-noaa-ghcn-tract-table,6003,0,0.0,13,0.0,12.0,3.612527069798434,
south-central-tx,ghcn_anchor_unreliable,heat,national-noaa-ghcn-tract-table,6003,0,0.0,2,,,,
south-central-tx,ghcn_year_min,heat,national-noaa-ghcn-tract-table,6003,0,0.0,1,2015.0,2015.0,2015.0,
south-central-tx,ghcn_year_max,heat,national-noaa-ghcn-tract-table,6003,0,0.0,1,2023.0,2023.0,2023.0,
south-central-tx,cdcw_covered,heat,national-cdc-wonder-tract-table,6003,0,0.0,1,,,,
south-central-tx,cdcw_grain,heat,national-cdc-wonder-tract-table,6003,0,0.0,1,,,,
south-central-tx,hwd_maxtemp_mean,heat,national-cdc-wonder-tract-table,6003,0,0.0,39,5.266666666666667,7.066666666666666,6.450385918152036,
south-central-tx,hwd_maxtemp_change,heat,national-cdc-wonder-tract-table,6003,0,0.0,128,2.466666666666667,11.866666666666667,7.368848908878894,
south-central-tx,hwd_maxtemp_trend_days_per_decade,heat,national-cdc-wonder-tract-table,6003,0,0.0,179,1.5728587319243603,7.884315906562848,4.214040551100052,
south-central-tx,hwd_maxtemp_trend_p,heat,national-cdc-wonder-tract-table,6003,0,0.0,185,0.001223685126698836,0.3176709941984465,0.05740274948351431,
south-central-tx,hwd_maxtemp_never_defined,heat,national-cdc-wonder-tract-table,6003,0,0.0,1,,,,
south-central-tx,hwd_heatindex_mean,heat,national-cdc-wonder-tract-table,6003,0,0.0,49,4.066666666666666,6.066666666666666,5.215919817868843,
south-central-tx,hwd_heatindex_change,heat,national-cdc-wonder-tract-table,6003,0,0.0,109,2.7333333333333334,8.533333333333333,6.352990171580876,
south-central-tx,hwd_heatindex_trend_days_per_decade,heat,national-cdc-wonder-tract-table,6003,0,0.0,174,2.1779755283648496,6.625139043381535,4.210887140782593,
south-central-tx,hwd_heatindex_trend_p,heat,national-cdc-wonder-tract-table,6003,0,0.0,185,0.0001358267004801466,0.09822670281516309,0.008240623032307694,
south-central-tx,hwd_heatindex_never_defined,heat,national-cdc-wonder-tract-table,6003,0,0.0,1,,,,
south-central-tx,hwd_heatstress_mean,heat,national-cdc-wonder-tract-table,6003,0,0.0,42,4.933333333333334,6.433333333333334,5.632644788716752,
south-central-tx,hwd_heatstress_change,heat,national-cdc-wonder-tract-table,6003,0,0.0,116,3.133333333333333,8.933333333333334,6.088788938863901,
south-central-tx,hwd_heatstress_trend_days_per_decade,heat,national-cdc-wonder-tract-table,6003,0,0.0,174,2.6585094549499444,6.269187986651835,3.9723041704953967,
south-central-tx,hwd_heatstress_trend_p,heat,national-cdc-wonder-tract-table,6003,0,0.0,185,0.00011202116773891276,0.08485723260473667,0.01810672654819928,
south-central-tx,hwd_heatstress_never_defined,heat,national-cdc-wonder-tract-table,6003,0,0.0,1,,,,
south-central-tx,cdcw_window_start,heat,national-cdc-wonder-tract-table,6003,0,0.0,1,1981.0,1981.0,1981.0,
south-central-tx,cdcw_window_end,heat,national-cdc-wonder-tract-table,6003,0,0.0,1,2010.0,2010.0,2010.0,
south-central-tx,gehe_covered,heat,national-nasa-heat-tract-table,6003,0,0.0,1,,,,
south-central-tx,gehe_coverage_frac,heat,national-nasa-heat-tract-table,6003,0,0.0,3026,0.32071999669900675,1.0,0.9990351265959515,
south-central-tx,gehe_wbgt28_days_mean,heat,national-nasa-heat-tract-table,6003,0,0.0,4960,1.9158930847838216,135.5460753952276,61.6937062719595,
south-central-tx,gehe_wbgt28_days_change,heat,national-nasa-heat-tract-table,6003,0,0.0,4671,1.4167903085080982,23.799999999999983,9.290002671320437,
south-central-tx,gehe_wbgt28_trend_days_per_yr,heat,national-nasa-heat-tract-table,6003,0,0.0,923,0.0,1.020626425743103,0.10471675634840252,
south-central-tx,gehe_wbgt30_days_mean,heat,national-nasa-heat-tract-table,6003,0,0.0,4743,0.0,72.53798762087648,11.06988581389089,
south-central-tx,gehe_wbgt30_days_change,heat,national-nasa-heat-tract-table,6003,0,0.0,4608,-0.4751138991003614,26.99719833517731,7.733155333602017,
south-central-tx,gehe_wbgt30_trend_days_per_yr,heat,national-nasa-heat-tract-table,6003,0,0.0,2664,0.0,1.0655252009589575,0.24962561429325889,
south-central-tx,gehe_wbgt32_days_mean,heat,national-nasa-heat-tract-table,6003,0,0.0,746,0.0,1.6690735127229483,0.054233735137835776,
south-central-tx,gehe_wbgt32_days_change,heat,national-nasa-heat-tract-table,6003,0,0.0,514,-0.2,1.7694618049630177,0.04986872792631293,
south-central-tx,gehe_wbgt32_trend_days_per_yr,heat,national-nasa-heat-tract-table,6003,0,0.0,83,0.0,0.060682344324736494,0.0002152228018562188,
south-central-tx,gehe_record_start,heat,national-nasa-heat-tract-table,6003,0,0.0,1,1983.0,1983.0,1983.0,
south-central-tx,gehe_record_end,heat,national-nasa-heat-tract-table,6003,0,0.0,1,2016.0,2016.0,2016.0,
south-central-tx,uhe_covered,heat,national-nasa-heat-tract-table,6003,0,0.0,2,,,,
south-central-tx,uhe_city_name,heat,national-nasa-heat-tract-table,6003,2131,0.35498917208062636,22,,,,
south-central-tx,uhe_city_country,heat,national-nasa-heat-tract-table,6003,2131,0.35498917208062636,2,,,,
south-central-tx,uhe_overlap_frac,heat,national-nasa-heat-tract-table,6003,2131,0.35498917208062636,1128,3.385703247333532e-06,1.0,0.8650191747112466,
south-central-tx,uhe_wbgtmax28_days_per_yr,heat,national-nasa-heat-tract-table,6003,2131,0.35498917208062636,22,2.3529411764705883,135.05882352941177,61.12079940447253,
south-central-tx,uhe_wbgtmax30_days_per_yr,heat,national-nasa-heat-tract-table,6003,2131,0.35498917208062636,22,0.0,70.8529411764706,9.856891103548858,
south-central-tx,uhe_himax461_days_per_yr,heat,national-nasa-heat-tract-table,6003,2131,0.35498917208062636,13,0.0,10.588235294117647,0.40656143655809435,
south-central-tx,pmdi_covered,drought,national-drought-gov-tract-table,6003,0,0.0,1,,,,
south-central-tx,pmdi_mean,drought,national-drought-gov-tract-table,6003,0,0.0,185,-1.8896296296296298,1.620648148148148,0.4348509078793936,
south-central-tx,pmdi_summer_mean,drought,national-drought-gov-tract-table,6003,0,0.0,184,-1.894074074074074,1.6037037037037039,0.4640996168582376,
south-central-tx,pmdi_winter_mean,drought,national-drought-gov-tract-table,6003,0,0.0,183,-1.885185185185185,1.7672222222222222,0.40560219890054966,
south-central-tx,pmdi_pct_months_severe,drought,national-drought-gov-tract-table,6003,0,0.0,35,0.0,38.88888888888889,9.079410911828036,
south-central-tx,pmdi_recent_percentile,drought,national-drought-gov-tract-table,6003,0,0.0,63,25.757575757575758,78.78787878787878,61.89947955315272,
south-central-tx,pmdi_mean_1895_2025,drought,national-drought-gov-tract-table,6003,0,0.0,185,-0.4993029150823827,0.304531051964512,-0.10097011169109152,
south-central-tx,spi_covered,drought,national-drought-gov-tract-table,6003,0,0.0,2,,,,
south-central-tx,spi_calibration,drought,national-drought-gov-tract-table,6003,6003,1.0,0,,,,
south-central-tx,spi03_mean,drought,national-drought-gov-tract-table,6003,2,0.0003331667499583542,5384,-0.2714891058627986,0.6487189468989732,0.25638618333539054,
south-central-tx,spi03_summer_mean,drought,national-drought-gov-tract-table,6003,2,0.0003331667499583542,5384,-0.30477462720464715,0.8858589215070805,0.32487130688524224,
south-central-tx,spi03_winter_mean,drought,national-drought-gov-tract-table,6003,2,0.0003331667499583542,5384,-0.40646422837647533,0.5409611463546753,0.21230878199788084,
south-central-tx,spi03_pct_months_d2,drought,national-drought-gov-tract-table,6003,2,0.0003331667499583542,2100,0.0,7.407407283782959,1.5618582492442339,
south-central-tx,spi12_mean,drought,national-drought-gov-tract-table,6003,2,0.0003331667499583542,5384,-0.44185426550413637,1.1918529807738028,0.557454365297598,
south-central-tx,spi12_summer_mean,drought,national-drought-gov-tract-table,6003,2,0.0003331667499583542,5384,-0.42851411107627463,1.2248441730646558,0.568940209094684,
south-central-tx,spi12_winter_mean,drought,national-drought-gov-tract-table,6003,2,0.0003331667499583542,5384,-0.40139559505930156,1.2439163130626112,0.6567172532778212,
south-central-tx,spi12_pct_months_d2,drought,national-drought-gov-tract-table,6003,2,0.0003331667499583542,787,0.0,11.498141547820694,0.8078818729490563,
south-central-tx,drought_gov_window_start,drought,national-drought-gov-tract-table,6003,0,0.0,1,2015.0,2015.0,2015.0,
south-central-tx,drought_gov_window_end,drought,national-drought-gov-tract-table,6003,0,0.0,1,2023.0,2023.0,2023.0,
