column_name,national_position,dtype,source_table,domain,attribution_method,n_null,pct_null,n_distinct,min,max,mean,sentinel_note,role,allowed_for_scoring,scoring_reason,allowed_for_bias,bias_reason,candidate_hypotheses,candidate_hypotheses_reason,present_in_regions,missing_from_regions,present_in_all_four_regions,region_only,profile_scope,vintage_status,vintage_note
GEOID,0,string,national-census-tract-table,geography,shared-backbone,0,0.0,85396,,,,,identifier,False,"national-strata-tract-table lives entirely under strata/ (the Bias API stratification datasets), never under reference/ (the map data actually scored). The challenge's own rule — the scored coverage-gap computation must use only the datasets provided for the challenge — means no column from this table may influence the submitted coverage-gap number, regardless of its role.",False,"a join/reference key, not itself a vulnerability or hazard signal",,"allowed_for_bias=False (Step 5) — not usable for any bias-discovery hypothesis, regardless of role or domain",eastern-ok;maricopa-az;northern-ca;south-central-tx,,True,False,"national (85,396 tracts)",confirmed,tract_vintage=2020 matches the 2020 TIGER/Line Census tract boundaries and P.L. 94-171 population base.
STATEFP,1,string,national-census-tract-table,geography,shared-backbone,0,0.0,52,,,,,identifier,False,"national-strata-tract-table lives entirely under strata/ (the Bias API stratification datasets), never under reference/ (the map data actually scored). The challenge's own rule — the scored coverage-gap computation must use only the datasets provided for the challenge — means no column from this table may influence the submitted coverage-gap number, regardless of its role.",False,"a join/reference key, not itself a vulnerability or hazard signal",,"allowed_for_bias=False (Step 5) — not usable for any bias-discovery hypothesis, regardless of role or domain",eastern-ok;maricopa-az;northern-ca;south-central-tx,,True,False,"national (85,396 tracts)",confirmed,tract_vintage=2020 matches the 2020 TIGER/Line Census tract boundaries and P.L. 94-171 population base.
COUNTYFP,2,string,national-census-tract-table,geography,shared-backbone,0,0.0,330,,,,,identifier,False,"national-strata-tract-table lives entirely under strata/ (the Bias API stratification datasets), never under reference/ (the map data actually scored). The challenge's own rule — the scored coverage-gap computation must use only the datasets provided for the challenge — means no column from this table may influence the submitted coverage-gap number, regardless of its role.",False,"a join/reference key, not itself a vulnerability or hazard signal",,"allowed_for_bias=False (Step 5) — not usable for any bias-discovery hypothesis, regardless of role or domain",eastern-ok;maricopa-az;northern-ca;south-central-tx,,True,False,"national (85,396 tracts)",confirmed,tract_vintage=2020 matches the 2020 TIGER/Line Census tract boundaries and P.L. 94-171 population base.
state_usps,3,string,national-census-tract-table,geography,shared-backbone,0,0.0,52,,,,,identifier,False,"national-strata-tract-table lives entirely under strata/ (the Bias API stratification datasets), never under reference/ (the map data actually scored). The challenge's own rule — the scored coverage-gap computation must use only the datasets provided for the challenge — means no column from this table may influence the submitted coverage-gap number, regardless of its role.",False,"a join/reference key, not itself a vulnerability or hazard signal",,"allowed_for_bias=False (Step 5) — not usable for any bias-discovery hypothesis, regardless of role or domain",,eastern-ok;maricopa-az;northern-ca;south-central-tx,False,False,"national (85,396 tracts)",confirmed,tract_vintage=2020 matches the 2020 TIGER/Line Census tract boundaries and P.L. 94-171 population base.
state_name,4,string,national-census-tract-table,geography,unambiguous,0,0.0,52,,,,,identifier,False,"national-strata-tract-table lives entirely under strata/ (the Bias API stratification datasets), never under reference/ (the map data actually scored). The challenge's own rule — the scored coverage-gap computation must use only the datasets provided for the challenge — means no column from this table may influence the submitted coverage-gap number, regardless of its role.",False,"a join/reference key, not itself a vulnerability or hazard signal",,"allowed_for_bias=False (Step 5) — not usable for any bias-discovery hypothesis, regardless of role or domain",,eastern-ok;maricopa-az;northern-ca;south-central-tx,False,False,"national (85,396 tracts)",confirmed,tract_vintage=2020 matches the 2020 TIGER/Line Census tract boundaries and P.L. 94-171 population base.
ALAND,5,int64,national-census-tract-table,geography,shared-backbone,0,0.0,84765,0.0,221506333133.0,107275916.46876904,,geometry_measure,False,"national-strata-tract-table lives entirely under strata/ (the Bias API stratification datasets), never under reference/ (the map data actually scored). The challenge's own rule — the scored coverage-gap computation must use only the datasets provided for the challenge — means no column from this table may influence the submitted coverage-gap number, regardless of its role.",True,"tract land area/water area/centroid — usable as a rurality/isolation proxy or for spatial statistics (Moran's I, Getis-Ord Gi*)",Tribal Sub-type + Edge Effect; Dispatch-Blind Reachability,tract area/centroid — the raw material for distance-to-boundary edge-effect analysis and a plausible isolation proxy for reachability,eastern-ok;maricopa-az;northern-ca;south-central-tx,,True,False,"national (85,396 tracts)",confirmed,tract_vintage=2020 matches the 2020 TIGER/Line Census tract boundaries and P.L. 94-171 population base.
AWATER,6,int64,national-census-tract-table,geography,shared-backbone,0,0.0,49221,0.0,25676773493.0,8220781.737950255,,geometry_measure,False,"national-strata-tract-table lives entirely under strata/ (the Bias API stratification datasets), never under reference/ (the map data actually scored). The challenge's own rule — the scored coverage-gap computation must use only the datasets provided for the challenge — means no column from this table may influence the submitted coverage-gap number, regardless of its role.",True,"tract land area/water area/centroid — usable as a rurality/isolation proxy or for spatial statistics (Moran's I, Getis-Ord Gi*)",Tribal Sub-type + Edge Effect; Dispatch-Blind Reachability,tract area/centroid — the raw material for distance-to-boundary edge-effect analysis and a plausible isolation proxy for reachability,,eastern-ok;maricopa-az;northern-ca;south-central-tx,False,False,"national (85,396 tracts)",confirmed,tract_vintage=2020 matches the 2020 TIGER/Line Census tract boundaries and P.L. 94-171 population base.
INTPTLAT,7,string,national-census-tract-table,geography,shared-backbone,0,0.0,85373,,,,,geometry_measure,False,"national-strata-tract-table lives entirely under strata/ (the Bias API stratification datasets), never under reference/ (the map data actually scored). The challenge's own rule — the scored coverage-gap computation must use only the datasets provided for the challenge — means no column from this table may influence the submitted coverage-gap number, regardless of its role.",True,"tract land area/water area/centroid — usable as a rurality/isolation proxy or for spatial statistics (Moran's I, Getis-Ord Gi*)",Tribal Sub-type + Edge Effect; Dispatch-Blind Reachability,tract area/centroid — the raw material for distance-to-boundary edge-effect analysis and a plausible isolation proxy for reachability,,eastern-ok;maricopa-az;northern-ca;south-central-tx,False,False,"national (85,396 tracts)",confirmed,tract_vintage=2020 matches the 2020 TIGER/Line Census tract boundaries and P.L. 94-171 population base.
INTPTLON,8,string,national-census-tract-table,geography,shared-backbone,0,0.0,85386,,,,,geometry_measure,False,"national-strata-tract-table lives entirely under strata/ (the Bias API stratification datasets), never under reference/ (the map data actually scored). The challenge's own rule — the scored coverage-gap computation must use only the datasets provided for the challenge — means no column from this table may influence the submitted coverage-gap number, regardless of its role.",True,"tract land area/water area/centroid — usable as a rurality/isolation proxy or for spatial statistics (Moran's I, Getis-Ord Gi*)",Tribal Sub-type + Edge Effect; Dispatch-Blind Reachability,tract area/centroid — the raw material for distance-to-boundary edge-effect analysis and a plausible isolation proxy for reachability,,eastern-ok;maricopa-az;northern-ca;south-central-tx,False,False,"national (85,396 tracts)",confirmed,tract_vintage=2020 matches the 2020 TIGER/Line Census tract boundaries and P.L. 94-171 population base.
pop_total,9,int64,national-census-tract-table,population,unambiguous,0,0.0,8408,0.0,37892.0,3919.798995269099,,population,False,"national-strata-tract-table lives entirely under strata/ (the Bias API stratification datasets), never under reference/ (the map data actually scored). The challenge's own rule — the scored coverage-gap computation must use only the datasets provided for the challenge — means no column from this table may influence the submitted coverage-gap number, regardless of its role.",True,base population/urban-rural figures — directly needed for population-weighting critiques of any tract-mean disparity statistic,Population Exposure vs. Disparity; Component Dominance; Dispatch-Blind Reachability,"base population figures — directly needed for population-weighted disparity, weighted vulnerability crosstabs, and reachability covariates",eastern-ok;maricopa-az;northern-ca;south-central-tx,,True,False,"national (85,396 tracts)",confirmed,tract_vintage=2020 matches the 2020 TIGER/Line Census tract boundaries and P.L. 94-171 population base.
pop_urban,10,int64,national-census-tract-table,population,unambiguous,0,0.0,8624,0.0,27117.0,3140.286851843178,,population,False,"national-strata-tract-table lives entirely under strata/ (the Bias API stratification datasets), never under reference/ (the map data actually scored). The challenge's own rule — the scored coverage-gap computation must use only the datasets provided for the challenge — means no column from this table may influence the submitted coverage-gap number, regardless of its role.",True,base population/urban-rural figures — directly needed for population-weighting critiques of any tract-mean disparity statistic,Population Exposure vs. Disparity; Component Dominance; Dispatch-Blind Reachability,"base population figures — directly needed for population-weighted disparity, weighted vulnerability crosstabs, and reachability covariates",eastern-ok;maricopa-az;northern-ca;south-central-tx,,True,False,"national (85,396 tracts)",confirmed,tract_vintage=2020 matches the 2020 TIGER/Line Census tract boundaries and P.L. 94-171 population base.
pop_rural,11,int64,national-census-tract-table,population,unambiguous,0,0.0,5990,0.0,16035.0,779.5121434259216,,population,False,"national-strata-tract-table lives entirely under strata/ (the Bias API stratification datasets), never under reference/ (the map data actually scored). The challenge's own rule — the scored coverage-gap computation must use only the datasets provided for the challenge — means no column from this table may influence the submitted coverage-gap number, regardless of its role.",True,base population/urban-rural figures — directly needed for population-weighting critiques of any tract-mean disparity statistic,Population Exposure vs. Disparity; Component Dominance; Dispatch-Blind Reachability,"base population figures — directly needed for population-weighted disparity, weighted vulnerability crosstabs, and reachability covariates",eastern-ok;maricopa-az;northern-ca;south-central-tx,,True,False,"national (85,396 tracts)",confirmed,tract_vintage=2020 matches the 2020 TIGER/Line Census tract boundaries and P.L. 94-171 population base.
pct_urban,12,double,national-census-tract-table,population,unambiguous,615,0.0072017424703733,21956,0.0,1.0,0.7747747506453658,,population,False,"national-strata-tract-table lives entirely under strata/ (the Bias API stratification datasets), never under reference/ (the map data actually scored). The challenge's own rule — the scored coverage-gap computation must use only the datasets provided for the challenge — means no column from this table may influence the submitted coverage-gap number, regardless of its role.",True,base population/urban-rural figures — directly needed for population-weighting critiques of any tract-mean disparity statistic,Population Exposure vs. Disparity; Component Dominance; Dispatch-Blind Reachability,"base population figures — directly needed for population-weighted disparity, weighted vulnerability crosstabs, and reachability covariates",eastern-ok;maricopa-az;northern-ca;south-central-tx,,True,False,"national (85,396 tracts)",confirmed,tract_vintage=2020 matches the 2020 TIGER/Line Census tract boundaries and P.L. 94-171 population base.
ur_class,13,string,national-census-tract-table,population,unambiguous,615,0.0072017424703733,2,,,,,population,False,"national-strata-tract-table lives entirely under strata/ (the Bias API stratification datasets), never under reference/ (the map data actually scored). The challenge's own rule — the scored coverage-gap computation must use only the datasets provided for the challenge — means no column from this table may influence the submitted coverage-gap number, regardless of its role.",True,base population/urban-rural figures — directly needed for population-weighting critiques of any tract-mean disparity statistic,Population Exposure vs. Disparity; Component Dominance; Dispatch-Blind Reachability,"base population figures — directly needed for population-weighted disparity, weighted vulnerability crosstabs, and reachability covariates",eastern-ok;maricopa-az;northern-ca;south-central-tx,,True,False,"national (85,396 tracts)",confirmed,tract_vintage=2020 matches the 2020 TIGER/Line Census tract boundaries and P.L. 94-171 population base.
tract_vintage,14,int64,national-census-tract-table,geography,shared-backbone,0,0.0,1,2020.0,2020.0,2020.0,,vintage_metadata,False,"national-strata-tract-table lives entirely under strata/ (the Bias API stratification datasets), never under reference/ (the map data actually scored). The challenge's own rule — the scored coverage-gap computation must use only the datasets provided for the challenge — means no column from this table may influence the submitted coverage-gap number, regardless of its role.",False,"constant across all tracts nationally (n_distinct=1) — carries no discriminative signal for any bias analysis, regardless of role",,"allowed_for_bias=False (Step 5) — not usable for any bias-discovery hypothesis, regardless of role or domain",,eastern-ok;maricopa-az;northern-ca;south-central-tx,False,False,"national (85,396 tracts)",confirmed,tract_vintage=2020 matches the 2020 TIGER/Line Census tract boundaries and P.L. 94-171 population base.
svi_covered,15,bool,national-svi-tract-table,svi,unambiguous,0,0.0,2,,,,,coverage_flag,False,"national-strata-tract-table lives entirely under strata/ (the Bias API stratification datasets), never under reference/ (the map data actually scored). The challenge's own rule — the scored coverage-gap computation must use only the datasets provided for the challenge — means no column from this table may influence the submitted coverage-gap number, regardless of its role.",True,"central to Measurement Eligibility Bias analysis (whether a hazard/vulnerability measurement exists for a tract at all, cross-tabulated against SVI/tribal/rurality/hazard exposure)",Measurement Eligibility Bias,a <source>_covered flag — whether this strata source has data for a tract at all is exactly what Measurement Eligibility Bias asks,eastern-ok;maricopa-az;northern-ca;south-central-tx,,True,False,"national (85,396 tracts)",confirmed,svi_year=2022 is CDC/ATSDR's current full SVI release (2018-2022 5-year ACS).
svi_rank_universe,16,string,national-svi-tract-table,svi,unambiguous,337,0.0039463206707574,2,,,,,measurement,False,"national-strata-tract-table lives entirely under strata/ (the Bias API stratification datasets), never under reference/ (the map data actually scored). The challenge's own rule — the scored coverage-gap computation must use only the datasets provided for the challenge — means no column from this table may influence the submitted coverage-gap number, regardless of its role.",True,a substantive per-tract measurement with real variance nationally,Measurement Eligibility Bias; Source Provenance x Vulnerability; Component Dominance,svi-domain measurement — generic vulnerability/hazard covariate raw material,eastern-ok;maricopa-az;northern-ca;south-central-tx,,True,False,"national (85,396 tracts)",confirmed,svi_year=2022 is CDC/ATSDR's current full SVI release (2018-2022 5-year ACS).
svi_overall,17,double,national-svi-tract-table,svi,unambiguous,1135,0.0132910206567052,10001,0.0,1.0,0.4999938536214856,,measurement,False,"national-strata-tract-table lives entirely under strata/ (the Bias API stratification datasets), never under reference/ (the map data actually scored). The challenge's own rule — the scored coverage-gap computation must use only the datasets provided for the challenge — means no column from this table may influence the submitted coverage-gap number, regardless of its role.",True,a substantive per-tract measurement with real variance nationally,Measurement Eligibility Bias; Source Provenance x Vulnerability; Component Dominance,svi-domain measurement — generic vulnerability/hazard covariate raw material,eastern-ok;maricopa-az;northern-ca;south-central-tx,,True,False,"national (85,396 tracts)",confirmed,svi_year=2022 is CDC/ATSDR's current full SVI release (2018-2022 5-year ACS).
svi_socioeconomic,18,double,national-svi-tract-table,svi,unambiguous,1135,0.0132910206567052,9997,0.0,1.0,0.4999873084819787,,measurement,False,"national-strata-tract-table lives entirely under strata/ (the Bias API stratification datasets), never under reference/ (the map data actually scored). The challenge's own rule — the scored coverage-gap computation must use only the datasets provided for the challenge — means no column from this table may influence the submitted coverage-gap number, regardless of its role.",True,a substantive per-tract measurement with real variance nationally,Measurement Eligibility Bias; Source Provenance x Vulnerability; Component Dominance,svi-domain measurement — generic vulnerability/hazard covariate raw material,eastern-ok;maricopa-az;northern-ca;south-central-tx,,True,False,"national (85,396 tracts)",confirmed,svi_year=2022 is CDC/ATSDR's current full SVI release (2018-2022 5-year ACS).
svi_household,19,double,national-svi-tract-table,svi,unambiguous,1117,0.0130802379502552,9919,0.0,1.0,0.4999775638059303,,measurement,False,"national-strata-tract-table lives entirely under strata/ (the Bias API stratification datasets), never under reference/ (the map data actually scored). The challenge's own rule — the scored coverage-gap computation must use only the datasets provided for the challenge — means no column from this table may influence the submitted coverage-gap number, regardless of its role.",True,a substantive per-tract measurement with real variance nationally,Measurement Eligibility Bias; Source Provenance x Vulnerability; Component Dominance,svi-domain measurement — generic vulnerability/hazard covariate raw material,eastern-ok;maricopa-az;northern-ca;south-central-tx,,True,False,"national (85,396 tracts)",confirmed,svi_year=2022 is CDC/ATSDR's current full SVI release (2018-2022 5-year ACS).
svi_minority,20,double,national-svi-tract-table,svi,unambiguous,857,0.0100355988570893,1064,0.0,0.9954,0.498093063556465,,measurement,False,"national-strata-tract-table lives entirely under strata/ (the Bias API stratification datasets), never under reference/ (the map data actually scored). The challenge's own rule — the scored coverage-gap computation must use only the datasets provided for the challenge — means no column from this table may influence the submitted coverage-gap number, regardless of its role.",True,a substantive per-tract measurement with real variance nationally,Measurement Eligibility Bias; Source Provenance x Vulnerability; Component Dominance,svi-domain measurement — generic vulnerability/hazard covariate raw material,eastern-ok;maricopa-az;northern-ca;south-central-tx,,True,False,"national (85,396 tracts)",confirmed,svi_year=2022 is CDC/ATSDR's current full SVI release (2018-2022 5-year ACS).
svi_housing_transport,21,double,national-svi-tract-table,svi,unambiguous,1116,0.0130685277998969,9861,0.0,1.0,0.4999655897009967,,measurement,False,"national-strata-tract-table lives entirely under strata/ (the Bias API stratification datasets), never under reference/ (the map data actually scored). The challenge's own rule — the scored coverage-gap computation must use only the datasets provided for the challenge — means no column from this table may influence the submitted coverage-gap number, regardless of its role.",True,a substantive per-tract measurement with real variance nationally,Measurement Eligibility Bias; Source Provenance x Vulnerability; Component Dominance,svi-domain measurement — generic vulnerability/hazard covariate raw material,eastern-ok;maricopa-az;northern-ca;south-central-tx,,True,False,"national (85,396 tracts)",confirmed,svi_year=2022 is CDC/ATSDR's current full SVI release (2018-2022 5-year ACS).
svi_pop,22,double,national-svi-tract-table,svi,unambiguous,337,0.0039463206707574,8577,0.0,38907.0,3931.035810437461,,measurement,False,"national-strata-tract-table lives entirely under strata/ (the Bias API stratification datasets), never under reference/ (the map data actually scored). The challenge's own rule — the scored coverage-gap computation must use only the datasets provided for the challenge — means no column from this table may influence the submitted coverage-gap number, regardless of its role.",True,a substantive per-tract measurement with real variance nationally,Measurement Eligibility Bias; Source Provenance x Vulnerability; Component Dominance,svi-domain measurement — generic vulnerability/hazard covariate raw material,eastern-ok;maricopa-az;northern-ca;south-central-tx,,True,False,"national (85,396 tracts)",confirmed,svi_year=2022 is CDC/ATSDR's current full SVI release (2018-2022 5-year ACS).
svi_year,23,int64,national-svi-tract-table,svi,unambiguous,0,0.0,1,2022.0,2022.0,2022.0,,vintage_metadata,False,"national-strata-tract-table lives entirely under strata/ (the Bias API stratification datasets), never under reference/ (the map data actually scored). The challenge's own rule — the scored coverage-gap computation must use only the datasets provided for the challenge — means no column from this table may influence the submitted coverage-gap number, regardless of its role.",False,"constant across all tracts nationally (n_distinct=1) — carries no discriminative signal for any bias analysis, regardless of role",,"allowed_for_bias=False (Step 5) — not usable for any bias-discovery hypothesis, regardless of role or domain",eastern-ok;maricopa-az;northern-ca;south-central-tx,,True,False,"national (85,396 tracts)",confirmed,svi_year=2022 is CDC/ATSDR's current full SVI release (2018-2022 5-year ACS).
cvi_covered,24,bool,national-cvi-tract-table,cvi,unambiguous,0,0.0,2,,,,,coverage_flag,False,"national-strata-tract-table lives entirely under strata/ (the Bias API stratification datasets), never under reference/ (the map data actually scored). The challenge's own rule — the scored coverage-gap computation must use only the datasets provided for the challenge — means no column from this table may influence the submitted coverage-gap number, regardless of its role.",True,"central to Measurement Eligibility Bias analysis (whether a hazard/vulnerability measurement exists for a tract at all, cross-tabulated against SVI/tribal/rurality/hazard exposure)",Measurement Eligibility Bias,a <source>_covered flag — whether this strata source has data for a tract at all is exactly what Measurement Eligibility Bias asks,eastern-ok;maricopa-az;northern-ca;south-central-tx,,True,False,"national (85,396 tracts)",confirmed_with_clarification,"cvi_source_vintage=2010 is the CVI methodology's deliberately-chosen Census geography vintage, not its 2023 publication year or its ~2017-2019 underlying-data years."
cvi_xwalk_coverage,25,double,national-cvi-tract-table,cvi,unambiguous,362,0.0042390744297156,2,0.0,1.0,0.9889573582331772,,measurement,False,"national-strata-tract-table lives entirely under strata/ (the Bias API stratification datasets), never under reference/ (the map data actually scored). The challenge's own rule — the scored coverage-gap computation must use only the datasets provided for the challenge — means no column from this table may influence the submitted coverage-gap number, regardless of its role.",True,a substantive per-tract measurement with real variance nationally,Measurement Eligibility Bias; Source Provenance x Vulnerability; Component Dominance,cvi-domain measurement — generic vulnerability/hazard covariate raw material,eastern-ok;maricopa-az;northern-ca;south-central-tx,,True,False,"national (85,396 tracts)",confirmed_with_clarification,"cvi_source_vintage=2010 is the CVI methodology's deliberately-chosen Census geography vintage, not its 2023 publication year or its ~2017-2019 underlying-data years."
cvi_overall,26,double,national-cvi-tract-table,cvi,unambiguous,1301,0.0152349056161881,76853,0.229955738577128,0.751814096886698,0.5020835642712295,,measurement,False,"national-strata-tract-table lives entirely under strata/ (the Bias API stratification datasets), never under reference/ (the map data actually scored). The challenge's own rule — the scored coverage-gap computation must use only the datasets provided for the challenge — means no column from this table may influence the submitted coverage-gap number, regardless of its role.",True,a substantive per-tract measurement with real variance nationally,Measurement Eligibility Bias; Source Provenance x Vulnerability; Component Dominance,cvi-domain measurement — generic vulnerability/hazard covariate raw material,eastern-ok;maricopa-az;northern-ca;south-central-tx,,True,False,"national (85,396 tracts)",confirmed_with_clarification,"cvi_source_vintage=2010 is the CVI methodology's deliberately-chosen Census geography vintage, not its 2023 publication year or its ~2017-2019 underlying-data years."
cvi_baseline,27,double,national-cvi-tract-table,cvi,unambiguous,1301,0.0152349056161881,76937,0.1468804402808567,0.845724829962865,0.4849598249770764,,measurement,False,"national-strata-tract-table lives entirely under strata/ (the Bias API stratification datasets), never under reference/ (the map data actually scored). The challenge's own rule — the scored coverage-gap computation must use only the datasets provided for the challenge — means no column from this table may influence the submitted coverage-gap number, regardless of its role.",True,a substantive per-tract measurement with real variance nationally,Measurement Eligibility Bias; Source Provenance x Vulnerability; Component Dominance; CVI Pillar Decomposition,"cvi-domain measurement — generic vulnerability/hazard covariate raw material; also a specific CVI pillar/sub-score column, feeding CVI Pillar Decomposition directly",eastern-ok;maricopa-az;northern-ca;south-central-tx,,True,False,"national (85,396 tracts)",confirmed_with_clarification,"cvi_source_vintage=2010 is the CVI methodology's deliberately-chosen Census geography vintage, not its 2023 publication year or its ~2017-2019 underlying-data years."
cvi_climate,28,double,national-cvi-tract-table,cvi,unambiguous,1301,0.0152349056161881,76527,0.17677913613291,0.826423166831028,0.5249152166634334,,measurement,False,"national-strata-tract-table lives entirely under strata/ (the Bias API stratification datasets), never under reference/ (the map data actually scored). The challenge's own rule — the scored coverage-gap computation must use only the datasets provided for the challenge — means no column from this table may influence the submitted coverage-gap number, regardless of its role.",True,a substantive per-tract measurement with real variance nationally,Measurement Eligibility Bias; Source Provenance x Vulnerability; Component Dominance; CVI Pillar Decomposition,"cvi-domain measurement — generic vulnerability/hazard covariate raw material; also a specific CVI pillar/sub-score column, feeding CVI Pillar Decomposition directly",eastern-ok;maricopa-az;northern-ca;south-central-tx,,True,False,"national (85,396 tracts)",confirmed_with_clarification,"cvi_source_vintage=2010 is the CVI methodology's deliberately-chosen Census geography vintage, not its 2023 publication year or its ~2017-2019 underlying-data years."
cvi_baseline_health,29,double,national-cvi-tract-table,cvi,unambiguous,1301,0.0152349056161881,76876,0.0,1.0,0.4947955620607381,,measurement,False,"national-strata-tract-table lives entirely under strata/ (the Bias API stratification datasets), never under reference/ (the map data actually scored). The challenge's own rule — the scored coverage-gap computation must use only the datasets provided for the challenge — means no column from this table may influence the submitted coverage-gap number, regardless of its role.",True,a substantive per-tract measurement with real variance nationally,Measurement Eligibility Bias; Source Provenance x Vulnerability; Component Dominance; CVI Pillar Decomposition,"cvi-domain measurement — generic vulnerability/hazard covariate raw material; also a specific CVI pillar/sub-score column, feeding CVI Pillar Decomposition directly",eastern-ok;maricopa-az;northern-ca;south-central-tx,,True,False,"national (85,396 tracts)",confirmed_with_clarification,"cvi_source_vintage=2010 is the CVI methodology's deliberately-chosen Census geography vintage, not its 2023 publication year or its ~2017-2019 underlying-data years."
cvi_baseline_socioeconomic,30,double,national-cvi-tract-table,cvi,unambiguous,1301,0.0152349056161881,76814,0.0087464962283526,1.0,0.5098316052704672,,measurement,False,"national-strata-tract-table lives entirely under strata/ (the Bias API stratification datasets), never under reference/ (the map data actually scored). The challenge's own rule — the scored coverage-gap computation must use only the datasets provided for the challenge — means no column from this table may influence the submitted coverage-gap number, regardless of its role.",True,a substantive per-tract measurement with real variance nationally,Measurement Eligibility Bias; Source Provenance x Vulnerability; Component Dominance; CVI Pillar Decomposition,"cvi-domain measurement — generic vulnerability/hazard covariate raw material; also a specific CVI pillar/sub-score column, feeding CVI Pillar Decomposition directly",eastern-ok;maricopa-az;northern-ca;south-central-tx,,True,False,"national (85,396 tracts)",confirmed_with_clarification,"cvi_source_vintage=2010 is the CVI methodology's deliberately-chosen Census geography vintage, not its 2023 publication year or its ~2017-2019 underlying-data years."
cvi_baseline_infrastructure,31,double,national-cvi-tract-table,cvi,unambiguous,1301,0.0152349056161881,76852,0.0,1.0,0.4723441285685952,,measurement,False,"national-strata-tract-table lives entirely under strata/ (the Bias API stratification datasets), never under reference/ (the map data actually scored). The challenge's own rule — the scored coverage-gap computation must use only the datasets provided for the challenge — means no column from this table may influence the submitted coverage-gap number, regardless of its role.",True,a substantive per-tract measurement with real variance nationally,Measurement Eligibility Bias; Source Provenance x Vulnerability; Component Dominance; CVI Pillar Decomposition,"cvi-domain measurement — generic vulnerability/hazard covariate raw material; also a specific CVI pillar/sub-score column, feeding CVI Pillar Decomposition directly",eastern-ok;maricopa-az;northern-ca;south-central-tx,,True,False,"national (85,396 tracts)",confirmed_with_clarification,"cvi_source_vintage=2010 is the CVI methodology's deliberately-chosen Census geography vintage, not its 2023 publication year or its ~2017-2019 underlying-data years."
cvi_baseline_environment,32,double,national-cvi-tract-table,cvi,unambiguous,1301,0.0152349056161881,76948,0.0271545675850685,1.0,0.4628680040085051,,measurement,False,"national-strata-tract-table lives entirely under strata/ (the Bias API stratification datasets), never under reference/ (the map data actually scored). The challenge's own rule — the scored coverage-gap computation must use only the datasets provided for the challenge — means no column from this table may influence the submitted coverage-gap number, regardless of its role.",True,a substantive per-tract measurement with real variance nationally,Measurement Eligibility Bias; Source Provenance x Vulnerability; Component Dominance; CVI Pillar Decomposition,"cvi-domain measurement — generic vulnerability/hazard covariate raw material; also a specific CVI pillar/sub-score column, feeding CVI Pillar Decomposition directly",eastern-ok;maricopa-az;northern-ca;south-central-tx,,True,False,"national (85,396 tracts)",confirmed_with_clarification,"cvi_source_vintage=2010 is the CVI methodology's deliberately-chosen Census geography vintage, not its 2023 publication year or its ~2017-2019 underlying-data years."
cvi_climate_health,33,double,national-cvi-tract-table,cvi,unambiguous,1301,0.0152349056161881,75269,0.0002887379947552,1.0,0.5312884984841636,,measurement,False,"national-strata-tract-table lives entirely under strata/ (the Bias API stratification datasets), never under reference/ (the map data actually scored). The challenge's own rule — the scored coverage-gap computation must use only the datasets provided for the challenge — means no column from this table may influence the submitted coverage-gap number, regardless of its role.",True,a substantive per-tract measurement with real variance nationally,Measurement Eligibility Bias; Source Provenance x Vulnerability; Component Dominance; CVI Pillar Decomposition,"cvi-domain measurement — generic vulnerability/hazard covariate raw material; also a specific CVI pillar/sub-score column, feeding CVI Pillar Decomposition directly",eastern-ok;maricopa-az;northern-ca;south-central-tx,,True,False,"national (85,396 tracts)",confirmed_with_clarification,"cvi_source_vintage=2010 is the CVI methodology's deliberately-chosen Census geography vintage, not its 2023 publication year or its ~2017-2019 underlying-data years."
cvi_climate_socioeconomic,34,double,national-cvi-tract-table,cvi,unambiguous,1301,0.0152349056161881,76667,0.0,1.0,0.535821673872506,,measurement,False,"national-strata-tract-table lives entirely under strata/ (the Bias API stratification datasets), never under reference/ (the map data actually scored). The challenge's own rule — the scored coverage-gap computation must use only the datasets provided for the challenge — means no column from this table may influence the submitted coverage-gap number, regardless of its role.",True,a substantive per-tract measurement with real variance nationally,Measurement Eligibility Bias; Source Provenance x Vulnerability; Component Dominance; CVI Pillar Decomposition,"cvi-domain measurement — generic vulnerability/hazard covariate raw material; also a specific CVI pillar/sub-score column, feeding CVI Pillar Decomposition directly",eastern-ok;maricopa-az;northern-ca;south-central-tx,,True,False,"national (85,396 tracts)",confirmed_with_clarification,"cvi_source_vintage=2010 is the CVI methodology's deliberately-chosen Census geography vintage, not its 2023 publication year or its ~2017-2019 underlying-data years."
cvi_climate_extreme_events,35,double,national-cvi-tract-table,cvi,unambiguous,1301,0.0152349056161881,73249,0.0616308400255964,1.0,0.5076354776336309,,measurement,False,"national-strata-tract-table lives entirely under strata/ (the Bias API stratification datasets), never under reference/ (the map data actually scored). The challenge's own rule — the scored coverage-gap computation must use only the datasets provided for the challenge — means no column from this table may influence the submitted coverage-gap number, regardless of its role.",True,a substantive per-tract measurement with real variance nationally,Measurement Eligibility Bias; Source Provenance x Vulnerability; Component Dominance; CVI Pillar Decomposition,"cvi-domain measurement — generic vulnerability/hazard covariate raw material; also a specific CVI pillar/sub-score column, feeding CVI Pillar Decomposition directly",eastern-ok;maricopa-az;northern-ca;south-central-tx,,True,False,"national (85,396 tracts)",confirmed_with_clarification,"cvi_source_vintage=2010 is the CVI methodology's deliberately-chosen Census geography vintage, not its 2023 publication year or its ~2017-2019 underlying-data years."
cvi_source_vintage,36,int64,national-cvi-tract-table,cvi,unambiguous,0,0.0,1,2010.0,2010.0,2010.0,,vintage_metadata,False,"national-strata-tract-table lives entirely under strata/ (the Bias API stratification datasets), never under reference/ (the map data actually scored). The challenge's own rule — the scored coverage-gap computation must use only the datasets provided for the challenge — means no column from this table may influence the submitted coverage-gap number, regardless of its role.",False,"constant across all tracts nationally (n_distinct=1) — carries no discriminative signal for any bias analysis, regardless of role",,"allowed_for_bias=False (Step 5) — not usable for any bias-discovery hypothesis, regardless of role or domain",eastern-ok;maricopa-az;northern-ca;south-central-tx,,True,False,"national (85,396 tracts)",confirmed_with_clarification,"cvi_source_vintage=2010 is the CVI methodology's deliberately-chosen Census geography vintage, not its 2023 publication year or its ~2017-2019 underlying-data years."
ruca_covered,37,bool,national-ruca-tract-table,rurality,unambiguous,0,0.0,2,,,,,coverage_flag,False,"national-strata-tract-table lives entirely under strata/ (the Bias API stratification datasets), never under reference/ (the map data actually scored). The challenge's own rule — the scored coverage-gap computation must use only the datasets provided for the challenge — means no column from this table may influence the submitted coverage-gap number, regardless of its role.",True,"central to Measurement Eligibility Bias analysis (whether a hazard/vulnerability measurement exists for a tract at all, cross-tabulated against SVI/tribal/rurality/hazard exposure)",Measurement Eligibility Bias,a <source>_covered flag — whether this strata source has data for a tract at all is exactly what Measurement Eligibility Bias asks,eastern-ok;maricopa-az;northern-ca;south-central-tx,,True,False,"national (85,396 tracts)",confirmed,ruca_year=2020 matches USDA ERS's current 2020-vintage RUCA release.
ruca_primary,38,double,national-ruca-tract-table,rurality,unambiguous,5,5.8550751791653006e-05,11,1.0,99.0,2.7188579592697124,,measurement,False,"national-strata-tract-table lives entirely under strata/ (the Bias API stratification datasets), never under reference/ (the map data actually scored). The challenge's own rule — the scored coverage-gap computation must use only the datasets provided for the challenge — means no column from this table may influence the submitted coverage-gap number, regardless of its role.",True,a substantive per-tract measurement with real variance nationally,Measurement Eligibility Bias; Source Provenance x Vulnerability; Component Dominance; Dispatch-Blind Reachability; RUCA/RUCC/NCHS Disagreement,"rurality-domain measurement — generic vulnerability/hazard covariate raw material; also one of the three rurality classification systems being compared, feeding RUCA/RUCC/NCHS Disagreement directly",eastern-ok;maricopa-az;northern-ca;south-central-tx,,True,False,"national (85,396 tracts)",confirmed,ruca_year=2020 matches USDA ERS's current 2020-vintage RUCA release.
ruca_primary_desc,39,string,national-ruca-tract-table,rurality,unambiguous,5,5.8550751791653006e-05,11,,,,,measurement,False,"national-strata-tract-table lives entirely under strata/ (the Bias API stratification datasets), never under reference/ (the map data actually scored). The challenge's own rule — the scored coverage-gap computation must use only the datasets provided for the challenge — means no column from this table may influence the submitted coverage-gap number, regardless of its role.",True,a substantive per-tract measurement with real variance nationally,Measurement Eligibility Bias; Source Provenance x Vulnerability; Component Dominance; Dispatch-Blind Reachability; RUCA/RUCC/NCHS Disagreement,"rurality-domain measurement — generic vulnerability/hazard covariate raw material; also one of the three rurality classification systems being compared, feeding RUCA/RUCC/NCHS Disagreement directly",eastern-ok;maricopa-az;northern-ca;south-central-tx,,True,False,"national (85,396 tracts)",confirmed,ruca_year=2020 matches USDA ERS's current 2020-vintage RUCA release.
ruca_secondary,40,double,national-ruca-tract-table,rurality,unambiguous,5,5.8550751791653006e-05,22,1.0,99.0,2.721684955088944,,measurement,False,"national-strata-tract-table lives entirely under strata/ (the Bias API stratification datasets), never under reference/ (the map data actually scored). The challenge's own rule — the scored coverage-gap computation must use only the datasets provided for the challenge — means no column from this table may influence the submitted coverage-gap number, regardless of its role.",True,a substantive per-tract measurement with real variance nationally,Measurement Eligibility Bias; Source Provenance x Vulnerability; Component Dominance; Dispatch-Blind Reachability; RUCA/RUCC/NCHS Disagreement,"rurality-domain measurement — generic vulnerability/hazard covariate raw material; also one of the three rurality classification systems being compared, feeding RUCA/RUCC/NCHS Disagreement directly",eastern-ok;maricopa-az;northern-ca;south-central-tx,,True,False,"national (85,396 tracts)",confirmed,ruca_year=2020 matches USDA ERS's current 2020-vintage RUCA release.
ruca_pop_density,41,double,national-ruca-tract-table,rurality,unambiguous,5,5.8550751791653006e-05,50712,0.0,287370.2,5401.783234767131,,measurement,False,"national-strata-tract-table lives entirely under strata/ (the Bias API stratification datasets), never under reference/ (the map data actually scored). The challenge's own rule — the scored coverage-gap computation must use only the datasets provided for the challenge — means no column from this table may influence the submitted coverage-gap number, regardless of its role.",True,a substantive per-tract measurement with real variance nationally,Measurement Eligibility Bias; Source Provenance x Vulnerability; Component Dominance; Dispatch-Blind Reachability,rurality-domain measurement — generic vulnerability/hazard covariate raw material,eastern-ok;maricopa-az;northern-ca;south-central-tx,,True,False,"national (85,396 tracts)",confirmed,ruca_year=2020 matches USDA ERS's current 2020-vintage RUCA release.
ruca_year,42,int64,national-ruca-tract-table,rurality,unambiguous,0,0.0,1,2020.0,2020.0,2020.0,,vintage_metadata,False,"national-strata-tract-table lives entirely under strata/ (the Bias API stratification datasets), never under reference/ (the map data actually scored). The challenge's own rule — the scored coverage-gap computation must use only the datasets provided for the challenge — means no column from this table may influence the submitted coverage-gap number, regardless of its role.",False,"constant across all tracts nationally (n_distinct=1) — carries no discriminative signal for any bias analysis, regardless of role",,"allowed_for_bias=False (Step 5) — not usable for any bias-discovery hypothesis, regardless of role or domain",eastern-ok;maricopa-az;northern-ca;south-central-tx,,True,False,"national (85,396 tracts)",confirmed,ruca_year=2020 matches USDA ERS's current 2020-vintage RUCA release.
rucc_covered,43,bool,national-rucc-tract-table,rurality,unambiguous,0,0.0,1,,,,,coverage_flag,False,"national-strata-tract-table lives entirely under strata/ (the Bias API stratification datasets), never under reference/ (the map data actually scored). The challenge's own rule — the scored coverage-gap computation must use only the datasets provided for the challenge — means no column from this table may influence the submitted coverage-gap number, regardless of its role.",False,"constant across all tracts nationally (n_distinct=1) — carries no discriminative signal for any bias analysis, regardless of role",,"allowed_for_bias=False (Step 5) — not usable for any bias-discovery hypothesis, regardless of role or domain",eastern-ok;maricopa-az;northern-ca;south-central-tx,,True,False,"national (85,396 tracts)",confirmed,rucc_year=2023 matches USDA ERS's current published RUCC release.
rucc_2023,44,int64,national-rucc-tract-table,rurality,unambiguous,0,0.0,9,1.0,9.0,2.2333481661904537,,measurement,False,"national-strata-tract-table lives entirely under strata/ (the Bias API stratification datasets), never under reference/ (the map data actually scored). The challenge's own rule — the scored coverage-gap computation must use only the datasets provided for the challenge — means no column from this table may influence the submitted coverage-gap number, regardless of its role.",True,a substantive per-tract measurement with real variance nationally,Measurement Eligibility Bias; Source Provenance x Vulnerability; Component Dominance; Dispatch-Blind Reachability; RUCA/RUCC/NCHS Disagreement,"rurality-domain measurement — generic vulnerability/hazard covariate raw material; also one of the three rurality classification systems being compared, feeding RUCA/RUCC/NCHS Disagreement directly",eastern-ok;maricopa-az;northern-ca;south-central-tx,,True,False,"national (85,396 tracts)",confirmed,rucc_year=2023 matches USDA ERS's current published RUCC release.
rucc_desc,45,string,national-rucc-tract-table,rurality,unambiguous,0,0.0,9,,,,,measurement,False,"national-strata-tract-table lives entirely under strata/ (the Bias API stratification datasets), never under reference/ (the map data actually scored). The challenge's own rule — the scored coverage-gap computation must use only the datasets provided for the challenge — means no column from this table may influence the submitted coverage-gap number, regardless of its role.",True,a substantive per-tract measurement with real variance nationally,Measurement Eligibility Bias; Source Provenance x Vulnerability; Component Dominance; Dispatch-Blind Reachability; RUCA/RUCC/NCHS Disagreement,"rurality-domain measurement — generic vulnerability/hazard covariate raw material; also one of the three rurality classification systems being compared, feeding RUCA/RUCC/NCHS Disagreement directly",eastern-ok;maricopa-az;northern-ca;south-central-tx,,True,False,"national (85,396 tracts)",confirmed,rucc_year=2023 matches USDA ERS's current published RUCC release.
rucc_metro,46,bool,national-rucc-tract-table,rurality,unambiguous,0,0.0,2,,,,,measurement,False,"national-strata-tract-table lives entirely under strata/ (the Bias API stratification datasets), never under reference/ (the map data actually scored). The challenge's own rule — the scored coverage-gap computation must use only the datasets provided for the challenge — means no column from this table may influence the submitted coverage-gap number, regardless of its role.",True,a substantive per-tract measurement with real variance nationally,Measurement Eligibility Bias; Source Provenance x Vulnerability; Component Dominance; Dispatch-Blind Reachability; RUCA/RUCC/NCHS Disagreement,"rurality-domain measurement — generic vulnerability/hazard covariate raw material; also one of the three rurality classification systems being compared, feeding RUCA/RUCC/NCHS Disagreement directly",eastern-ok;maricopa-az;northern-ca;south-central-tx,,True,False,"national (85,396 tracts)",confirmed,rucc_year=2023 matches USDA ERS's current published RUCC release.
rucc_year,47,int64,national-rucc-tract-table,rurality,unambiguous,0,0.0,1,2023.0,2023.0,2023.0,,vintage_metadata,False,"national-strata-tract-table lives entirely under strata/ (the Bias API stratification datasets), never under reference/ (the map data actually scored). The challenge's own rule — the scored coverage-gap computation must use only the datasets provided for the challenge — means no column from this table may influence the submitted coverage-gap number, regardless of its role.",False,"constant across all tracts nationally (n_distinct=1) — carries no discriminative signal for any bias analysis, regardless of role",,"allowed_for_bias=False (Step 5) — not usable for any bias-discovery hypothesis, regardless of role or domain",eastern-ok;maricopa-az;northern-ca;south-central-tx,,True,False,"national (85,396 tracts)",confirmed,rucc_year=2023 matches USDA ERS's current published RUCC release.
nchs_covered,48,bool,national-nchs-tract-table,rurality,unambiguous,0,0.0,2,,,,,coverage_flag,False,"national-strata-tract-table lives entirely under strata/ (the Bias API stratification datasets), never under reference/ (the map data actually scored). The challenge's own rule — the scored coverage-gap computation must use only the datasets provided for the challenge — means no column from this table may influence the submitted coverage-gap number, regardless of its role.",True,"central to Measurement Eligibility Bias analysis (whether a hazard/vulnerability measurement exists for a tract at all, cross-tabulated against SVI/tribal/rurality/hazard exposure)",Measurement Eligibility Bias,a <source>_covered flag — whether this strata source has data for a tract at all is exactly what Measurement Eligibility Bias asks,eastern-ok;maricopa-az;northern-ca;south-central-tx,,True,False,"national (85,396 tracts)",confirmed_but_flagged,"nchs_year=2013 while CDC's current scheme is 2023; CDC itself calls the practical difference 'minimal'. Flagged as a Stage 8/9 testable hypothesis (a county-level crosswalk check), not asserted as a finding on its own."
nchs_2013,49,double,national-nchs-tract-table,rurality,unambiguous,981,0.0114876575015223,6,1.0,6.0,2.6665403068175086,,measurement,False,"national-strata-tract-table lives entirely under strata/ (the Bias API stratification datasets), never under reference/ (the map data actually scored). The challenge's own rule — the scored coverage-gap computation must use only the datasets provided for the challenge — means no column from this table may influence the submitted coverage-gap number, regardless of its role.",True,a substantive per-tract measurement with real variance nationally,Measurement Eligibility Bias; Source Provenance x Vulnerability; Component Dominance; Dispatch-Blind Reachability; RUCA/RUCC/NCHS Disagreement,"rurality-domain measurement — generic vulnerability/hazard covariate raw material; also one of the three rurality classification systems being compared, feeding RUCA/RUCC/NCHS Disagreement directly",eastern-ok;maricopa-az;northern-ca;south-central-tx,,True,False,"national (85,396 tracts)",confirmed_but_flagged,"nchs_year=2013 while CDC's current scheme is 2023; CDC itself calls the practical difference 'minimal'. Flagged as a Stage 8/9 testable hypothesis (a county-level crosswalk check), not asserted as a finding on its own."
nchs_2013_label,50,string,national-nchs-tract-table,rurality,unambiguous,981,0.0114876575015223,6,,,,,measurement,False,"national-strata-tract-table lives entirely under strata/ (the Bias API stratification datasets), never under reference/ (the map data actually scored). The challenge's own rule — the scored coverage-gap computation must use only the datasets provided for the challenge — means no column from this table may influence the submitted coverage-gap number, regardless of its role.",True,a substantive per-tract measurement with real variance nationally,Measurement Eligibility Bias; Source Provenance x Vulnerability; Component Dominance; Dispatch-Blind Reachability; RUCA/RUCC/NCHS Disagreement,"rurality-domain measurement — generic vulnerability/hazard covariate raw material; also one of the three rurality classification systems being compared, feeding RUCA/RUCC/NCHS Disagreement directly",eastern-ok;maricopa-az;northern-ca;south-central-tx,,True,False,"national (85,396 tracts)",confirmed_but_flagged,"nchs_year=2013 while CDC's current scheme is 2023; CDC itself calls the practical difference 'minimal'. Flagged as a Stage 8/9 testable hypothesis (a county-level crosswalk check), not asserted as a finding on its own."
nchs_year,51,int64,national-nchs-tract-table,rurality,unambiguous,0,0.0,1,2013.0,2013.0,2013.0,,vintage_metadata,False,"national-strata-tract-table lives entirely under strata/ (the Bias API stratification datasets), never under reference/ (the map data actually scored). The challenge's own rule — the scored coverage-gap computation must use only the datasets provided for the challenge — means no column from this table may influence the submitted coverage-gap number, regardless of its role.",False,"constant across all tracts nationally (n_distinct=1) — carries no discriminative signal for any bias analysis, regardless of role",,"allowed_for_bias=False (Step 5) — not usable for any bias-discovery hypothesis, regardless of role or domain",eastern-ok;maricopa-az;northern-ca;south-central-tx,,True,False,"national (85,396 tracts)",confirmed_but_flagged,"nchs_year=2013 while CDC's current scheme is 2023; CDC itself calls the practical difference 'minimal'. Flagged as a Stage 8/9 testable hypothesis (a county-level crosswalk check), not asserted as a finding on its own."
tribal_any,52,bool,national-tribal-tract-table,tribal,unambiguous,0,0.0,2,,,,,measurement,False,"national-strata-tract-table lives entirely under strata/ (the Bias API stratification datasets), never under reference/ (the map data actually scored). The challenge's own rule — the scored coverage-gap computation must use only the datasets provided for the challenge — means no column from this table may influence the submitted coverage-gap number, regardless of its role.",True,a substantive per-tract measurement with real variance nationally,Measurement Eligibility Bias; Source Provenance x Vulnerability; Component Dominance; Dispatch-Blind Reachability; Tribal Sub-type + Edge Effect; Population Exposure vs. Disparity,tribal-domain measurement — generic vulnerability/hazard covariate raw material,eastern-ok;maricopa-az;northern-ca;south-central-tx,,True,False,"national (85,396 tracts)",ambiguous_no_marker,"Carries no in-file vintage column; assumed 2020 TIGER/Line AIANNH vintage by consistency with tract_vintage=2020, not independently confirmed from the file itself."
tribal_pct,53,double,national-tribal-tract-table,tribal,unambiguous,0,0.0,1376,0.0,1.0,0.0170630598139875,,measurement,False,"national-strata-tract-table lives entirely under strata/ (the Bias API stratification datasets), never under reference/ (the map data actually scored). The challenge's own rule — the scored coverage-gap computation must use only the datasets provided for the challenge — means no column from this table may influence the submitted coverage-gap number, regardless of its role.",True,a substantive per-tract measurement with real variance nationally,Measurement Eligibility Bias; Source Provenance x Vulnerability; Component Dominance; Dispatch-Blind Reachability; Tribal Sub-type + Edge Effect; Population Exposure vs. Disparity,tribal-domain measurement — generic vulnerability/hazard covariate raw material,eastern-ok;maricopa-az;northern-ca;south-central-tx,,True,False,"national (85,396 tracts)",ambiguous_no_marker,"Carries no in-file vintage column; assumed 2020 TIGER/Line AIANNH vintage by consistency with tract_vintage=2020, not independently confirmed from the file itself."
tribal_legal,54,bool,national-tribal-tract-table,tribal,unambiguous,0,0.0,2,,,,,measurement,False,"national-strata-tract-table lives entirely under strata/ (the Bias API stratification datasets), never under reference/ (the map data actually scored). The challenge's own rule — the scored coverage-gap computation must use only the datasets provided for the challenge — means no column from this table may influence the submitted coverage-gap number, regardless of its role.",True,a substantive per-tract measurement with real variance nationally,Measurement Eligibility Bias; Source Provenance x Vulnerability; Component Dominance; Dispatch-Blind Reachability; Tribal Sub-type + Edge Effect; Population Exposure vs. Disparity,tribal-domain measurement — generic vulnerability/hazard covariate raw material,eastern-ok;maricopa-az;northern-ca;south-central-tx,,True,False,"national (85,396 tracts)",ambiguous_no_marker,"Carries no in-file vintage column; assumed 2020 TIGER/Line AIANNH vintage by consistency with tract_vintage=2020, not independently confirmed from the file itself."
tribal_legal_pct,55,double,national-tribal-tract-table,tribal,unambiguous,0,0.0,1048,0.0,1.0,0.0040913056069488,,measurement,False,"national-strata-tract-table lives entirely under strata/ (the Bias API stratification datasets), never under reference/ (the map data actually scored). The challenge's own rule — the scored coverage-gap computation must use only the datasets provided for the challenge — means no column from this table may influence the submitted coverage-gap number, regardless of its role.",True,a substantive per-tract measurement with real variance nationally,Measurement Eligibility Bias; Source Provenance x Vulnerability; Component Dominance; Dispatch-Blind Reachability; Tribal Sub-type + Edge Effect; Population Exposure vs. Disparity,tribal-domain measurement — generic vulnerability/hazard covariate raw material,eastern-ok;maricopa-az;northern-ca;south-central-tx,,True,False,"national (85,396 tracts)",ambiguous_no_marker,"Carries no in-file vintage column; assumed 2020 TIGER/Line AIANNH vintage by consistency with tract_vintage=2020, not independently confirmed from the file itself."
tribal_statistical,56,bool,national-tribal-tract-table,tribal,unambiguous,0,0.0,2,,,,,measurement,False,"national-strata-tract-table lives entirely under strata/ (the Bias API stratification datasets), never under reference/ (the map data actually scored). The challenge's own rule — the scored coverage-gap computation must use only the datasets provided for the challenge — means no column from this table may influence the submitted coverage-gap number, regardless of its role.",True,a substantive per-tract measurement with real variance nationally,Measurement Eligibility Bias; Source Provenance x Vulnerability; Component Dominance; Dispatch-Blind Reachability; Tribal Sub-type + Edge Effect; Population Exposure vs. Disparity,tribal-domain measurement — generic vulnerability/hazard covariate raw material,eastern-ok;maricopa-az;northern-ca;south-central-tx,,True,False,"national (85,396 tracts)",ambiguous_no_marker,"Carries no in-file vintage column; assumed 2020 TIGER/Line AIANNH vintage by consistency with tract_vintage=2020, not independently confirmed from the file itself."
tribal_stat_pct,57,double,national-tribal-tract-table,tribal,unambiguous,0,0.0,358,0.0,1.0,0.0129717542070386,,measurement,False,"national-strata-tract-table lives entirely under strata/ (the Bias API stratification datasets), never under reference/ (the map data actually scored). The challenge's own rule — the scored coverage-gap computation must use only the datasets provided for the challenge — means no column from this table may influence the submitted coverage-gap number, regardless of its role.",True,a substantive per-tract measurement with real variance nationally,Measurement Eligibility Bias; Source Provenance x Vulnerability; Component Dominance; Dispatch-Blind Reachability; Tribal Sub-type + Edge Effect; Population Exposure vs. Disparity,tribal-domain measurement — generic vulnerability/hazard covariate raw material,eastern-ok;maricopa-az;northern-ca;south-central-tx,,True,False,"national (85,396 tracts)",ambiguous_no_marker,"Carries no in-file vintage column; assumed 2020 TIGER/Line AIANNH vintage by consistency with tract_vintage=2020, not independently confirmed from the file itself."
aiannh_geoid,58,string,national-tribal-tract-table,tribal,unambiguous,82843,0.970103986135182,552,,,,,identity_metadata,False,"national-strata-tract-table lives entirely under strata/ (the Bias API stratification datasets), never under reference/ (the map data actually scored). The challenge's own rule — the scored coverage-gap computation must use only the datasets provided for the challenge — means no column from this table may influence the submitted coverage-gap number, regardless of its role.",True,"descriptive/provenance label (which external entity a tract was matched to or overlaps), usable for named-instance or coarse-grouping bias analysis, not for anything for which its own cardinality can't support meaningful stratification",Tribal Sub-type + Edge Effect; Population Exposure vs. Disparity,"identity-metadata column matched by an explicit, named per-column rule (see module docstring)",eastern-ok;maricopa-az;northern-ca;south-central-tx,,True,False,"national (85,396 tracts)",ambiguous_no_marker,"Carries no in-file vintage column; assumed 2020 TIGER/Line AIANNH vintage by consistency with tract_vintage=2020, not independently confirmed from the file itself."
aiannh_name,59,string,national-tribal-tract-table,tribal,unambiguous,82843,0.970103986135182,552,,,,,identity_metadata,False,"national-strata-tract-table lives entirely under strata/ (the Bias API stratification datasets), never under reference/ (the map data actually scored). The challenge's own rule — the scored coverage-gap computation must use only the datasets provided for the challenge — means no column from this table may influence the submitted coverage-gap number, regardless of its role.",True,"descriptive/provenance label (which external entity a tract was matched to or overlaps), usable for named-instance or coarse-grouping bias analysis, not for anything for which its own cardinality can't support meaningful stratification",Tribal Sub-type + Edge Effect; Population Exposure vs. Disparity,"identity-metadata column matched by an explicit, named per-column rule (see module docstring)",eastern-ok;maricopa-az;northern-ca;south-central-tx,,True,False,"national (85,396 tracts)",ambiguous_no_marker,"Carries no in-file vintage column; assumed 2020 TIGER/Line AIANNH vintage by consistency with tract_vintage=2020, not independently confirmed from the file itself."
aiannh_kind,60,string,national-tribal-tract-table,tribal,unambiguous,82843,0.970103986135182,2,,,,,measurement,False,"national-strata-tract-table lives entirely under strata/ (the Bias API stratification datasets), never under reference/ (the map data actually scored). The challenge's own rule — the scored coverage-gap computation must use only the datasets provided for the challenge — means no column from this table may influence the submitted coverage-gap number, regardless of its role.",True,a substantive per-tract measurement with real variance nationally,Measurement Eligibility Bias; Source Provenance x Vulnerability; Component Dominance; Dispatch-Blind Reachability; Tribal Sub-type + Edge Effect; Population Exposure vs. Disparity,tribal-domain measurement — generic vulnerability/hazard covariate raw material,eastern-ok;maricopa-az;northern-ca;south-central-tx,,True,False,"national (85,396 tracts)",ambiguous_no_marker,"Carries no in-file vintage column; assumed 2020 TIGER/Line AIANNH vintage by consistency with tract_vintage=2020, not independently confirmed from the file itself."
usdm_covered,61,bool,national-usdm-drought-tract-table,drought,unambiguous,0,0.0,2,,,,,coverage_flag,False,"national-strata-tract-table lives entirely under strata/ (the Bias API stratification datasets), never under reference/ (the map data actually scored). The challenge's own rule — the scored coverage-gap computation must use only the datasets provided for the challenge — means no column from this table may influence the submitted coverage-gap number, regardless of its role.",True,"central to Measurement Eligibility Bias analysis (whether a hazard/vulnerability measurement exists for a tract at all, cross-tabulated against SVI/tribal/rurality/hazard exposure)",Measurement Eligibility Bias,a <source>_covered flag — whether this strata source has data for a tract at all is exactly what Measurement Eligibility Bias asks,eastern-ok;maricopa-az;northern-ca;south-central-tx,,True,False,"national (85,396 tracts)",confirmed,"usdm_year_min/max (2015-2023) is a deliberate sub-window of USDM's full record (Jan 2000-present), not a data limitation."
usdm_summer_dsci,62,double,national-usdm-drought-tract-table,drought,unambiguous,362,0.0042390744297156,72943,0.0,264.5984120965424,70.20464378394612,,measurement,False,"national-strata-tract-table lives entirely under strata/ (the Bias API stratification datasets), never under reference/ (the map data actually scored). The challenge's own rule — the scored coverage-gap computation must use only the datasets provided for the challenge — means no column from this table may influence the submitted coverage-gap number, regardless of its role.",True,a substantive per-tract measurement with real variance nationally,Measurement Eligibility Bias; Source Provenance x Vulnerability; Component Dominance,drought-domain measurement — generic vulnerability/hazard covariate raw material,eastern-ok;maricopa-az;northern-ca;south-central-tx,,True,False,"national (85,396 tracts)",confirmed,"usdm_year_min/max (2015-2023) is a deliberate sub-window of USDM's full record (Jan 2000-present), not a data limitation."
usdm_summer_pct_d0plus,63,double,national-usdm-drought-tract-table,drought,unambiguous,362,0.0042390744297156,66216,0.0,89.02953584720788,34.591676828373295,,measurement,False,"national-strata-tract-table lives entirely under strata/ (the Bias API stratification datasets), never under reference/ (the map data actually scored). The challenge's own rule — the scored coverage-gap computation must use only the datasets provided for the challenge — means no column from this table may influence the submitted coverage-gap number, regardless of its role.",True,a substantive per-tract measurement with real variance nationally,Measurement Eligibility Bias; Source Provenance x Vulnerability; Component Dominance,drought-domain measurement — generic vulnerability/hazard covariate raw material,eastern-ok;maricopa-az;northern-ca;south-central-tx,,True,False,"national (85,396 tracts)",confirmed,"usdm_year_min/max (2015-2023) is a deliberate sub-window of USDM's full record (Jan 2000-present), not a data limitation."
usdm_summer_pct_d2plus,64,double,national-usdm-drought-tract-table,drought,unambiguous,362,0.0042390744297156,36916,0.0,58.602688276859695,10.131330555556715,,measurement,False,"national-strata-tract-table lives entirely under strata/ (the Bias API stratification datasets), never under reference/ (the map data actually scored). The challenge's own rule — the scored coverage-gap computation must use only the datasets provided for the challenge — means no column from this table may influence the submitted coverage-gap number, regardless of its role.",True,a substantive per-tract measurement with real variance nationally,Measurement Eligibility Bias; Source Provenance x Vulnerability; Component Dominance,drought-domain measurement — generic vulnerability/hazard covariate raw material,eastern-ok;maricopa-az;northern-ca;south-central-tx,,True,False,"national (85,396 tracts)",confirmed,"usdm_year_min/max (2015-2023) is a deliberate sub-window of USDM's full record (Jan 2000-present), not a data limitation."
usdm_winter_dsci,65,double,national-usdm-drought-tract-table,drought,unambiguous,362,0.0042390744297156,72363,0.0,285.04518868995103,81.35748829203406,,measurement,False,"national-strata-tract-table lives entirely under strata/ (the Bias API stratification datasets), never under reference/ (the map data actually scored). The challenge's own rule — the scored coverage-gap computation must use only the datasets provided for the challenge — means no column from this table may influence the submitted coverage-gap number, regardless of its role.",True,a substantive per-tract measurement with real variance nationally,Measurement Eligibility Bias; Source Provenance x Vulnerability; Component Dominance,drought-domain measurement — generic vulnerability/hazard covariate raw material,eastern-ok;maricopa-az;northern-ca;south-central-tx,,True,False,"national (85,396 tracts)",confirmed,"usdm_year_min/max (2015-2023) is a deliberate sub-window of USDM's full record (Jan 2000-present), not a data limitation."
usdm_winter_pct_d0plus,66,double,national-usdm-drought-tract-table,drought,unambiguous,362,0.0042390744297156,64516,0.0,97.42489270386268,39.76812155462534,,measurement,False,"national-strata-tract-table lives entirely under strata/ (the Bias API stratification datasets), never under reference/ (the map data actually scored). The challenge's own rule — the scored coverage-gap computation must use only the datasets provided for the challenge — means no column from this table may influence the submitted coverage-gap number, regardless of its role.",True,a substantive per-tract measurement with real variance nationally,Measurement Eligibility Bias; Source Provenance x Vulnerability; Component Dominance,drought-domain measurement — generic vulnerability/hazard covariate raw material,eastern-ok;maricopa-az;northern-ca;south-central-tx,,True,False,"national (85,396 tracts)",confirmed,"usdm_year_min/max (2015-2023) is a deliberate sub-window of USDM's full record (Jan 2000-present), not a data limitation."
usdm_winter_pct_d2plus,67,double,national-usdm-drought-tract-table,drought,unambiguous,362,0.0042390744297156,39554,0.0,62.8578470645197,11.541408528955792,,measurement,False,"national-strata-tract-table lives entirely under strata/ (the Bias API stratification datasets), never under reference/ (the map data actually scored). The challenge's own rule — the scored coverage-gap computation must use only the datasets provided for the challenge — means no column from this table may influence the submitted coverage-gap number, regardless of its role.",True,a substantive per-tract measurement with real variance nationally,Measurement Eligibility Bias; Source Provenance x Vulnerability; Component Dominance,drought-domain measurement — generic vulnerability/hazard covariate raw material,eastern-ok;maricopa-az;northern-ca;south-central-tx,,True,False,"national (85,396 tracts)",confirmed,"usdm_year_min/max (2015-2023) is a deliberate sub-window of USDM's full record (Jan 2000-present), not a data limitation."
usdm_year_min,68,int64,national-usdm-drought-tract-table,drought,unambiguous,0,0.0,1,2015.0,2015.0,2015.0,,vintage_metadata,False,"national-strata-tract-table lives entirely under strata/ (the Bias API stratification datasets), never under reference/ (the map data actually scored). The challenge's own rule — the scored coverage-gap computation must use only the datasets provided for the challenge — means no column from this table may influence the submitted coverage-gap number, regardless of its role.",False,"constant across all tracts nationally (n_distinct=1) — carries no discriminative signal for any bias analysis, regardless of role",,"allowed_for_bias=False (Step 5) — not usable for any bias-discovery hypothesis, regardless of role or domain",eastern-ok;maricopa-az;northern-ca;south-central-tx,,True,False,"national (85,396 tracts)",confirmed,"usdm_year_min/max (2015-2023) is a deliberate sub-window of USDM's full record (Jan 2000-present), not a data limitation."
usdm_year_max,69,int64,national-usdm-drought-tract-table,drought,unambiguous,0,0.0,1,2023.0,2023.0,2023.0,,vintage_metadata,False,"national-strata-tract-table lives entirely under strata/ (the Bias API stratification datasets), never under reference/ (the map data actually scored). The challenge's own rule — the scored coverage-gap computation must use only the datasets provided for the challenge — means no column from this table may influence the submitted coverage-gap number, regardless of its role.",False,"constant across all tracts nationally (n_distinct=1) — carries no discriminative signal for any bias analysis, regardless of role",,"allowed_for_bias=False (Step 5) — not usable for any bias-discovery hypothesis, regardless of role or domain",eastern-ok;maricopa-az;northern-ca;south-central-tx,,True,False,"national (85,396 tracts)",confirmed,"usdm_year_min/max (2015-2023) is a deliberate sub-window of USDM's full record (Jan 2000-present), not a data limitation."
usfs_covered,70,bool,national-usfs-wildfire-tract-table,wildfire,unambiguous,0,0.0,2,,,,,coverage_flag,False,"national-strata-tract-table lives entirely under strata/ (the Bias API stratification datasets), never under reference/ (the map data actually scored). The challenge's own rule — the scored coverage-gap computation must use only the datasets provided for the challenge — means no column from this table may influence the submitted coverage-gap number, regardless of its role.",True,"central to Measurement Eligibility Bias analysis (whether a hazard/vulnerability measurement exists for a tract at all, cross-tabulated against SVI/tribal/rurality/hazard exposure)",Measurement Eligibility Bias,a <source>_covered flag — whether this strata source has data for a tract at all is exactly what Measurement Eligibility Bias asks,eastern-ok;maricopa-az;northern-ca;south-central-tx,,True,False,"national (85,396 tracts)",confirmed,"usfs_edition confirms the 2nd edition (RDS-2020-0060-2), CONUS extent."
usfs_BP_mean,71,double,national-usfs-wildfire-tract-table,wildfire,unambiguous,1619,0.0189587334301372,79581,0.0,0.0713849098452065,0.0006071608257509,,measurement,False,"national-strata-tract-table lives entirely under strata/ (the Bias API stratification datasets), never under reference/ (the map data actually scored). The challenge's own rule — the scored coverage-gap computation must use only the datasets provided for the challenge — means no column from this table may influence the submitted coverage-gap number, regardless of its role.",True,a substantive per-tract measurement with real variance nationally,Measurement Eligibility Bias; Source Provenance x Vulnerability; Component Dominance,wildfire-domain measurement — generic vulnerability/hazard covariate raw material,eastern-ok;maricopa-az;northern-ca;south-central-tx,,True,False,"national (85,396 tracts)",confirmed,"usfs_edition confirms the 2nd edition (RDS-2020-0060-2), CONUS extent."
usfs_CFL_mean,72,double,national-usfs-wildfire-tract-table,wildfire,unambiguous,1619,0.0189587334301372,79492,0.0,39.93672385406888,1.0616228160841117,,measurement,False,"national-strata-tract-table lives entirely under strata/ (the Bias API stratification datasets), never under reference/ (the map data actually scored). The challenge's own rule — the scored coverage-gap computation must use only the datasets provided for the challenge — means no column from this table may influence the submitted coverage-gap number, regardless of its role.",True,a substantive per-tract measurement with real variance nationally,Measurement Eligibility Bias; Source Provenance x Vulnerability; Component Dominance,wildfire-domain measurement — generic vulnerability/hazard covariate raw material,eastern-ok;maricopa-az;northern-ca;south-central-tx,,True,False,"national (85,396 tracts)",confirmed,"usfs_edition confirms the 2nd edition (RDS-2020-0060-2), CONUS extent."
usfs_CRPS_mean,73,double,national-usfs-wildfire-tract-table,wildfire,unambiguous,1619,0.0189587334301372,79591,0.0,80.6313009583027,14.462913122723622,,measurement,False,"national-strata-tract-table lives entirely under strata/ (the Bias API stratification datasets), never under reference/ (the map data actually scored). The challenge's own rule — the scored coverage-gap computation must use only the datasets provided for the challenge — means no column from this table may influence the submitted coverage-gap number, regardless of its role.",True,a substantive per-tract measurement with real variance nationally,Measurement Eligibility Bias; Source Provenance x Vulnerability; Component Dominance,wildfire-domain measurement — generic vulnerability/hazard covariate raw material,eastern-ok;maricopa-az;northern-ca;south-central-tx,,True,False,"national (85,396 tracts)",confirmed,"usfs_edition confirms the 2nd edition (RDS-2020-0060-2), CONUS extent."
usfs_RPS_mean,74,double,national-usfs-wildfire-tract-table,wildfire,unambiguous,1619,0.0189587334301372,79591,0.0,4.825893962935359,0.0238447492394768,,measurement,False,"national-strata-tract-table lives entirely under strata/ (the Bias API stratification datasets), never under reference/ (the map data actually scored). The challenge's own rule — the scored coverage-gap computation must use only the datasets provided for the challenge — means no column from this table may influence the submitted coverage-gap number, regardless of its role.",True,a substantive per-tract measurement with real variance nationally,Measurement Eligibility Bias; Source Provenance x Vulnerability; Component Dominance,wildfire-domain measurement — generic vulnerability/hazard covariate raw material,eastern-ok;maricopa-az;northern-ca;south-central-tx,,True,False,"national (85,396 tracts)",confirmed,"usfs_edition confirms the 2nd edition (RDS-2020-0060-2), CONUS extent."
usfs_WHP_mean,75,double,national-usfs-wildfire-tract-table,wildfire,unambiguous,1619,0.0189587334301372,79492,0.0,25629.853267309296,91.09264401861704,,measurement,False,"national-strata-tract-table lives entirely under strata/ (the Bias API stratification datasets), never under reference/ (the map data actually scored). The challenge's own rule — the scored coverage-gap computation must use only the datasets provided for the challenge — means no column from this table may influence the submitted coverage-gap number, regardless of its role.",True,a substantive per-tract measurement with real variance nationally,Measurement Eligibility Bias; Source Provenance x Vulnerability; Component Dominance,wildfire-domain measurement — generic vulnerability/hazard covariate raw material,eastern-ok;maricopa-az;northern-ca;south-central-tx,,True,False,"national (85,396 tracts)",confirmed,"usfs_edition confirms the 2nd edition (RDS-2020-0060-2), CONUS extent."
usfs_Exposure_mean,76,double,national-usfs-wildfire-tract-table,wildfire,unambiguous,1619,0.0189587334301372,79591,0.0,0.9999704799036,0.4018722967655607,,measurement,False,"national-strata-tract-table lives entirely under strata/ (the Bias API stratification datasets), never under reference/ (the map data actually scored). The challenge's own rule — the scored coverage-gap computation must use only the datasets provided for the challenge — means no column from this table may influence the submitted coverage-gap number, regardless of its role.",True,a substantive per-tract measurement with real variance nationally,Measurement Eligibility Bias; Source Provenance x Vulnerability; Component Dominance,wildfire-domain measurement — generic vulnerability/hazard covariate raw material,eastern-ok;maricopa-az;northern-ca;south-central-tx,,True,False,"national (85,396 tracts)",confirmed,"usfs_edition confirms the 2nd edition (RDS-2020-0060-2), CONUS extent."
usfs_FLEP4_mean,77,double,national-usfs-wildfire-tract-table,wildfire,unambiguous,1619,0.0189587334301372,77088,0.0,0.8369975342444457,0.0446207712149749,,measurement,False,"national-strata-tract-table lives entirely under strata/ (the Bias API stratification datasets), never under reference/ (the map data actually scored). The challenge's own rule — the scored coverage-gap computation must use only the datasets provided for the challenge — means no column from this table may influence the submitted coverage-gap number, regardless of its role.",True,a substantive per-tract measurement with real variance nationally,Measurement Eligibility Bias; Source Provenance x Vulnerability; Component Dominance,wildfire-domain measurement — generic vulnerability/hazard covariate raw material,eastern-ok;maricopa-az;northern-ca;south-central-tx,,True,False,"national (85,396 tracts)",confirmed,"usfs_edition confirms the 2nd edition (RDS-2020-0060-2), CONUS extent."
usfs_FLEP8_mean,78,double,national-usfs-wildfire-tract-table,wildfire,unambiguous,1619,0.0189587334301372,65456,0.0,0.7089727814423945,0.0107512990047055,,measurement,False,"national-strata-tract-table lives entirely under strata/ (the Bias API stratification datasets), never under reference/ (the map data actually scored). The challenge's own rule — the scored coverage-gap computation must use only the datasets provided for the challenge — means no column from this table may influence the submitted coverage-gap number, regardless of its role.",True,a substantive per-tract measurement with real variance nationally,Measurement Eligibility Bias; Source Provenance x Vulnerability; Component Dominance,wildfire-domain measurement — generic vulnerability/hazard covariate raw material,eastern-ok;maricopa-az;northern-ca;south-central-tx,,True,False,"national (85,396 tracts)",confirmed,"usfs_edition confirms the 2nd edition (RDS-2020-0060-2), CONUS extent."
usfs_CWiRRZ_majority_label,79,string,national-usfs-wildfire-tract-table,wildfire,unambiguous,1619,0.0189587334301372,10,,,,,measurement,False,"national-strata-tract-table lives entirely under strata/ (the Bias API stratification datasets), never under reference/ (the map data actually scored). The challenge's own rule — the scored coverage-gap computation must use only the datasets provided for the challenge — means no column from this table may influence the submitted coverage-gap number, regardless of its role.",True,a substantive per-tract measurement with real variance nationally,Measurement Eligibility Bias; Source Provenance x Vulnerability; Component Dominance,wildfire-domain measurement — generic vulnerability/hazard covariate raw material,eastern-ok;maricopa-az;northern-ca;south-central-tx,,True,False,"national (85,396 tracts)",confirmed,"usfs_edition confirms the 2nd edition (RDS-2020-0060-2), CONUS extent."
usfs_CWiRRZ_majority_zone4_label,80,string,national-usfs-wildfire-tract-table,wildfire,unambiguous,4954,0.0580120848751697,4,,,,,measurement,False,"national-strata-tract-table lives entirely under strata/ (the Bias API stratification datasets), never under reference/ (the map data actually scored). The challenge's own rule — the scored coverage-gap computation must use only the datasets provided for the challenge — means no column from this table may influence the submitted coverage-gap number, regardless of its role.",True,a substantive per-tract measurement with real variance nationally,Measurement Eligibility Bias; Source Provenance x Vulnerability; Component Dominance,wildfire-domain measurement — generic vulnerability/hazard covariate raw material,eastern-ok;maricopa-az;northern-ca;south-central-tx,,True,False,"national (85,396 tracts)",confirmed,"usfs_edition confirms the 2nd edition (RDS-2020-0060-2), CONUS extent."
usfs_BuildingCount_sum,81,double,national-usfs-wildfire-tract-table,wildfire,unambiguous,1619,0.0189587334301372,83248,0.0,28587.911402027123,1740.6279117004317,,measurement,False,"national-strata-tract-table lives entirely under strata/ (the Bias API stratification datasets), never under reference/ (the map data actually scored). The challenge's own rule — the scored coverage-gap computation must use only the datasets provided for the challenge — means no column from this table may influence the submitted coverage-gap number, regardless of its role.",True,a substantive per-tract measurement with real variance nationally,Measurement Eligibility Bias; Source Provenance x Vulnerability; Component Dominance,wildfire-domain measurement — generic vulnerability/hazard covariate raw material,eastern-ok;maricopa-az;northern-ca;south-central-tx,,True,False,"national (85,396 tracts)",confirmed,"usfs_edition confirms the 2nd edition (RDS-2020-0060-2), CONUS extent."
usfs_BuildingCover_mean,82,double,national-usfs-wildfire-tract-table,wildfire,unambiguous,1619,0.0189587334301372,83527,0.0,81.10104942951213,9.747143570120269,,measurement,False,"national-strata-tract-table lives entirely under strata/ (the Bias API stratification datasets), never under reference/ (the map data actually scored). The challenge's own rule — the scored coverage-gap computation must use only the datasets provided for the challenge — means no column from this table may influence the submitted coverage-gap number, regardless of its role.",True,a substantive per-tract measurement with real variance nationally,Measurement Eligibility Bias; Source Provenance x Vulnerability; Component Dominance,wildfire-domain measurement — generic vulnerability/hazard covariate raw material,eastern-ok;maricopa-az;northern-ca;south-central-tx,,True,False,"national (85,396 tracts)",confirmed,"usfs_edition confirms the 2nd edition (RDS-2020-0060-2), CONUS extent."
usfs_BuildingDensity_mean,83,double,national-usfs-wildfire-tract-table,wildfire,unambiguous,1619,0.0189587334301372,83553,0.0,6766.7952484097805,426.4853435864359,,measurement,False,"national-strata-tract-table lives entirely under strata/ (the Bias API stratification datasets), never under reference/ (the map data actually scored). The challenge's own rule — the scored coverage-gap computation must use only the datasets provided for the challenge — means no column from this table may influence the submitted coverage-gap number, regardless of its role.",True,a substantive per-tract measurement with real variance nationally,Measurement Eligibility Bias; Source Provenance x Vulnerability; Component Dominance,wildfire-domain measurement — generic vulnerability/hazard covariate raw material,eastern-ok;maricopa-az;northern-ca;south-central-tx,,True,False,"national (85,396 tracts)",confirmed,"usfs_edition confirms the 2nd edition (RDS-2020-0060-2), CONUS extent."
usfs_HUCount_sum,84,double,national-usfs-wildfire-tract-table,wildfire,unambiguous,1619,0.0189587334301372,83384,0.0,12947.943663506558,1671.633873522139,,measurement,False,"national-strata-tract-table lives entirely under strata/ (the Bias API stratification datasets), never under reference/ (the map data actually scored). The challenge's own rule — the scored coverage-gap computation must use only the datasets provided for the challenge — means no column from this table may influence the submitted coverage-gap number, regardless of its role.",True,a substantive per-tract measurement with real variance nationally,Measurement Eligibility Bias; Source Provenance x Vulnerability; Component Dominance,wildfire-domain measurement — generic vulnerability/hazard covariate raw material,eastern-ok;maricopa-az;northern-ca;south-central-tx,,True,False,"national (85,396 tracts)",confirmed,"usfs_edition confirms the 2nd edition (RDS-2020-0060-2), CONUS extent."
usfs_HUDen_mean,85,double,national-usfs-wildfire-tract-table,wildfire,unambiguous,1619,0.0189587334301372,83512,0.0,49202.14375339076,846.6611702818699,,measurement,False,"national-strata-tract-table lives entirely under strata/ (the Bias API stratification datasets), never under reference/ (the map data actually scored). The challenge's own rule — the scored coverage-gap computation must use only the datasets provided for the challenge — means no column from this table may influence the submitted coverage-gap number, regardless of its role.",True,a substantive per-tract measurement with real variance nationally,Measurement Eligibility Bias; Source Provenance x Vulnerability; Component Dominance,wildfire-domain measurement — generic vulnerability/hazard covariate raw material,eastern-ok;maricopa-az;northern-ca;south-central-tx,,True,False,"national (85,396 tracts)",confirmed,"usfs_edition confirms the 2nd edition (RDS-2020-0060-2), CONUS extent."
usfs_HUExposure_mean,86,double,national-usfs-wildfire-tract-table,wildfire,unambiguous,1885,0.0220736334254531,79412,0.0,0.0327735569215104,4.284040102672988e-05,,measurement,False,"national-strata-tract-table lives entirely under strata/ (the Bias API stratification datasets), never under reference/ (the map data actually scored). The challenge's own rule — the scored coverage-gap computation must use only the datasets provided for the challenge — means no column from this table may influence the submitted coverage-gap number, regardless of its role.",True,a substantive per-tract measurement with real variance nationally,Measurement Eligibility Bias; Source Provenance x Vulnerability; Component Dominance,wildfire-domain measurement — generic vulnerability/hazard covariate raw material,eastern-ok;maricopa-az;northern-ca;south-central-tx,,True,False,"national (85,396 tracts)",confirmed,"usfs_edition confirms the 2nd edition (RDS-2020-0060-2), CONUS extent."
usfs_HUImpact_mean,87,double,national-usfs-wildfire-tract-table,wildfire,unambiguous,1885,0.0220736334254531,79403,0.0,108246735.35641833,1601906.37805204,,measurement,False,"national-strata-tract-table lives entirely under strata/ (the Bias API stratification datasets), never under reference/ (the map data actually scored). The challenge's own rule — the scored coverage-gap computation must use only the datasets provided for the challenge — means no column from this table may influence the submitted coverage-gap number, regardless of its role.",True,a substantive per-tract measurement with real variance nationally,Measurement Eligibility Bias; Source Provenance x Vulnerability; Component Dominance,wildfire-domain measurement — generic vulnerability/hazard covariate raw material,eastern-ok;maricopa-az;northern-ca;south-central-tx,,True,False,"national (85,396 tracts)",confirmed,"usfs_edition confirms the 2nd edition (RDS-2020-0060-2), CONUS extent."
usfs_HURisk_mean,88,double,national-usfs-wildfire-tract-table,wildfire,unambiguous,1885,0.0220736334254531,78007,0.0,2000937.9061032864,1355.4051320493247,,measurement,False,"national-strata-tract-table lives entirely under strata/ (the Bias API stratification datasets), never under reference/ (the map data actually scored). The challenge's own rule — the scored coverage-gap computation must use only the datasets provided for the challenge — means no column from this table may influence the submitted coverage-gap number, regardless of its role.",True,a substantive per-tract measurement with real variance nationally,Measurement Eligibility Bias; Source Provenance x Vulnerability; Component Dominance,wildfire-domain measurement — generic vulnerability/hazard covariate raw material,eastern-ok;maricopa-az;northern-ca;south-central-tx,,True,False,"national (85,396 tracts)",confirmed,"usfs_edition confirms the 2nd edition (RDS-2020-0060-2), CONUS extent."
usfs_PopCount_sum,89,double,national-usfs-wildfire-tract-table,wildfire,unambiguous,1619,0.0189587334301372,83407,0.0,36506.90737609071,4243.279169424266,,measurement,False,"national-strata-tract-table lives entirely under strata/ (the Bias API stratification datasets), never under reference/ (the map data actually scored). The challenge's own rule — the scored coverage-gap computation must use only the datasets provided for the challenge — means no column from this table may influence the submitted coverage-gap number, regardless of its role.",True,a substantive per-tract measurement with real variance nationally,Measurement Eligibility Bias; Source Provenance x Vulnerability; Component Dominance,wildfire-domain measurement — generic vulnerability/hazard covariate raw material,eastern-ok;maricopa-az;northern-ca;south-central-tx,,True,False,"national (85,396 tracts)",confirmed,"usfs_edition confirms the 2nd edition (RDS-2020-0060-2), CONUS extent."
usfs_PopDen_mean,90,double,national-usfs-wildfire-tract-table,wildfire,unambiguous,1619,0.0189587334301372,83537,0.0,93573.06840404142,2124.147996357806,,measurement,False,"national-strata-tract-table lives entirely under strata/ (the Bias API stratification datasets), never under reference/ (the map data actually scored). The challenge's own rule — the scored coverage-gap computation must use only the datasets provided for the challenge — means no column from this table may influence the submitted coverage-gap number, regardless of its role.",True,a substantive per-tract measurement with real variance nationally,Measurement Eligibility Bias; Source Provenance x Vulnerability; Component Dominance,wildfire-domain measurement — generic vulnerability/hazard covariate raw material,eastern-ok;maricopa-az;northern-ca;south-central-tx,,True,False,"national (85,396 tracts)",confirmed,"usfs_edition confirms the 2nd edition (RDS-2020-0060-2), CONUS extent."
usfs_edition,91,string,national-usfs-wildfire-tract-table,wildfire,unambiguous,0,0.0,1,,,,,vintage_metadata,False,"national-strata-tract-table lives entirely under strata/ (the Bias API stratification datasets), never under reference/ (the map data actually scored). The challenge's own rule — the scored coverage-gap computation must use only the datasets provided for the challenge — means no column from this table may influence the submitted coverage-gap number, regardless of its role.",False,"constant across all tracts nationally (n_distinct=1) — carries no discriminative signal for any bias analysis, regardless of role",,"allowed_for_bias=False (Step 5) — not usable for any bias-discovery hypothesis, regardless of role or domain",eastern-ok;maricopa-az;northern-ca;south-central-tx,,True,False,"national (85,396 tracts)",confirmed,"usfs_edition confirms the 2nd edition (RDS-2020-0060-2), CONUS extent."
usfs_extent,92,string,national-usfs-wildfire-tract-table,wildfire,unambiguous,0,0.0,1,,,,,vintage_metadata,False,"national-strata-tract-table lives entirely under strata/ (the Bias API stratification datasets), never under reference/ (the map data actually scored). The challenge's own rule — the scored coverage-gap computation must use only the datasets provided for the challenge — means no column from this table may influence the submitted coverage-gap number, regardless of its role.",False,"constant across all tracts nationally (n_distinct=1) — carries no discriminative signal for any bias analysis, regardless of role",,"allowed_for_bias=False (Step 5) — not usable for any bias-discovery hypothesis, regardless of role or domain",eastern-ok;maricopa-az;northern-ca;south-central-tx,,True,False,"national (85,396 tracts)",confirmed,"usfs_edition confirms the 2nd edition (RDS-2020-0060-2), CONUS extent."
epht_covered,93,bool,national-epht-heat-tract-table,heat,unambiguous,0,0.0,2,,,,,coverage_flag,False,"national-strata-tract-table lives entirely under strata/ (the Bias API stratification datasets), never under reference/ (the map data actually scored). The challenge's own rule — the scored coverage-gap computation must use only the datasets provided for the challenge — means no column from this table may influence the submitted coverage-gap number, regardless of its role.",True,"central to Measurement Eligibility Bias analysis (whether a hazard/vulnerability measurement exists for a tract at all, cross-tabulated against SVI/tribal/rurality/hazard exposure)",Measurement Eligibility Bias,a <source>_covered flag — whether this strata source has data for a tract at all is exactly what Measurement Eligibility Bias asks,eastern-ok;maricopa-az;northern-ca;south-central-tx,,True,False,"national (85,396 tracts)",confirmed_with_clarification,epht_threshold ('95th percentile') and epht_metric confirmed live; the 2015-2023 window's exact provenance is unresolved pending the EPHT Data Explorer's per-measure metadata.
epht_heat_days_summer,94,double,national-epht-heat-tract-table,heat,unambiguous,1925,0.0225420394397864,173,6.444444444444445,23.33333333333333,11.427540414214908,,measurement,False,"national-strata-tract-table lives entirely under strata/ (the Bias API stratification datasets), never under reference/ (the map data actually scored). The challenge's own rule — the scored coverage-gap computation must use only the datasets provided for the challenge — means no column from this table may influence the submitted coverage-gap number, regardless of its role.",True,a substantive per-tract measurement with real variance nationally,Measurement Eligibility Bias; Source Provenance x Vulnerability; Component Dominance,heat-domain measurement — generic vulnerability/hazard covariate raw material,eastern-ok;maricopa-az;northern-ca;south-central-tx,,True,False,"national (85,396 tracts)",confirmed_with_clarification,epht_threshold ('95th percentile') and epht_metric confirmed live; the 2015-2023 window's exact provenance is unresolved pending the EPHT Data Explorer's per-measure metadata.
epht_heat_days_annual,95,double,national-epht-heat-tract-table,heat,unambiguous,1925,0.0225420394397864,182,9.555555555555555,27.77777777777778,15.527359398266212,,measurement,False,"national-strata-tract-table lives entirely under strata/ (the Bias API stratification datasets), never under reference/ (the map data actually scored). The challenge's own rule — the scored coverage-gap computation must use only the datasets provided for the challenge — means no column from this table may influence the submitted coverage-gap number, regardless of its role.",True,a substantive per-tract measurement with real variance nationally,Measurement Eligibility Bias; Source Provenance x Vulnerability; Component Dominance,heat-domain measurement — generic vulnerability/hazard covariate raw material,eastern-ok;maricopa-az;northern-ca;south-central-tx,,True,False,"national (85,396 tracts)",confirmed_with_clarification,epht_threshold ('95th percentile') and epht_metric confirmed live; the 2015-2023 window's exact provenance is unresolved pending the EPHT Data Explorer's per-measure metadata.
epht_heat_events_summer,96,double,national-epht-heat-tract-table,heat,unambiguous,1925,0.0225420394397864,173,2.2222222222222223,20.33333333333333,8.587062211405431,,measurement,False,"national-strata-tract-table lives entirely under strata/ (the Bias API stratification datasets), never under reference/ (the map data actually scored). The challenge's own rule — the scored coverage-gap computation must use only the datasets provided for the challenge — means no column from this table may influence the submitted coverage-gap number, regardless of its role.",True,a substantive per-tract measurement with real variance nationally,Measurement Eligibility Bias; Source Provenance x Vulnerability; Component Dominance,heat-domain measurement — generic vulnerability/hazard covariate raw material,eastern-ok;maricopa-az;northern-ca;south-central-tx,,True,False,"national (85,396 tracts)",confirmed_with_clarification,epht_threshold ('95th percentile') and epht_metric confirmed live; the 2015-2023 window's exact provenance is unresolved pending the EPHT Data Explorer's per-measure metadata.
epht_threshold,97,string,national-epht-heat-tract-table,heat,unambiguous,0,0.0,1,,,,,vintage_metadata,False,"national-strata-tract-table lives entirely under strata/ (the Bias API stratification datasets), never under reference/ (the map data actually scored). The challenge's own rule — the scored coverage-gap computation must use only the datasets provided for the challenge — means no column from this table may influence the submitted coverage-gap number, regardless of its role.",False,"constant across all tracts nationally (n_distinct=1) — carries no discriminative signal for any bias analysis, regardless of role",,"allowed_for_bias=False (Step 5) — not usable for any bias-discovery hypothesis, regardless of role or domain",eastern-ok;maricopa-az;northern-ca;south-central-tx,,True,False,"national (85,396 tracts)",confirmed_with_clarification,epht_threshold ('95th percentile') and epht_metric confirmed live; the 2015-2023 window's exact provenance is unresolved pending the EPHT Data Explorer's per-measure metadata.
epht_metric,98,string,national-epht-heat-tract-table,heat,unambiguous,0,0.0,1,,,,,vintage_metadata,False,"national-strata-tract-table lives entirely under strata/ (the Bias API stratification datasets), never under reference/ (the map data actually scored). The challenge's own rule — the scored coverage-gap computation must use only the datasets provided for the challenge — means no column from this table may influence the submitted coverage-gap number, regardless of its role.",False,"constant across all tracts nationally (n_distinct=1) — carries no discriminative signal for any bias analysis, regardless of role",,"allowed_for_bias=False (Step 5) — not usable for any bias-discovery hypothesis, regardless of role or domain",eastern-ok;maricopa-az;northern-ca;south-central-tx,,True,False,"national (85,396 tracts)",confirmed_with_clarification,epht_threshold ('95th percentile') and epht_metric confirmed live; the 2015-2023 window's exact provenance is unresolved pending the EPHT Data Explorer's per-measure metadata.
epht_year_min,99,int64,national-epht-heat-tract-table,heat,unambiguous,0,0.0,1,2015.0,2015.0,2015.0,,vintage_metadata,False,"national-strata-tract-table lives entirely under strata/ (the Bias API stratification datasets), never under reference/ (the map data actually scored). The challenge's own rule — the scored coverage-gap computation must use only the datasets provided for the challenge — means no column from this table may influence the submitted coverage-gap number, regardless of its role.",False,"constant across all tracts nationally (n_distinct=1) — carries no discriminative signal for any bias analysis, regardless of role",,"allowed_for_bias=False (Step 5) — not usable for any bias-discovery hypothesis, regardless of role or domain",eastern-ok;maricopa-az;northern-ca;south-central-tx,,True,False,"national (85,396 tracts)",confirmed_with_clarification,epht_threshold ('95th percentile') and epht_metric confirmed live; the 2015-2023 window's exact provenance is unresolved pending the EPHT Data Explorer's per-measure metadata.
epht_year_max,100,int64,national-epht-heat-tract-table,heat,unambiguous,0,0.0,1,2023.0,2023.0,2023.0,,vintage_metadata,False,"national-strata-tract-table lives entirely under strata/ (the Bias API stratification datasets), never under reference/ (the map data actually scored). The challenge's own rule — the scored coverage-gap computation must use only the datasets provided for the challenge — means no column from this table may influence the submitted coverage-gap number, regardless of its role.",False,"constant across all tracts nationally (n_distinct=1) — carries no discriminative signal for any bias analysis, regardless of role",,"allowed_for_bias=False (Step 5) — not usable for any bias-discovery hypothesis, regardless of role or domain",eastern-ok;maricopa-az;northern-ca;south-central-tx,,True,False,"national (85,396 tracts)",confirmed_with_clarification,epht_threshold ('95th percentile') and epht_metric confirmed live; the 2015-2023 window's exact provenance is unresolved pending the EPHT Data Explorer's per-measure metadata.
carbonplan_covered,101,bool,national-carbonplan-tract-table,wildfire,unambiguous,0,0.0,2,,,,,coverage_flag,False,"national-strata-tract-table lives entirely under strata/ (the Bias API stratification datasets), never under reference/ (the map data actually scored). The challenge's own rule — the scored coverage-gap computation must use only the datasets provided for the challenge — means no column from this table may influence the submitted coverage-gap number, regardless of its role.",True,"central to Measurement Eligibility Bias analysis (whether a hazard/vulnerability measurement exists for a tract at all, cross-tabulated against SVI/tribal/rurality/hazard exposure)",Measurement Eligibility Bias,a <source>_covered flag — whether this strata source has data for a tract at all is exactly what Measurement Eligibility Bias asks,eastern-ok;maricopa-az;northern-ca;south-central-tx,,True,False,"national (85,396 tracts)",confirmed,carbonplan_version='v1.1.0' matches CarbonPlan's current public release tag.
carbonplan_buildings,102,double,national-carbonplan-tract-table,wildfire,unambiguous,1854,0.0217106187643449,5821,1.0,16919.0,1862.507768547557,,measurement,False,"national-strata-tract-table lives entirely under strata/ (the Bias API stratification datasets), never under reference/ (the map data actually scored). The challenge's own rule — the scored coverage-gap computation must use only the datasets provided for the challenge — means no column from this table may influence the submitted coverage-gap number, regardless of its role.",True,a substantive per-tract measurement with real variance nationally,Measurement Eligibility Bias; Source Provenance x Vulnerability; Component Dominance,wildfire-domain measurement — generic vulnerability/hazard covariate raw material,eastern-ok;maricopa-az;northern-ca;south-central-tx,,True,False,"national (85,396 tracts)",confirmed,carbonplan_version='v1.1.0' matches CarbonPlan's current public release tag.
carbonplan_bp_2011_mean,103,double,national-carbonplan-tract-table,wildfire,unambiguous,1854,0.0217106187643449,83101,0.0,0.062517076209676,0.0006171225609057,,measurement,False,"national-strata-tract-table lives entirely under strata/ (the Bias API stratification datasets), never under reference/ (the map data actually scored). The challenge's own rule — the scored coverage-gap computation must use only the datasets provided for the challenge — means no column from this table may influence the submitted coverage-gap number, regardless of its role.",True,a substantive per-tract measurement with real variance nationally,Measurement Eligibility Bias; Source Provenance x Vulnerability; Component Dominance,wildfire-domain measurement — generic vulnerability/hazard covariate raw material,eastern-ok;maricopa-az;northern-ca;south-central-tx,,True,False,"national (85,396 tracts)",confirmed,carbonplan_version='v1.1.0' matches CarbonPlan's current public release tag.
carbonplan_bp_2011_median,104,double,national-carbonplan-tract-table,wildfire,unambiguous,1854,0.0217106187643449,82331,0.0,0.06700342,0.0005690204298079,,measurement,False,"national-strata-tract-table lives entirely under strata/ (the Bias API stratification datasets), never under reference/ (the map data actually scored). The challenge's own rule — the scored coverage-gap computation must use only the datasets provided for the challenge — means no column from this table may influence the submitted coverage-gap number, regardless of its role.",True,a substantive per-tract measurement with real variance nationally,Measurement Eligibility Bias; Source Provenance x Vulnerability; Component Dominance,wildfire-domain measurement — generic vulnerability/hazard covariate raw material,eastern-ok;maricopa-az;northern-ca;south-central-tx,,True,False,"national (85,396 tracts)",confirmed,carbonplan_version='v1.1.0' matches CarbonPlan's current public release tag.
carbonplan_bp_2047_mean,105,double,national-carbonplan-tract-table,wildfire,unambiguous,1854,0.0217106187643449,83098,0.0,0.1329315731413373,0.0008224832161528,,measurement,False,"national-strata-tract-table lives entirely under strata/ (the Bias API stratification datasets), never under reference/ (the map data actually scored). The challenge's own rule — the scored coverage-gap computation must use only the datasets provided for the challenge — means no column from this table may influence the submitted coverage-gap number, regardless of its role.",True,a substantive per-tract measurement with real variance nationally,Measurement Eligibility Bias; Source Provenance x Vulnerability; Component Dominance,wildfire-domain measurement — generic vulnerability/hazard covariate raw material,eastern-ok;maricopa-az;northern-ca;south-central-tx,,True,False,"national (85,396 tracts)",confirmed,carbonplan_version='v1.1.0' matches CarbonPlan's current public release tag.
carbonplan_crps_mean,106,double,national-carbonplan-tract-table,wildfire,unambiguous,1854,0.0217106187643449,75954,0.0,75.48165464882204,12.185075214140353,,measurement,False,"national-strata-tract-table lives entirely under strata/ (the Bias API stratification datasets), never under reference/ (the map data actually scored). The challenge's own rule — the scored coverage-gap computation must use only the datasets provided for the challenge — means no column from this table may influence the submitted coverage-gap number, regardless of its role.",True,a substantive per-tract measurement with real variance nationally,Measurement Eligibility Bias; Source Provenance x Vulnerability; Component Dominance,wildfire-domain measurement — generic vulnerability/hazard covariate raw material,eastern-ok;maricopa-az;northern-ca;south-central-tx,,True,False,"national (85,396 tracts)",confirmed,carbonplan_version='v1.1.0' matches CarbonPlan's current public release tag.
carbonplan_rps_2011_mean,107,double,national-carbonplan-tract-table,wildfire,unambiguous,1854,0.0217106187643449,75861,0.0,2.8906611529308623,0.0158406846277169,,measurement,False,"national-strata-tract-table lives entirely under strata/ (the Bias API stratification datasets), never under reference/ (the map data actually scored). The challenge's own rule — the scored coverage-gap computation must use only the datasets provided for the challenge — means no column from this table may influence the submitted coverage-gap number, regardless of its role.",True,a substantive per-tract measurement with real variance nationally,Measurement Eligibility Bias; Source Provenance x Vulnerability; Component Dominance,wildfire-domain measurement — generic vulnerability/hazard covariate raw material,eastern-ok;maricopa-az;northern-ca;south-central-tx,,True,False,"national (85,396 tracts)",confirmed,carbonplan_version='v1.1.0' matches CarbonPlan's current public release tag.
carbonplan_rps_2011_median,108,double,national-carbonplan-tract-table,wildfire,unambiguous,1854,0.0217106187643449,37010,0.0,2.460282,0.0132002622826964,,measurement,False,"national-strata-tract-table lives entirely under strata/ (the Bias API stratification datasets), never under reference/ (the map data actually scored). The challenge's own rule — the scored coverage-gap computation must use only the datasets provided for the challenge — means no column from this table may influence the submitted coverage-gap number, regardless of its role.",True,a substantive per-tract measurement with real variance nationally,Measurement Eligibility Bias; Source Provenance x Vulnerability; Component Dominance,wildfire-domain measurement — generic vulnerability/hazard covariate raw material,eastern-ok;maricopa-az;northern-ca;south-central-tx,,True,False,"national (85,396 tracts)",confirmed,carbonplan_version='v1.1.0' matches CarbonPlan's current public release tag.
carbonplan_rps_2047_mean,109,double,national-carbonplan-tract-table,wildfire,unambiguous,1854,0.0217106187643449,75878,0.0,6.141614029261738,0.0223607190738548,,measurement,False,"national-strata-tract-table lives entirely under strata/ (the Bias API stratification datasets), never under reference/ (the map data actually scored). The challenge's own rule — the scored coverage-gap computation must use only the datasets provided for the challenge — means no column from this table may influence the submitted coverage-gap number, regardless of its role.",True,a substantive per-tract measurement with real variance nationally,Measurement Eligibility Bias; Source Provenance x Vulnerability; Component Dominance,wildfire-domain measurement — generic vulnerability/hazard covariate raw material,eastern-ok;maricopa-az;northern-ca;south-central-tx,,True,False,"national (85,396 tracts)",confirmed,carbonplan_version='v1.1.0' matches CarbonPlan's current public release tag.
carbonplan_version,110,string,national-carbonplan-tract-table,wildfire,unambiguous,0,0.0,1,,,,,vintage_metadata,False,"national-strata-tract-table lives entirely under strata/ (the Bias API stratification datasets), never under reference/ (the map data actually scored). The challenge's own rule — the scored coverage-gap computation must use only the datasets provided for the challenge — means no column from this table may influence the submitted coverage-gap number, regardless of its role.",False,"constant across all tracts nationally (n_distinct=1) — carries no discriminative signal for any bias analysis, regardless of role",,"allowed_for_bias=False (Step 5) — not usable for any bias-discovery hypothesis, regardless of role or domain",eastern-ok;maricopa-az;northern-ca;south-central-tx,,True,False,"national (85,396 tracts)",confirmed,carbonplan_version='v1.1.0' matches CarbonPlan's current public release tag.
usgs_covered,111,bool,national-usgs-combined-tract-table,wildfire,unambiguous,0,0.0,2,,,,,coverage_flag,False,"national-strata-tract-table lives entirely under strata/ (the Bias API stratification datasets), never under reference/ (the map data actually scored). The challenge's own rule — the scored coverage-gap computation must use only the datasets provided for the challenge — means no column from this table may influence the submitted coverage-gap number, regardless of its role.",True,"central to Measurement Eligibility Bias analysis (whether a hazard/vulnerability measurement exists for a tract at all, cross-tabulated against SVI/tribal/rurality/hazard exposure)",Measurement Eligibility Bias,a <source>_covered flag — whether this strata source has data for a tract at all is exactly what Measurement Eligibility Bias asks,eastern-ok;maricopa-az;northern-ca;south-central-tx,,True,False,"national (85,396 tracts)",confirmed,usgs_record_start/end (1835-2020) is consistent with an FY21-vintage pull of USGS's versioned combined wildland-fire dataset.
usgs_wildland_fire_burned_pct_area,112,double,national-usgs-combined-tract-table,wildfire,unambiguous,4,4.68406014333224e-05,8947,0.0,100.0,1.574480625583757,,measurement,False,"national-strata-tract-table lives entirely under strata/ (the Bias API stratification datasets), never under reference/ (the map data actually scored). The challenge's own rule — the scored coverage-gap computation must use only the datasets provided for the challenge — means no column from this table may influence the submitted coverage-gap number, regardless of its role.",True,a substantive per-tract measurement with real variance nationally,Measurement Eligibility Bias; Source Provenance x Vulnerability; Component Dominance,wildfire-domain measurement — generic vulnerability/hazard covariate raw material,eastern-ok;maricopa-az;northern-ca;south-central-tx,,True,False,"national (85,396 tracts)",confirmed,usgs_record_start/end (1835-2020) is consistent with an FY21-vintage pull of USGS's versioned combined wildland-fire dataset.
usgs_wildfire_burned_pct_area,113,double,national-usgs-combined-tract-table,wildfire,unambiguous,4,4.68406014333224e-05,7814,0.0,100.0,1.4036219861257275,,measurement,False,"national-strata-tract-table lives entirely under strata/ (the Bias API stratification datasets), never under reference/ (the map data actually scored). The challenge's own rule — the scored coverage-gap computation must use only the datasets provided for the challenge — means no column from this table may influence the submitted coverage-gap number, regardless of its role.",True,a substantive per-tract measurement with real variance nationally,Measurement Eligibility Bias; Source Provenance x Vulnerability; Component Dominance,wildfire-domain measurement — generic vulnerability/hazard covariate raw material,eastern-ok;maricopa-az;northern-ca;south-central-tx,,True,False,"national (85,396 tracts)",confirmed,usgs_record_start/end (1835-2020) is consistent with an FY21-vintage pull of USGS's versioned combined wildland-fire dataset.
usgs_wildfire_pct_area_2plus,114,double,national-usgs-combined-tract-table,wildfire,unambiguous,4,4.68406014333224e-05,3300,0.0,100.0,0.4541878993696393,,measurement,False,"national-strata-tract-table lives entirely under strata/ (the Bias API stratification datasets), never under reference/ (the map data actually scored). The challenge's own rule — the scored coverage-gap computation must use only the datasets provided for the challenge — means no column from this table may influence the submitted coverage-gap number, regardless of its role.",True,a substantive per-tract measurement with real variance nationally,Measurement Eligibility Bias; Source Provenance x Vulnerability; Component Dominance,wildfire-domain measurement — generic vulnerability/hazard covariate raw material,eastern-ok;maricopa-az;northern-ca;south-central-tx,,True,False,"national (85,396 tracts)",confirmed,usgs_record_start/end (1835-2020) is consistent with an FY21-vintage pull of USGS's versioned combined wildland-fire dataset.
usgs_prescribed_burned_pct_area,115,double,national-usgs-combined-tract-table,wildfire,unambiguous,735,0.0086069605133729,3995,0.0,83.25276112439275,0.2119768729008355,,measurement,False,"national-strata-tract-table lives entirely under strata/ (the Bias API stratification datasets), never under reference/ (the map data actually scored). The challenge's own rule — the scored coverage-gap computation must use only the datasets provided for the challenge — means no column from this table may influence the submitted coverage-gap number, regardless of its role.",True,a substantive per-tract measurement with real variance nationally,Measurement Eligibility Bias; Source Provenance x Vulnerability; Component Dominance,wildfire-domain measurement — generic vulnerability/hazard covariate raw material,eastern-ok;maricopa-az;northern-ca;south-central-tx,,True,False,"national (85,396 tracts)",confirmed,usgs_record_start/end (1835-2020) is consistent with an FY21-vintage pull of USGS's versioned combined wildland-fire dataset.
usgs_wildfire_return_interval_years,116,double,national-usgs-combined-tract-table,wildfire,unambiguous,77525,0.90782940652958,4526,28.51371507729052,186.0000658545076,170.43696464484393,,measurement,False,"national-strata-tract-table lives entirely under strata/ (the Bias API stratification datasets), never under reference/ (the map data actually scored). The challenge's own rule — the scored coverage-gap computation must use only the datasets provided for the challenge — means no column from this table may influence the submitted coverage-gap number, regardless of its role.",True,a substantive per-tract measurement with real variance nationally,Measurement Eligibility Bias; Source Provenance x Vulnerability; Component Dominance,wildfire-domain measurement — generic vulnerability/hazard covariate raw material,eastern-ok;maricopa-az;northern-ca;south-central-tx,,True,False,"national (85,396 tracts)",confirmed,usgs_record_start/end (1835-2020) is consistent with an FY21-vintage pull of USGS's versioned combined wildland-fire dataset.
usgs_wildfire_fires_per_burned_pixel,117,double,national-usgs-combined-tract-table,wildfire,unambiguous,77525,0.90782940652958,4593,0.9999996459436332,6.523176636079174,1.1589380553139963,,measurement,False,"national-strata-tract-table lives entirely under strata/ (the Bias API stratification datasets), never under reference/ (the map data actually scored). The challenge's own rule — the scored coverage-gap computation must use only the datasets provided for the challenge — means no column from this table may influence the submitted coverage-gap number, regardless of its role.",True,a substantive per-tract measurement with real variance nationally,Measurement Eligibility Bias; Source Provenance x Vulnerability; Component Dominance,wildfire-domain measurement — generic vulnerability/hazard covariate raw material,eastern-ok;maricopa-az;northern-ca;south-central-tx,,True,False,"national (85,396 tracts)",confirmed,usgs_record_start/end (1835-2020) is consistent with an FY21-vintage pull of USGS's versioned combined wildland-fire dataset.
usgs_first_year_burned,118,double,national-usgs-combined-tract-table,wildfire,unambiguous,77525,0.90782940652958,139,1835.0,2020.0,1979.5438953119044,,measurement,False,"national-strata-tract-table lives entirely under strata/ (the Bias API stratification datasets), never under reference/ (the map data actually scored). The challenge's own rule — the scored coverage-gap computation must use only the datasets provided for the challenge — means no column from this table may influence the submitted coverage-gap number, regardless of its role.",True,a substantive per-tract measurement with real variance nationally,Measurement Eligibility Bias; Source Provenance x Vulnerability; Component Dominance,wildfire-domain measurement — generic vulnerability/hazard covariate raw material,eastern-ok;maricopa-az;northern-ca;south-central-tx,,True,False,"national (85,396 tracts)",confirmed,usgs_record_start/end (1835-2020) is consistent with an FY21-vintage pull of USGS's versioned combined wildland-fire dataset.
usgs_last_year_burned,119,double,national-usgs-combined-tract-table,wildfire,unambiguous,77521,0.9077825659281464,115,1878.0,2020.0,2005.4087619047616,,measurement,False,"national-strata-tract-table lives entirely under strata/ (the Bias API stratification datasets), never under reference/ (the map data actually scored). The challenge's own rule — the scored coverage-gap computation must use only the datasets provided for the challenge — means no column from this table may influence the submitted coverage-gap number, regardless of its role.",True,a substantive per-tract measurement with real variance nationally,Measurement Eligibility Bias; Source Provenance x Vulnerability; Component Dominance,wildfire-domain measurement — generic vulnerability/hazard covariate raw material,eastern-ok;maricopa-az;northern-ca;south-central-tx,,True,False,"national (85,396 tracts)",confirmed,usgs_record_start/end (1835-2020) is consistent with an FY21-vintage pull of USGS's versioned combined wildland-fire dataset.
usgs_years_since_last_fire,120,double,national-usgs-combined-tract-table,wildfire,unambiguous,77521,0.9077825659281464,115,0.0,142.0,14.591238095238095,,measurement,False,"national-strata-tract-table lives entirely under strata/ (the Bias API stratification datasets), never under reference/ (the map data actually scored). The challenge's own rule — the scored coverage-gap computation must use only the datasets provided for the challenge — means no column from this table may influence the submitted coverage-gap number, regardless of its role.",True,a substantive per-tract measurement with real variance nationally,Measurement Eligibility Bias; Source Provenance x Vulnerability; Component Dominance,wildfire-domain measurement — generic vulnerability/hazard covariate raw material,eastern-ok;maricopa-az;northern-ca;south-central-tx,,True,False,"national (85,396 tracts)",confirmed,usgs_record_start/end (1835-2020) is consistent with an FY21-vintage pull of USGS's versioned combined wildland-fire dataset.
usgs_wildfire_ever,121,bool,national-usgs-combined-tract-table,wildfire,unambiguous,0,0.0,2,,,,,derived_ever_flag,False,"national-strata-tract-table lives entirely under strata/ (the Bias API stratification datasets), never under reference/ (the map data actually scored). The challenge's own rule — the scored coverage-gap computation must use only the datasets provided for the challenge — means no column from this table may influence the submitted coverage-gap number, regardless of its role.",True,"real per-tract signal, but MUST be interpreted jointly with its own _covered flag — Step 3 Finding 2 documented that this defaults to False for uncovered tracts rather than propagating unknown-ness, which risks misreading 'no data' as 'no history' if used alone",Measurement Eligibility Bias; Component Dominance,real per-tract hazard-history signal (paired with its own _covered flag) that feeds both the measurement-eligibility question and the component-dominance vulnerability crosstab,eastern-ok;maricopa-az;northern-ca;south-central-tx,,True,False,"national (85,396 tracts)",confirmed,usgs_record_start/end (1835-2020) is consistent with an FY21-vintage pull of USGS's versioned combined wildland-fire dataset.
usgs_record_start,122,int64,national-usgs-combined-tract-table,wildfire,unambiguous,0,0.0,1,1835.0,1835.0,1835.0,,vintage_metadata,False,"national-strata-tract-table lives entirely under strata/ (the Bias API stratification datasets), never under reference/ (the map data actually scored). The challenge's own rule — the scored coverage-gap computation must use only the datasets provided for the challenge — means no column from this table may influence the submitted coverage-gap number, regardless of its role.",False,"constant across all tracts nationally (n_distinct=1) — carries no discriminative signal for any bias analysis, regardless of role",,"allowed_for_bias=False (Step 5) — not usable for any bias-discovery hypothesis, regardless of role or domain",eastern-ok;maricopa-az;northern-ca;south-central-tx,,True,False,"national (85,396 tracts)",confirmed,usgs_record_start/end (1835-2020) is consistent with an FY21-vintage pull of USGS's versioned combined wildland-fire dataset.
usgs_record_end,123,int64,national-usgs-combined-tract-table,wildfire,unambiguous,0,0.0,1,2020.0,2020.0,2020.0,,vintage_metadata,False,"national-strata-tract-table lives entirely under strata/ (the Bias API stratification datasets), never under reference/ (the map data actually scored). The challenge's own rule — the scored coverage-gap computation must use only the datasets provided for the challenge — means no column from this table may influence the submitted coverage-gap number, regardless of its role.",False,"constant across all tracts nationally (n_distinct=1) — carries no discriminative signal for any bias analysis, regardless of role",,"allowed_for_bias=False (Step 5) — not usable for any bias-discovery hypothesis, regardless of role or domain",eastern-ok;maricopa-az;northern-ca;south-central-tx,,True,False,"national (85,396 tracts)",confirmed,usgs_record_start/end (1835-2020) is consistent with an FY21-vintage pull of USGS's versioned combined wildland-fire dataset.
mtbs_covered,124,bool,national-mtbs-tract-table,wildfire,unambiguous,0,0.0,2,,,,,coverage_flag,False,"national-strata-tract-table lives entirely under strata/ (the Bias API stratification datasets), never under reference/ (the map data actually scored). The challenge's own rule — the scored coverage-gap computation must use only the datasets provided for the challenge — means no column from this table may influence the submitted coverage-gap number, regardless of its role.",True,"central to Measurement Eligibility Bias analysis (whether a hazard/vulnerability measurement exists for a tract at all, cross-tabulated against SVI/tribal/rurality/hazard exposure)",Measurement Eligibility Bias,a <source>_covered flag — whether this strata source has data for a tract at all is exactly what Measurement Eligibility Bias asks,eastern-ok;maricopa-az;northern-ca;south-central-tx,,True,False,"national (85,396 tracts)",confirmed_with_clarification,"Coverage window (1984-2023) and size-threshold convention confirmed; the live file is one MTBS release behind the current v12.0 (April 2025) — expected for any snapshot, not an error."
mtbs_wildfire_burned_pct_land,125,double,national-mtbs-tract-table,wildfire,unambiguous,362,0.0042390744297156,4831,0.0,240.37027374594672,0.9914953339144552,,measurement,False,"national-strata-tract-table lives entirely under strata/ (the Bias API stratification datasets), never under reference/ (the map data actually scored). The challenge's own rule — the scored coverage-gap computation must use only the datasets provided for the challenge — means no column from this table may influence the submitted coverage-gap number, regardless of its role.",True,a substantive per-tract measurement with real variance nationally,Measurement Eligibility Bias; Source Provenance x Vulnerability; Component Dominance,wildfire-domain measurement — generic vulnerability/hazard covariate raw material,eastern-ok;maricopa-az;northern-ca;south-central-tx,,True,False,"national (85,396 tracts)",confirmed_with_clarification,"Coverage window (1984-2023) and size-threshold convention confirmed; the live file is one MTBS release behind the current v12.0 (April 2025) — expected for any snapshot, not an error."
mtbs_wildfire_burned_km2,126,double,national-mtbs-tract-table,wildfire,unambiguous,0,0.0,4834,0.0,34601.37873742052,8.206074899169755,,measurement,False,"national-strata-tract-table lives entirely under strata/ (the Bias API stratification datasets), never under reference/ (the map data actually scored). The challenge's own rule — the scored coverage-gap computation must use only the datasets provided for the challenge — means no column from this table may influence the submitted coverage-gap number, regardless of its role.",True,a substantive per-tract measurement with real variance nationally,Measurement Eligibility Bias; Source Provenance x Vulnerability; Component Dominance,wildfire-domain measurement — generic vulnerability/hazard covariate raw material,eastern-ok;maricopa-az;northern-ca;south-central-tx,,True,False,"national (85,396 tracts)",confirmed_with_clarification,"Coverage window (1984-2023) and size-threshold convention confirmed; the live file is one MTBS release behind the current v12.0 (April 2025) — expected for any snapshot, not an error."
mtbs_wildfire_fires,127,int32,national-mtbs-tract-table,wildfire,unambiguous,0,0.0,85,0.0,254.0,0.2880462785142161,,measurement,False,"national-strata-tract-table lives entirely under strata/ (the Bias API stratification datasets), never under reference/ (the map data actually scored). The challenge's own rule — the scored coverage-gap computation must use only the datasets provided for the challenge — means no column from this table may influence the submitted coverage-gap number, regardless of its role.",True,a substantive per-tract measurement with real variance nationally,Measurement Eligibility Bias; Source Provenance x Vulnerability; Component Dominance,wildfire-domain measurement — generic vulnerability/hazard covariate raw material,eastern-ok;maricopa-az;northern-ca;south-central-tx,,True,False,"national (85,396 tracts)",confirmed_with_clarification,"Coverage window (1984-2023) and size-threshold convention confirmed; the live file is one MTBS release behind the current v12.0 (April 2025) — expected for any snapshot, not an error."
mtbs_wildfire_last_year,128,double,national-mtbs-tract-table,wildfire,unambiguous,80563,0.9434048433181882,40,1984.0,2023.0,2011.67432236706,,measurement,False,"national-strata-tract-table lives entirely under strata/ (the Bias API stratification datasets), never under reference/ (the map data actually scored). The challenge's own rule — the scored coverage-gap computation must use only the datasets provided for the challenge — means no column from this table may influence the submitted coverage-gap number, regardless of its role.",True,a substantive per-tract measurement with real variance nationally,Measurement Eligibility Bias; Source Provenance x Vulnerability; Component Dominance,wildfire-domain measurement — generic vulnerability/hazard covariate raw material,eastern-ok;maricopa-az;northern-ca;south-central-tx,,True,False,"national (85,396 tracts)",confirmed_with_clarification,"Coverage window (1984-2023) and size-threshold convention confirmed; the live file is one MTBS release behind the current v12.0 (April 2025) — expected for any snapshot, not an error."
mtbs_wildfire_ever,129,bool,national-mtbs-tract-table,wildfire,unambiguous,0,0.0,2,,,,,derived_ever_flag,False,"national-strata-tract-table lives entirely under strata/ (the Bias API stratification datasets), never under reference/ (the map data actually scored). The challenge's own rule — the scored coverage-gap computation must use only the datasets provided for the challenge — means no column from this table may influence the submitted coverage-gap number, regardless of its role.",True,"real per-tract signal, but MUST be interpreted jointly with its own _covered flag — Step 3 Finding 2 documented that this defaults to False for uncovered tracts rather than propagating unknown-ness, which risks misreading 'no data' as 'no history' if used alone",Measurement Eligibility Bias; Component Dominance,real per-tract hazard-history signal (paired with its own _covered flag) that feeds both the measurement-eligibility question and the component-dominance vulnerability crosstab,eastern-ok;maricopa-az;northern-ca;south-central-tx,,True,False,"national (85,396 tracts)",confirmed_with_clarification,"Coverage window (1984-2023) and size-threshold convention confirmed; the live file is one MTBS release behind the current v12.0 (April 2025) — expected for any snapshot, not an error."
mtbs_years_since_wildfire,130,double,national-mtbs-tract-table,wildfire,unambiguous,80563,0.9434048433181882,40,0.0,39.0,11.325677632940202,,measurement,False,"national-strata-tract-table lives entirely under strata/ (the Bias API stratification datasets), never under reference/ (the map data actually scored). The challenge's own rule — the scored coverage-gap computation must use only the datasets provided for the challenge — means no column from this table may influence the submitted coverage-gap number, regardless of its role.",True,a substantive per-tract measurement with real variance nationally,Measurement Eligibility Bias; Source Provenance x Vulnerability; Component Dominance,wildfire-domain measurement — generic vulnerability/hazard covariate raw material,eastern-ok;maricopa-az;northern-ca;south-central-tx,,True,False,"national (85,396 tracts)",confirmed_with_clarification,"Coverage window (1984-2023) and size-threshold convention confirmed; the live file is one MTBS release behind the current v12.0 (April 2025) — expected for any snapshot, not an error."
mtbs_prescribed_burned_pct_land,131,double,national-mtbs-tract-table,wildfire,unambiguous,362,0.0042390744297156,1461,0.0,285.8857801281887,0.1806154196772707,,measurement,False,"national-strata-tract-table lives entirely under strata/ (the Bias API stratification datasets), never under reference/ (the map data actually scored). The challenge's own rule — the scored coverage-gap computation must use only the datasets provided for the challenge — means no column from this table may influence the submitted coverage-gap number, regardless of its role.",True,a substantive per-tract measurement with real variance nationally,Measurement Eligibility Bias; Source Provenance x Vulnerability; Component Dominance,wildfire-domain measurement — generic vulnerability/hazard covariate raw material,eastern-ok;maricopa-az;northern-ca;south-central-tx,,True,False,"national (85,396 tracts)",confirmed_with_clarification,"Coverage window (1984-2023) and size-threshold convention confirmed; the live file is one MTBS release behind the current v12.0 (April 2025) — expected for any snapshot, not an error."
mtbs_year_min,132,int64,national-mtbs-tract-table,wildfire,unambiguous,0,0.0,1,1984.0,1984.0,1984.0,,vintage_metadata,False,"national-strata-tract-table lives entirely under strata/ (the Bias API stratification datasets), never under reference/ (the map data actually scored). The challenge's own rule — the scored coverage-gap computation must use only the datasets provided for the challenge — means no column from this table may influence the submitted coverage-gap number, regardless of its role.",False,"constant across all tracts nationally (n_distinct=1) — carries no discriminative signal for any bias analysis, regardless of role",,"allowed_for_bias=False (Step 5) — not usable for any bias-discovery hypothesis, regardless of role or domain",eastern-ok;maricopa-az;northern-ca;south-central-tx,,True,False,"national (85,396 tracts)",confirmed_with_clarification,"Coverage window (1984-2023) and size-threshold convention confirmed; the live file is one MTBS release behind the current v12.0 (April 2025) — expected for any snapshot, not an error."
mtbs_year_max,133,int64,national-mtbs-tract-table,wildfire,unambiguous,0,0.0,1,2023.0,2023.0,2023.0,,vintage_metadata,False,"national-strata-tract-table lives entirely under strata/ (the Bias API stratification datasets), never under reference/ (the map data actually scored). The challenge's own rule — the scored coverage-gap computation must use only the datasets provided for the challenge — means no column from this table may influence the submitted coverage-gap number, regardless of its role.",False,"constant across all tracts nationally (n_distinct=1) — carries no discriminative signal for any bias analysis, regardless of role",,"allowed_for_bias=False (Step 5) — not usable for any bias-discovery hypothesis, regardless of role or domain",eastern-ok;maricopa-az;northern-ca;south-central-tx,,True,False,"national (85,396 tracts)",confirmed_with_clarification,"Coverage window (1984-2023) and size-threshold convention confirmed; the live file is one MTBS release behind the current v12.0 (April 2025) — expected for any snapshot, not an error."
mtbs_size_threshold,134,string,national-mtbs-tract-table,wildfire,unambiguous,0,0.0,1,,,,,vintage_metadata,False,"national-strata-tract-table lives entirely under strata/ (the Bias API stratification datasets), never under reference/ (the map data actually scored). The challenge's own rule — the scored coverage-gap computation must use only the datasets provided for the challenge — means no column from this table may influence the submitted coverage-gap number, regardless of its role.",False,"constant across all tracts nationally (n_distinct=1) — carries no discriminative signal for any bias analysis, regardless of role",,"allowed_for_bias=False (Step 5) — not usable for any bias-discovery hypothesis, regardless of role or domain",eastern-ok;maricopa-az;northern-ca;south-central-tx,,True,False,"national (85,396 tracts)",confirmed_with_clarification,"Coverage window (1984-2023) and size-threshold convention confirmed; the live file is one MTBS release behind the current v12.0 (April 2025) — expected for any snapshot, not an error."
nifc_covered,135,bool,national-nifc-tract-table,wildfire,unambiguous,0,0.0,2,,,,,coverage_flag,False,"national-strata-tract-table lives entirely under strata/ (the Bias API stratification datasets), never under reference/ (the map data actually scored). The challenge's own rule — the scored coverage-gap computation must use only the datasets provided for the challenge — means no column from this table may influence the submitted coverage-gap number, regardless of its role.",True,"central to Measurement Eligibility Bias analysis (whether a hazard/vulnerability measurement exists for a tract at all, cross-tabulated against SVI/tribal/rurality/hazard exposure)",Measurement Eligibility Bias,a <source>_covered flag — whether this strata source has data for a tract at all is exactly what Measurement Eligibility Bias asks,eastern-ok;maricopa-az;northern-ca;south-central-tx,,True,False,"national (85,396 tracts)",confirmed,"nifc_year_min/max (1984-2025) is consistent with NIFC's continuously-updated, no-fixed-edition feature layer."
nifc_wildfire_burned_pct_land,136,double,national-nifc-tract-table,wildfire,unambiguous,362,0.0042390744297156,7809,0.0,474.3479138166172,1.1758697259669817,,measurement,False,"national-strata-tract-table lives entirely under strata/ (the Bias API stratification datasets), never under reference/ (the map data actually scored). The challenge's own rule — the scored coverage-gap computation must use only the datasets provided for the challenge — means no column from this table may influence the submitted coverage-gap number, regardless of its role.",True,a substantive per-tract measurement with real variance nationally,Measurement Eligibility Bias; Source Provenance x Vulnerability; Component Dominance,wildfire-domain measurement — generic vulnerability/hazard covariate raw material,eastern-ok;maricopa-az;northern-ca;south-central-tx,,True,False,"national (85,396 tracts)",confirmed,"nifc_year_min/max (1984-2025) is consistent with NIFC's continuously-updated, no-fixed-edition feature layer."
nifc_wildfire_burned_km2,137,double,national-nifc-tract-table,wildfire,unambiguous,0,0.0,7812,0.0,46338.25535494326,9.769830496068316,,measurement,False,"national-strata-tract-table lives entirely under strata/ (the Bias API stratification datasets), never under reference/ (the map data actually scored). The challenge's own rule — the scored coverage-gap computation must use only the datasets provided for the challenge — means no column from this table may influence the submitted coverage-gap number, regardless of its role.",True,a substantive per-tract measurement with real variance nationally,Measurement Eligibility Bias; Source Provenance x Vulnerability; Component Dominance,wildfire-domain measurement — generic vulnerability/hazard covariate raw material,eastern-ok;maricopa-az;northern-ca;south-central-tx,,True,False,"national (85,396 tracts)",confirmed,"nifc_year_min/max (1984-2025) is consistent with NIFC's continuously-updated, no-fixed-edition feature layer."
nifc_wildfire_fires,138,int32,national-nifc-tract-table,wildfire,unambiguous,0,0.0,219,0.0,1517.0,1.228219120333505,,measurement,False,"national-strata-tract-table lives entirely under strata/ (the Bias API stratification datasets), never under reference/ (the map data actually scored). The challenge's own rule — the scored coverage-gap computation must use only the datasets provided for the challenge — means no column from this table may influence the submitted coverage-gap number, regardless of its role.",True,a substantive per-tract measurement with real variance nationally,Measurement Eligibility Bias; Source Provenance x Vulnerability; Component Dominance,wildfire-domain measurement — generic vulnerability/hazard covariate raw material,eastern-ok;maricopa-az;northern-ca;south-central-tx,,True,False,"national (85,396 tracts)",confirmed,"nifc_year_min/max (1984-2025) is consistent with NIFC's continuously-updated, no-fixed-edition feature layer."
nifc_wildfire_last_year,139,double,national-nifc-tract-table,wildfire,unambiguous,77585,0.9085320155510797,42,1984.0,2025.0,2020.507489437972,,measurement,False,"national-strata-tract-table lives entirely under strata/ (the Bias API stratification datasets), never under reference/ (the map data actually scored). The challenge's own rule — the scored coverage-gap computation must use only the datasets provided for the challenge — means no column from this table may influence the submitted coverage-gap number, regardless of its role.",True,a substantive per-tract measurement with real variance nationally,Measurement Eligibility Bias; Source Provenance x Vulnerability; Component Dominance,wildfire-domain measurement — generic vulnerability/hazard covariate raw material,eastern-ok;maricopa-az;northern-ca;south-central-tx,,True,False,"national (85,396 tracts)",confirmed,"nifc_year_min/max (1984-2025) is consistent with NIFC's continuously-updated, no-fixed-edition feature layer."
nifc_wildfire_ever,140,bool,national-nifc-tract-table,wildfire,unambiguous,0,0.0,2,,,,,derived_ever_flag,False,"national-strata-tract-table lives entirely under strata/ (the Bias API stratification datasets), never under reference/ (the map data actually scored). The challenge's own rule — the scored coverage-gap computation must use only the datasets provided for the challenge — means no column from this table may influence the submitted coverage-gap number, regardless of its role.",True,"real per-tract signal, but MUST be interpreted jointly with its own _covered flag — Step 3 Finding 2 documented that this defaults to False for uncovered tracts rather than propagating unknown-ness, which risks misreading 'no data' as 'no history' if used alone",Measurement Eligibility Bias; Component Dominance,real per-tract hazard-history signal (paired with its own _covered flag) that feeds both the measurement-eligibility question and the component-dominance vulnerability crosstab,eastern-ok;maricopa-az;northern-ca;south-central-tx,,True,False,"national (85,396 tracts)",confirmed,"nifc_year_min/max (1984-2025) is consistent with NIFC's continuously-updated, no-fixed-edition feature layer."
nifc_years_since_wildfire,141,double,national-nifc-tract-table,wildfire,unambiguous,77585,0.9085320155510797,42,0.0,41.0,4.49251056202791,,measurement,False,"national-strata-tract-table lives entirely under strata/ (the Bias API stratification datasets), never under reference/ (the map data actually scored). The challenge's own rule — the scored coverage-gap computation must use only the datasets provided for the challenge — means no column from this table may influence the submitted coverage-gap number, regardless of its role.",True,a substantive per-tract measurement with real variance nationally,Measurement Eligibility Bias; Source Provenance x Vulnerability; Component Dominance,wildfire-domain measurement — generic vulnerability/hazard covariate raw material,eastern-ok;maricopa-az;northern-ca;south-central-tx,,True,False,"national (85,396 tracts)",confirmed,"nifc_year_min/max (1984-2025) is consistent with NIFC's continuously-updated, no-fixed-edition feature layer."
nifc_prescribed_burned_pct_land,142,double,national-nifc-tract-table,wildfire,unambiguous,362,0.0042390744297156,1209,0.0,87.22777214545793,0.0346426656238425,,measurement,False,"national-strata-tract-table lives entirely under strata/ (the Bias API stratification datasets), never under reference/ (the map data actually scored). The challenge's own rule — the scored coverage-gap computation must use only the datasets provided for the challenge — means no column from this table may influence the submitted coverage-gap number, regardless of its role.",True,a substantive per-tract measurement with real variance nationally,Measurement Eligibility Bias; Source Provenance x Vulnerability; Component Dominance,wildfire-domain measurement — generic vulnerability/hazard covariate raw material,eastern-ok;maricopa-az;northern-ca;south-central-tx,,True,False,"national (85,396 tracts)",confirmed,"nifc_year_min/max (1984-2025) is consistent with NIFC's continuously-updated, no-fixed-edition feature layer."
nifc_wildfire_fires_history,143,int32,national-nifc-tract-table,wildfire,unambiguous,0,0.0,187,0.0,1461.0,0.8094290130685278,,measurement,False,"national-strata-tract-table lives entirely under strata/ (the Bias API stratification datasets), never under reference/ (the map data actually scored). The challenge's own rule — the scored coverage-gap computation must use only the datasets provided for the challenge — means no column from this table may influence the submitted coverage-gap number, regardless of its role.",True,a substantive per-tract measurement with real variance nationally,Measurement Eligibility Bias; Source Provenance x Vulnerability; Component Dominance,wildfire-domain measurement — generic vulnerability/hazard covariate raw material,eastern-ok;maricopa-az;northern-ca;south-central-tx,,True,False,"national (85,396 tracts)",confirmed,"nifc_year_min/max (1984-2025) is consistent with NIFC's continuously-updated, no-fixed-edition feature layer."
nifc_wildfire_fires_wfigs,144,int32,national-nifc-tract-table,wildfire,unambiguous,0,0.0,98,0.0,294.0,0.4187901072649773,,measurement,False,"national-strata-tract-table lives entirely under strata/ (the Bias API stratification datasets), never under reference/ (the map data actually scored). The challenge's own rule — the scored coverage-gap computation must use only the datasets provided for the challenge — means no column from this table may influence the submitted coverage-gap number, regardless of its role.",True,a substantive per-tract measurement with real variance nationally,Measurement Eligibility Bias; Source Provenance x Vulnerability; Component Dominance,wildfire-domain measurement — generic vulnerability/hazard covariate raw material,eastern-ok;maricopa-az;northern-ca;south-central-tx,,True,False,"national (85,396 tracts)",confirmed,"nifc_year_min/max (1984-2025) is consistent with NIFC's continuously-updated, no-fixed-edition feature layer."
nifc_year_min,145,int64,national-nifc-tract-table,wildfire,unambiguous,0,0.0,1,1984.0,1984.0,1984.0,,vintage_metadata,False,"national-strata-tract-table lives entirely under strata/ (the Bias API stratification datasets), never under reference/ (the map data actually scored). The challenge's own rule — the scored coverage-gap computation must use only the datasets provided for the challenge — means no column from this table may influence the submitted coverage-gap number, regardless of its role.",False,"constant across all tracts nationally (n_distinct=1) — carries no discriminative signal for any bias analysis, regardless of role",,"allowed_for_bias=False (Step 5) — not usable for any bias-discovery hypothesis, regardless of role or domain",eastern-ok;maricopa-az;northern-ca;south-central-tx,,True,False,"national (85,396 tracts)",confirmed,"nifc_year_min/max (1984-2025) is consistent with NIFC's continuously-updated, no-fixed-edition feature layer."
nifc_year_max,146,int64,national-nifc-tract-table,wildfire,unambiguous,0,0.0,1,2025.0,2025.0,2025.0,,vintage_metadata,False,"national-strata-tract-table lives entirely under strata/ (the Bias API stratification datasets), never under reference/ (the map data actually scored). The challenge's own rule — the scored coverage-gap computation must use only the datasets provided for the challenge — means no column from this table may influence the submitted coverage-gap number, regardless of its role.",False,"constant across all tracts nationally (n_distinct=1) — carries no discriminative signal for any bias analysis, regardless of role",,"allowed_for_bias=False (Step 5) — not usable for any bias-discovery hypothesis, regardless of role or domain",eastern-ok;maricopa-az;northern-ca;south-central-tx,,True,False,"national (85,396 tracts)",confirmed,"nifc_year_min/max (1984-2025) is consistent with NIFC's continuously-updated, no-fixed-edition feature layer."
fod_covered,147,bool,national-fpa-fod-tract-table,wildfire,unambiguous,0,0.0,2,,,,,coverage_flag,False,"national-strata-tract-table lives entirely under strata/ (the Bias API stratification datasets), never under reference/ (the map data actually scored). The challenge's own rule — the scored coverage-gap computation must use only the datasets provided for the challenge — means no column from this table may influence the submitted coverage-gap number, regardless of its role.",True,"central to Measurement Eligibility Bias analysis (whether a hazard/vulnerability measurement exists for a tract at all, cross-tabulated against SVI/tribal/rurality/hazard exposure)",Measurement Eligibility Bias,a <source>_covered flag — whether this strata source has data for a tract at all is exactly what Measurement Eligibility Bias asks,eastern-ok;maricopa-az;northern-ca;south-central-tx,,True,False,"national (85,396 tracts)",confirmed,fod_year_min/max (1992-2020) matches USFS FPA-FOD 6th Edition (RDS-2013-0009.6) exactly.
fod_fires,148,int32,national-fpa-fod-tract-table,wildfire,unambiguous,0,0.0,901,0.0,10331.0,26.974846597030307,,measurement,False,"national-strata-tract-table lives entirely under strata/ (the Bias API stratification datasets), never under reference/ (the map data actually scored). The challenge's own rule — the scored coverage-gap computation must use only the datasets provided for the challenge — means no column from this table may influence the submitted coverage-gap number, regardless of its role.",True,a substantive per-tract measurement with real variance nationally,Measurement Eligibility Bias; Source Provenance x Vulnerability; Component Dominance,wildfire-domain measurement — generic vulnerability/hazard covariate raw material,eastern-ok;maricopa-az;northern-ca;south-central-tx,,True,False,"national (85,396 tracts)",confirmed,fod_year_min/max (1992-2020) matches USFS FPA-FOD 6th Edition (RDS-2013-0009.6) exactly.
fod_acres_ignited,149,double,national-fpa-fod-tract-table,wildfire,unambiguous,0,0.0,19939,0.0,8862266.35,2108.382925562468,,measurement,False,"national-strata-tract-table lives entirely under strata/ (the Bias API stratification datasets), never under reference/ (the map data actually scored). The challenge's own rule — the scored coverage-gap computation must use only the datasets provided for the challenge — means no column from this table may influence the submitted coverage-gap number, regardless of its role.",True,a substantive per-tract measurement with real variance nationally,Measurement Eligibility Bias; Source Provenance x Vulnerability; Component Dominance,wildfire-domain measurement — generic vulnerability/hazard covariate raw material,eastern-ok;maricopa-az;northern-ca;south-central-tx,,True,False,"national (85,396 tracts)",confirmed,fod_year_min/max (1992-2020) matches USFS FPA-FOD 6th Edition (RDS-2013-0009.6) exactly.
fod_ignition_density,150,double,national-fpa-fod-tract-table,wildfire,unambiguous,362,0.0042390744297156,49980,0.0,12115.625584261805,54.442419531495766,,measurement,False,"national-strata-tract-table lives entirely under strata/ (the Bias API stratification datasets), never under reference/ (the map data actually scored). The challenge's own rule — the scored coverage-gap computation must use only the datasets provided for the challenge — means no column from this table may influence the submitted coverage-gap number, regardless of its role.",True,a substantive per-tract measurement with real variance nationally,Measurement Eligibility Bias; Source Provenance x Vulnerability; Component Dominance,wildfire-domain measurement — generic vulnerability/hazard covariate raw material,eastern-ok;maricopa-az;northern-ca;south-central-tx,,True,False,"national (85,396 tracts)",confirmed,fod_year_min/max (1992-2020) matches USFS FPA-FOD 6th Edition (RDS-2013-0009.6) exactly.
fod_human_fires,151,int32,national-fpa-fod-tract-table,wildfire,unambiguous,0,0.0,684,0.0,10325.0,20.877839711461892,,measurement,False,"national-strata-tract-table lives entirely under strata/ (the Bias API stratification datasets), never under reference/ (the map data actually scored). The challenge's own rule — the scored coverage-gap computation must use only the datasets provided for the challenge — means no column from this table may influence the submitted coverage-gap number, regardless of its role.",True,a substantive per-tract measurement with real variance nationally,Measurement Eligibility Bias; Source Provenance x Vulnerability; Component Dominance,wildfire-domain measurement — generic vulnerability/hazard covariate raw material,eastern-ok;maricopa-az;northern-ca;south-central-tx,,True,False,"national (85,396 tracts)",confirmed,fod_year_min/max (1992-2020) matches USFS FPA-FOD 6th Edition (RDS-2013-0009.6) exactly.
fod_natural_fires,152,int32,national-fpa-fod-tract-table,wildfire,unambiguous,0,0.0,448,0.0,5627.0,3.832954705138414,,measurement,False,"national-strata-tract-table lives entirely under strata/ (the Bias API stratification datasets), never under reference/ (the map data actually scored). The challenge's own rule — the scored coverage-gap computation must use only the datasets provided for the challenge — means no column from this table may influence the submitted coverage-gap number, regardless of its role.",True,a substantive per-tract measurement with real variance nationally,Measurement Eligibility Bias; Source Provenance x Vulnerability; Component Dominance,wildfire-domain measurement — generic vulnerability/hazard covariate raw material,eastern-ok;maricopa-az;northern-ca;south-central-tx,,True,False,"national (85,396 tracts)",confirmed,fod_year_min/max (1992-2020) matches USFS FPA-FOD 6th Edition (RDS-2013-0009.6) exactly.
fod_large_fires,153,int32,national-fpa-fod-tract-table,wildfire,unambiguous,0,0.0,102,0.0,370.0,0.3708019110965385,,measurement,False,"national-strata-tract-table lives entirely under strata/ (the Bias API stratification datasets), never under reference/ (the map data actually scored). The challenge's own rule — the scored coverage-gap computation must use only the datasets provided for the challenge — means no column from this table may influence the submitted coverage-gap number, regardless of its role.",True,a substantive per-tract measurement with real variance nationally,Measurement Eligibility Bias; Source Provenance x Vulnerability; Component Dominance,wildfire-domain measurement — generic vulnerability/hazard covariate raw material,eastern-ok;maricopa-az;northern-ca;south-central-tx,,True,False,"national (85,396 tracts)",confirmed,fod_year_min/max (1992-2020) matches USFS FPA-FOD 6th Edition (RDS-2013-0009.6) exactly.
fod_human_share,154,double,national-fpa-fod-tract-table,wildfire,unambiguous,35362,0.4140943369712867,4551,0.0,1.0,0.8194758107560891,,measurement,False,"national-strata-tract-table lives entirely under strata/ (the Bias API stratification datasets), never under reference/ (the map data actually scored). The challenge's own rule — the scored coverage-gap computation must use only the datasets provided for the challenge — means no column from this table may influence the submitted coverage-gap number, regardless of its role.",True,a substantive per-tract measurement with real variance nationally,Measurement Eligibility Bias; Source Provenance x Vulnerability; Component Dominance,wildfire-domain measurement — generic vulnerability/hazard covariate raw material,eastern-ok;maricopa-az;northern-ca;south-central-tx,,True,False,"national (85,396 tracts)",confirmed,fod_year_min/max (1992-2020) matches USFS FPA-FOD 6th Edition (RDS-2013-0009.6) exactly.
fod_human_share_classified,155,double,national-fpa-fod-tract-table,wildfire,unambiguous,37682,0.4412618858026137,3366,0.0,1.0,0.9478016334291955,,measurement,False,"national-strata-tract-table lives entirely under strata/ (the Bias API stratification datasets), never under reference/ (the map data actually scored). The challenge's own rule — the scored coverage-gap computation must use only the datasets provided for the challenge — means no column from this table may influence the submitted coverage-gap number, regardless of its role.",True,a substantive per-tract measurement with real variance nationally,Measurement Eligibility Bias; Source Provenance x Vulnerability; Component Dominance,wildfire-domain measurement — generic vulnerability/hazard covariate raw material,eastern-ok;maricopa-az;northern-ca;south-central-tx,,True,False,"national (85,396 tracts)",confirmed,fod_year_min/max (1992-2020) matches USFS FPA-FOD 6th Edition (RDS-2013-0009.6) exactly.
fod_cause_unknown_share,156,double,national-fpa-fod-tract-table,wildfire,unambiguous,35362,0.4140943369712867,3422,0.0,1.0,0.1334603193271878,,measurement,False,"national-strata-tract-table lives entirely under strata/ (the Bias API stratification datasets), never under reference/ (the map data actually scored). The challenge's own rule — the scored coverage-gap computation must use only the datasets provided for the challenge — means no column from this table may influence the submitted coverage-gap number, regardless of its role.",True,a substantive per-tract measurement with real variance nationally,Measurement Eligibility Bias; Source Provenance x Vulnerability; Component Dominance,wildfire-domain measurement — generic vulnerability/hazard covariate raw material,eastern-ok;maricopa-az;northern-ca;south-central-tx,,True,False,"national (85,396 tracts)",confirmed,fod_year_min/max (1992-2020) matches USFS FPA-FOD 6th Edition (RDS-2013-0009.6) exactly.
fod_last_fire_year,157,double,national-fpa-fod-tract-table,wildfire,unambiguous,35362,0.4140943369712867,29,1992.0,2020.0,2015.7680177479317,,measurement,False,"national-strata-tract-table lives entirely under strata/ (the Bias API stratification datasets), never under reference/ (the map data actually scored). The challenge's own rule — the scored coverage-gap computation must use only the datasets provided for the challenge — means no column from this table may influence the submitted coverage-gap number, regardless of its role.",True,a substantive per-tract measurement with real variance nationally,Measurement Eligibility Bias; Source Provenance x Vulnerability; Component Dominance,wildfire-domain measurement — generic vulnerability/hazard covariate raw material,eastern-ok;maricopa-az;northern-ca;south-central-tx,,True,False,"national (85,396 tracts)",confirmed,fod_year_min/max (1992-2020) matches USFS FPA-FOD 6th Edition (RDS-2013-0009.6) exactly.
fod_largest_fire_acres,158,double,national-fpa-fod-tract-table,wildfire,unambiguous,35362,0.4140943369712867,4926,0.0001,662700.0,1277.0562456892912,,measurement,False,"national-strata-tract-table lives entirely under strata/ (the Bias API stratification datasets), never under reference/ (the map data actually scored). The challenge's own rule — the scored coverage-gap computation must use only the datasets provided for the challenge — means no column from this table may influence the submitted coverage-gap number, regardless of its role.",True,a substantive per-tract measurement with real variance nationally,Measurement Eligibility Bias; Source Provenance x Vulnerability; Component Dominance,wildfire-domain measurement — generic vulnerability/hazard covariate raw material,eastern-ok;maricopa-az;northern-ca;south-central-tx,,True,False,"national (85,396 tracts)",confirmed,fod_year_min/max (1992-2020) matches USFS FPA-FOD 6th Edition (RDS-2013-0009.6) exactly.
fod_ever,159,bool,national-fpa-fod-tract-table,wildfire,unambiguous,0,0.0,2,,,,,derived_ever_flag,False,"national-strata-tract-table lives entirely under strata/ (the Bias API stratification datasets), never under reference/ (the map data actually scored). The challenge's own rule — the scored coverage-gap computation must use only the datasets provided for the challenge — means no column from this table may influence the submitted coverage-gap number, regardless of its role.",True,"real per-tract signal, but MUST be interpreted jointly with its own _covered flag — Step 3 Finding 2 documented that this defaults to False for uncovered tracts rather than propagating unknown-ness, which risks misreading 'no data' as 'no history' if used alone",Measurement Eligibility Bias; Component Dominance,real per-tract hazard-history signal (paired with its own _covered flag) that feeds both the measurement-eligibility question and the component-dominance vulnerability crosstab,eastern-ok;maricopa-az;northern-ca;south-central-tx,,True,False,"national (85,396 tracts)",confirmed,fod_year_min/max (1992-2020) matches USFS FPA-FOD 6th Edition (RDS-2013-0009.6) exactly.
fod_year_min,160,int64,national-fpa-fod-tract-table,wildfire,unambiguous,0,0.0,1,1992.0,1992.0,1992.0,,vintage_metadata,False,"national-strata-tract-table lives entirely under strata/ (the Bias API stratification datasets), never under reference/ (the map data actually scored). The challenge's own rule — the scored coverage-gap computation must use only the datasets provided for the challenge — means no column from this table may influence the submitted coverage-gap number, regardless of its role.",False,"constant across all tracts nationally (n_distinct=1) — carries no discriminative signal for any bias analysis, regardless of role",,"allowed_for_bias=False (Step 5) — not usable for any bias-discovery hypothesis, regardless of role or domain",eastern-ok;maricopa-az;northern-ca;south-central-tx,,True,False,"national (85,396 tracts)",confirmed,fod_year_min/max (1992-2020) matches USFS FPA-FOD 6th Edition (RDS-2013-0009.6) exactly.
fod_year_max,161,int64,national-fpa-fod-tract-table,wildfire,unambiguous,0,0.0,1,2020.0,2020.0,2020.0,,vintage_metadata,False,"national-strata-tract-table lives entirely under strata/ (the Bias API stratification datasets), never under reference/ (the map data actually scored). The challenge's own rule — the scored coverage-gap computation must use only the datasets provided for the challenge — means no column from this table may influence the submitted coverage-gap number, regardless of its role.",False,"constant across all tracts nationally (n_distinct=1) — carries no discriminative signal for any bias analysis, regardless of role",,"allowed_for_bias=False (Step 5) — not usable for any bias-discovery hypothesis, regardless of role or domain",eastern-ok;maricopa-az;northern-ca;south-central-tx,,True,False,"national (85,396 tracts)",confirmed,fod_year_min/max (1992-2020) matches USFS FPA-FOD 6th Edition (RDS-2013-0009.6) exactly.
fod_edition,162,string,national-fpa-fod-tract-table,wildfire,unambiguous,0,0.0,1,,,,,vintage_metadata,False,"national-strata-tract-table lives entirely under strata/ (the Bias API stratification datasets), never under reference/ (the map data actually scored). The challenge's own rule — the scored coverage-gap computation must use only the datasets provided for the challenge — means no column from this table may influence the submitted coverage-gap number, regardless of its role.",False,"constant across all tracts nationally (n_distinct=1) — carries no discriminative signal for any bias analysis, regardless of role",,"allowed_for_bias=False (Step 5) — not usable for any bias-discovery hypothesis, regardless of role or domain",eastern-ok;maricopa-az;northern-ca;south-central-tx,,True,False,"national (85,396 tracts)",confirmed,fod_year_min/max (1992-2020) matches USFS FPA-FOD 6th Edition (RDS-2013-0009.6) exactly.
ghcn_covered,163,bool,national-noaa-ghcn-tract-table,heat,unambiguous,0,0.0,1,,,,,coverage_flag,False,"national-strata-tract-table lives entirely under strata/ (the Bias API stratification datasets), never under reference/ (the map data actually scored). The challenge's own rule — the scored coverage-gap computation must use only the datasets provided for the challenge — means no column from this table may influence the submitted coverage-gap number, regardless of its role.",False,"constant across all tracts nationally (n_distinct=1) — carries no discriminative signal for any bias analysis, regardless of role",,"allowed_for_bias=False (Step 5) — not usable for any bias-discovery hypothesis, regardless of role or domain",eastern-ok;maricopa-az;northern-ca;south-central-tx,,True,False,"national (85,396 tracts)",unresolved,"ghcn_year_min/max (2015-2023) matches no documented NOAA-native derived product; most likely this project's own upstream window choice, not a GHCN limitation."
ghcn_stations_in_tract,164,int32,national-noaa-ghcn-tract-table,heat,unambiguous,0,0.0,32,0.0,37.0,0.5667478570424844,,measurement,False,"national-strata-tract-table lives entirely under strata/ (the Bias API stratification datasets), never under reference/ (the map data actually scored). The challenge's own rule — the scored coverage-gap computation must use only the datasets provided for the challenge — means no column from this table may influence the submitted coverage-gap number, regardless of its role.",True,a substantive per-tract measurement with real variance nationally,Measurement Eligibility Bias; Source Provenance x Vulnerability; Component Dominance,heat-domain measurement — generic vulnerability/hazard covariate raw material,eastern-ok;maricopa-az;northern-ca;south-central-tx,,True,False,"national (85,396 tracts)",unresolved,"ghcn_year_min/max (2015-2023) matches no documented NOAA-native derived product; most likely this project's own upstream window choice, not a GHCN limitation."
ghcn_temp_stations_in_tract,165,int32,national-noaa-ghcn-tract-table,heat,unambiguous,0,0.0,22,0.0,29.0,0.1054381938264087,,measurement,False,"national-strata-tract-table lives entirely under strata/ (the Bias API stratification datasets), never under reference/ (the map data actually scored). The challenge's own rule — the scored coverage-gap computation must use only the datasets provided for the challenge — means no column from this table may influence the submitted coverage-gap number, regardless of its role.",True,a substantive per-tract measurement with real variance nationally,Measurement Eligibility Bias; Source Provenance x Vulnerability; Component Dominance,heat-domain measurement — generic vulnerability/hazard covariate raw material,eastern-ok;maricopa-az;northern-ca;south-central-tx,,True,False,"national (85,396 tracts)",unresolved,"ghcn_year_min/max (2015-2023) matches no documented NOAA-native derived product; most likely this project's own upstream window choice, not a GHCN limitation."
ghcn_any_nearest_km,166,double,national-noaa-ghcn-tract-table,heat,unambiguous,0,0.0,85396,0.0109734475442256,1756.8955409339906,3.835475827407652,,measurement,False,"national-strata-tract-table lives entirely under strata/ (the Bias API stratification datasets), never under reference/ (the map data actually scored). The challenge's own rule — the scored coverage-gap computation must use only the datasets provided for the challenge — means no column from this table may influence the submitted coverage-gap number, regardless of its role.",True,a substantive per-tract measurement with real variance nationally,Measurement Eligibility Bias; Source Provenance x Vulnerability; Component Dominance,heat-domain measurement — generic vulnerability/hazard covariate raw material,eastern-ok;maricopa-az;northern-ca;south-central-tx,,True,False,"national (85,396 tracts)",unresolved,"ghcn_year_min/max (2015-2023) matches no documented NOAA-native derived product; most likely this project's own upstream window choice, not a GHCN limitation."
ghcn_temp_nearest_km,167,double,national-noaa-ghcn-tract-table,heat,unambiguous,0,0.0,85396,0.0133319193869019,1756.8955409339906,9.4084916290024,,measurement,False,"national-strata-tract-table lives entirely under strata/ (the Bias API stratification datasets), never under reference/ (the map data actually scored). The challenge's own rule — the scored coverage-gap computation must use only the datasets provided for the challenge — means no column from this table may influence the submitted coverage-gap number, regardless of its role.",True,a substantive per-tract measurement with real variance nationally,Measurement Eligibility Bias; Source Provenance x Vulnerability; Component Dominance,heat-domain measurement — generic vulnerability/hazard covariate raw material,eastern-ok;maricopa-az;northern-ca;south-central-tx,,True,False,"national (85,396 tracts)",unresolved,"ghcn_year_min/max (2015-2023) matches no documented NOAA-native derived product; most likely this project's own upstream window choice, not a GHCN limitation."
ghcn_prcp_nearest_km,168,double,national-noaa-ghcn-tract-table,heat,unambiguous,0,0.0,85396,0.0109734475442256,1756.8955409339906,3.8877767937193126,,measurement,False,"national-strata-tract-table lives entirely under strata/ (the Bias API stratification datasets), never under reference/ (the map data actually scored). The challenge's own rule — the scored coverage-gap computation must use only the datasets provided for the challenge — means no column from this table may influence the submitted coverage-gap number, regardless of its role.",True,a substantive per-tract measurement with real variance nationally,Measurement Eligibility Bias; Source Provenance x Vulnerability; Component Dominance,heat-domain measurement — generic vulnerability/hazard covariate raw material,eastern-ok;maricopa-az;northern-ca;south-central-tx,,True,False,"national (85,396 tracts)",unresolved,"ghcn_year_min/max (2015-2023) matches no documented NOAA-native derived product; most likely this project's own upstream window choice, not a GHCN limitation."
ghcn_any_within_25km,169,int32,national-noaa-ghcn-tract-table,heat,unambiguous,0,0.0,356,0.0,356.0,47.68498524521055,,measurement,False,"national-strata-tract-table lives entirely under strata/ (the Bias API stratification datasets), never under reference/ (the map data actually scored). The challenge's own rule — the scored coverage-gap computation must use only the datasets provided for the challenge — means no column from this table may influence the submitted coverage-gap number, regardless of its role.",True,a substantive per-tract measurement with real variance nationally,Measurement Eligibility Bias; Source Provenance x Vulnerability; Component Dominance,heat-domain measurement — generic vulnerability/hazard covariate raw material,eastern-ok;maricopa-az;northern-ca;south-central-tx,,True,False,"national (85,396 tracts)",unresolved,"ghcn_year_min/max (2015-2023) matches no documented NOAA-native derived product; most likely this project's own upstream window choice, not a GHCN limitation."
ghcn_temp_within_25km,170,int32,national-noaa-ghcn-tract-table,heat,unambiguous,0,0.0,23,0.0,22.0,4.385439599044452,,measurement,False,"national-strata-tract-table lives entirely under strata/ (the Bias API stratification datasets), never under reference/ (the map data actually scored). The challenge's own rule — the scored coverage-gap computation must use only the datasets provided for the challenge — means no column from this table may influence the submitted coverage-gap number, regardless of its role.",True,a substantive per-tract measurement with real variance nationally,Measurement Eligibility Bias; Source Provenance x Vulnerability; Component Dominance,heat-domain measurement — generic vulnerability/hazard covariate raw material,eastern-ok;maricopa-az;northern-ca;south-central-tx,,True,False,"national (85,396 tracts)",unresolved,"ghcn_year_min/max (2015-2023) matches no documented NOAA-native derived product; most likely this project's own upstream window choice, not a GHCN limitation."
ghcn_anchor_unreliable,171,bool,national-noaa-ghcn-tract-table,heat,unambiguous,0,0.0,2,,,,,measurement,False,"national-strata-tract-table lives entirely under strata/ (the Bias API stratification datasets), never under reference/ (the map data actually scored). The challenge's own rule — the scored coverage-gap computation must use only the datasets provided for the challenge — means no column from this table may influence the submitted coverage-gap number, regardless of its role.",True,a substantive per-tract measurement with real variance nationally,Measurement Eligibility Bias; Source Provenance x Vulnerability; Component Dominance,heat-domain measurement — generic vulnerability/hazard covariate raw material,eastern-ok;maricopa-az;northern-ca;south-central-tx,,True,False,"national (85,396 tracts)",unresolved,"ghcn_year_min/max (2015-2023) matches no documented NOAA-native derived product; most likely this project's own upstream window choice, not a GHCN limitation."
ghcn_year_min,172,int64,national-noaa-ghcn-tract-table,heat,unambiguous,0,0.0,1,2015.0,2015.0,2015.0,,vintage_metadata,False,"national-strata-tract-table lives entirely under strata/ (the Bias API stratification datasets), never under reference/ (the map data actually scored). The challenge's own rule — the scored coverage-gap computation must use only the datasets provided for the challenge — means no column from this table may influence the submitted coverage-gap number, regardless of its role.",False,"constant across all tracts nationally (n_distinct=1) — carries no discriminative signal for any bias analysis, regardless of role",,"allowed_for_bias=False (Step 5) — not usable for any bias-discovery hypothesis, regardless of role or domain",eastern-ok;maricopa-az;northern-ca;south-central-tx,,True,False,"national (85,396 tracts)",unresolved,"ghcn_year_min/max (2015-2023) matches no documented NOAA-native derived product; most likely this project's own upstream window choice, not a GHCN limitation."
ghcn_year_max,173,int64,national-noaa-ghcn-tract-table,heat,unambiguous,0,0.0,1,2023.0,2023.0,2023.0,,vintage_metadata,False,"national-strata-tract-table lives entirely under strata/ (the Bias API stratification datasets), never under reference/ (the map data actually scored). The challenge's own rule — the scored coverage-gap computation must use only the datasets provided for the challenge — means no column from this table may influence the submitted coverage-gap number, regardless of its role.",False,"constant across all tracts nationally (n_distinct=1) — carries no discriminative signal for any bias analysis, regardless of role",,"allowed_for_bias=False (Step 5) — not usable for any bias-discovery hypothesis, regardless of role or domain",eastern-ok;maricopa-az;northern-ca;south-central-tx,,True,False,"national (85,396 tracts)",unresolved,"ghcn_year_min/max (2015-2023) matches no documented NOAA-native derived product; most likely this project's own upstream window choice, not a GHCN limitation."
cdcw_covered,174,bool,national-cdc-wonder-tract-table,heat,unambiguous,0,0.0,2,,,,,coverage_flag,False,"national-strata-tract-table lives entirely under strata/ (the Bias API stratification datasets), never under reference/ (the map data actually scored). The challenge's own rule — the scored coverage-gap computation must use only the datasets provided for the challenge — means no column from this table may influence the submitted coverage-gap number, regardless of its role.",True,"central to Measurement Eligibility Bias analysis (whether a hazard/vulnerability measurement exists for a tract at all, cross-tabulated against SVI/tribal/rurality/hazard exposure)",Measurement Eligibility Bias,a <source>_covered flag — whether this strata source has data for a tract at all is exactly what Measurement Eligibility Bias asks,eastern-ok;maricopa-az;northern-ca;south-central-tx,,True,False,"national (85,396 tracts)",confirmed_with_clarification,"The 1981-2010 window traces to a NOAA NCEI Normals baseline, not a CDC-native vintage; the live cdcw_grain='county' value also revealed this table is county-level, not tract-level, disaggregated down to every tract sharing one county-wide figure."
cdcw_grain,175,string,national-cdc-wonder-tract-table,heat,unambiguous,0,0.0,1,,,,,vintage_metadata,False,"national-strata-tract-table lives entirely under strata/ (the Bias API stratification datasets), never under reference/ (the map data actually scored). The challenge's own rule — the scored coverage-gap computation must use only the datasets provided for the challenge — means no column from this table may influence the submitted coverage-gap number, regardless of its role.",False,"constant across all tracts nationally (n_distinct=1) — carries no discriminative signal for any bias analysis, regardless of role",,"allowed_for_bias=False (Step 5) — not usable for any bias-discovery hypothesis, regardless of role or domain",eastern-ok;maricopa-az;northern-ca;south-central-tx,,True,False,"national (85,396 tracts)",confirmed_with_clarification,"The 1981-2010 window traces to a NOAA NCEI Normals baseline, not a CDC-native vintage; the live cdcw_grain='county' value also revealed this table is county-level, not tract-level, disaggregated down to every tract sharing one county-wide figure."
hwd_maxtemp_mean,176,double,national-cdc-wonder-tract-table,heat,unambiguous,1619,0.0189587334301372,98,4.2,7.5,6.073012927586242,,measurement,False,"national-strata-tract-table lives entirely under strata/ (the Bias API stratification datasets), never under reference/ (the map data actually scored). The challenge's own rule — the scored coverage-gap computation must use only the datasets provided for the challenge — means no column from this table may influence the submitted coverage-gap number, regardless of its role.",True,a substantive per-tract measurement with real variance nationally,Measurement Eligibility Bias; Source Provenance x Vulnerability; Component Dominance,heat-domain measurement — generic vulnerability/hazard covariate raw material,eastern-ok;maricopa-az;northern-ca;south-central-tx,,True,False,"national (85,396 tracts)",confirmed_with_clarification,"The 1981-2010 window traces to a NOAA NCEI Normals baseline, not a CDC-native vintage; the live cdcw_grain='county' value also revealed this table is county-level, not tract-level, disaggregated down to every tract sharing one county-wide figure."
hwd_maxtemp_change,177,double,national-cdc-wonder-tract-table,heat,unambiguous,1619,0.0189587334301372,526,-3.866666666666667,13.4,3.674160741012664,,measurement,False,"national-strata-tract-table lives entirely under strata/ (the Bias API stratification datasets), never under reference/ (the map data actually scored). The challenge's own rule — the scored coverage-gap computation must use only the datasets provided for the challenge — means no column from this table may influence the submitted coverage-gap number, regardless of its role.",True,a substantive per-tract measurement with real variance nationally,Measurement Eligibility Bias; Source Provenance x Vulnerability; Component Dominance,heat-domain measurement — generic vulnerability/hazard covariate raw material,eastern-ok;maricopa-az;northern-ca;south-central-tx,,True,False,"national (85,396 tracts)",confirmed_with_clarification,"The 1981-2010 window traces to a NOAA NCEI Normals baseline, not a CDC-native vintage; the live cdcw_grain='county' value also revealed this table is county-level, not tract-level, disaggregated down to every tract sharing one county-wide figure."
hwd_maxtemp_trend_days_per_decade,178,double,national-cdc-wonder-tract-table,heat,unambiguous,1619,0.0189587334301372,2243,-1.9666295884315903,10.064516129032256,2.669769013221561,,measurement,False,"national-strata-tract-table lives entirely under strata/ (the Bias API stratification datasets), never under reference/ (the map data actually scored). The challenge's own rule — the scored coverage-gap computation must use only the datasets provided for the challenge — means no column from this table may influence the submitted coverage-gap number, regardless of its role.",True,a substantive per-tract measurement with real variance nationally,Measurement Eligibility Bias; Source Provenance x Vulnerability; Component Dominance,heat-domain measurement — generic vulnerability/hazard covariate raw material,eastern-ok;maricopa-az;northern-ca;south-central-tx,,True,False,"national (85,396 tracts)",confirmed_with_clarification,"The 1981-2010 window traces to a NOAA NCEI Normals baseline, not a CDC-native vintage; the live cdcw_grain='county' value also revealed this table is county-level, not tract-level, disaggregated down to every tract sharing one county-wide figure."
hwd_maxtemp_trend_p,179,double,national-cdc-wonder-tract-table,heat,unambiguous,1619,0.0189587334301372,3122,0.0001426082163937,1.0,0.2059022840255486,,measurement,False,"national-strata-tract-table lives entirely under strata/ (the Bias API stratification datasets), never under reference/ (the map data actually scored). The challenge's own rule — the scored coverage-gap computation must use only the datasets provided for the challenge — means no column from this table may influence the submitted coverage-gap number, regardless of its role.",True,a substantive per-tract measurement with real variance nationally,Measurement Eligibility Bias; Source Provenance x Vulnerability; Component Dominance,heat-domain measurement — generic vulnerability/hazard covariate raw material,eastern-ok;maricopa-az;northern-ca;south-central-tx,,True,False,"national (85,396 tracts)",confirmed_with_clarification,"The 1981-2010 window traces to a NOAA NCEI Normals baseline, not a CDC-native vintage; the live cdcw_grain='county' value also revealed this table is county-level, not tract-level, disaggregated down to every tract sharing one county-wide figure."
hwd_maxtemp_never_defined,180,bool,national-cdc-wonder-tract-table,heat,unambiguous,0,0.0,1,,,,,measurement,False,"national-strata-tract-table lives entirely under strata/ (the Bias API stratification datasets), never under reference/ (the map data actually scored). The challenge's own rule — the scored coverage-gap computation must use only the datasets provided for the challenge — means no column from this table may influence the submitted coverage-gap number, regardless of its role.",False,"constant across all tracts nationally (n_distinct=1) — carries no discriminative signal for any bias analysis, regardless of role",,"allowed_for_bias=False (Step 5) — not usable for any bias-discovery hypothesis, regardless of role or domain",eastern-ok;maricopa-az;northern-ca;south-central-tx,,True,False,"national (85,396 tracts)",confirmed_with_clarification,"The 1981-2010 window traces to a NOAA NCEI Normals baseline, not a CDC-native vintage; the live cdcw_grain='county' value also revealed this table is county-level, not tract-level, disaggregated down to every tract sharing one county-wide figure."
hwd_heatindex_mean,181,double,national-cdc-wonder-tract-table,heat,unambiguous,1619,0.0189587334301372,112,0.0,8.466666666666667,5.6179201249261945,,measurement,False,"national-strata-tract-table lives entirely under strata/ (the Bias API stratification datasets), never under reference/ (the map data actually scored). The challenge's own rule — the scored coverage-gap computation must use only the datasets provided for the challenge — means no column from this table may influence the submitted coverage-gap number, regardless of its role.",True,a substantive per-tract measurement with real variance nationally,Measurement Eligibility Bias; Source Provenance x Vulnerability; Component Dominance,heat-domain measurement — generic vulnerability/hazard covariate raw material,eastern-ok;maricopa-az;northern-ca;south-central-tx,,True,False,"national (85,396 tracts)",confirmed_with_clarification,"The 1981-2010 window traces to a NOAA NCEI Normals baseline, not a CDC-native vintage; the live cdcw_grain='county' value also revealed this table is county-level, not tract-level, disaggregated down to every tract sharing one county-wide figure."
hwd_heatindex_change,182,double,national-cdc-wonder-tract-table,heat,unambiguous,1619,0.0189587334301372,378,-3.333333333333333,9.466666666666669,2.885601438734907,,measurement,False,"national-strata-tract-table lives entirely under strata/ (the Bias API stratification datasets), never under reference/ (the map data actually scored). The challenge's own rule — the scored coverage-gap computation must use only the datasets provided for the challenge — means no column from this table may influence the submitted coverage-gap number, regardless of its role.",True,a substantive per-tract measurement with real variance nationally,Measurement Eligibility Bias; Source Provenance x Vulnerability; Component Dominance,heat-domain measurement — generic vulnerability/hazard covariate raw material,eastern-ok;maricopa-az;northern-ca;south-central-tx,,True,False,"national (85,396 tracts)",confirmed_with_clarification,"The 1981-2010 window traces to a NOAA NCEI Normals baseline, not a CDC-native vintage; the live cdcw_grain='county' value also revealed this table is county-level, not tract-level, disaggregated down to every tract sharing one county-wide figure."
hwd_heatindex_trend_days_per_decade,183,double,national-cdc-wonder-tract-table,heat,unambiguous,1619,0.0189587334301372,2058,-1.6484983314794213,6.625139043381535,2.1535326087378674,,measurement,False,"national-strata-tract-table lives entirely under strata/ (the Bias API stratification datasets), never under reference/ (the map data actually scored). The challenge's own rule — the scored coverage-gap computation must use only the datasets provided for the challenge — means no column from this table may influence the submitted coverage-gap number, regardless of its role.",True,a substantive per-tract measurement with real variance nationally,Measurement Eligibility Bias; Source Provenance x Vulnerability; Component Dominance,heat-domain measurement — generic vulnerability/hazard covariate raw material,eastern-ok;maricopa-az;northern-ca;south-central-tx,,True,False,"national (85,396 tracts)",confirmed_with_clarification,"The 1981-2010 window traces to a NOAA NCEI Normals baseline, not a CDC-native vintage; the live cdcw_grain='county' value also revealed this table is county-level, not tract-level, disaggregated down to every tract sharing one county-wide figure."
hwd_heatindex_trend_p,184,double,national-cdc-wonder-tract-table,heat,unambiguous,1900,0.0222492856808281,3112,7.924581813079093e-07,0.9983980432082252,0.1829524551492678,,measurement,False,"national-strata-tract-table lives entirely under strata/ (the Bias API stratification datasets), never under reference/ (the map data actually scored). The challenge's own rule — the scored coverage-gap computation must use only the datasets provided for the challenge — means no column from this table may influence the submitted coverage-gap number, regardless of its role.",True,a substantive per-tract measurement with real variance nationally,Measurement Eligibility Bias; Source Provenance x Vulnerability; Component Dominance,heat-domain measurement — generic vulnerability/hazard covariate raw material,eastern-ok;maricopa-az;northern-ca;south-central-tx,,True,False,"national (85,396 tracts)",confirmed_with_clarification,"The 1981-2010 window traces to a NOAA NCEI Normals baseline, not a CDC-native vintage; the live cdcw_grain='county' value also revealed this table is county-level, not tract-level, disaggregated down to every tract sharing one county-wide figure."
hwd_heatindex_never_defined,185,bool,national-cdc-wonder-tract-table,heat,unambiguous,0,0.0,2,,,,,measurement,False,"national-strata-tract-table lives entirely under strata/ (the Bias API stratification datasets), never under reference/ (the map data actually scored). The challenge's own rule — the scored coverage-gap computation must use only the datasets provided for the challenge — means no column from this table may influence the submitted coverage-gap number, regardless of its role.",True,a substantive per-tract measurement with real variance nationally,Measurement Eligibility Bias; Source Provenance x Vulnerability; Component Dominance,heat-domain measurement — generic vulnerability/hazard covariate raw material,eastern-ok;maricopa-az;northern-ca;south-central-tx,,True,False,"national (85,396 tracts)",confirmed_with_clarification,"The 1981-2010 window traces to a NOAA NCEI Normals baseline, not a CDC-native vintage; the live cdcw_grain='county' value also revealed this table is county-level, not tract-level, disaggregated down to every tract sharing one county-wide figure."
hwd_heatstress_mean,186,double,national-cdc-wonder-tract-table,heat,unambiguous,1619,0.0189587334301372,224,0.0,7.1,5.3594223668006205,,measurement,False,"national-strata-tract-table lives entirely under strata/ (the Bias API stratification datasets), never under reference/ (the map data actually scored). The challenge's own rule — the scored coverage-gap computation must use only the datasets provided for the challenge — means no column from this table may influence the submitted coverage-gap number, regardless of its role.",True,a substantive per-tract measurement with real variance nationally,Measurement Eligibility Bias; Source Provenance x Vulnerability; Component Dominance,heat-domain measurement — generic vulnerability/hazard covariate raw material,eastern-ok;maricopa-az;northern-ca;south-central-tx,,True,False,"national (85,396 tracts)",confirmed_with_clarification,"The 1981-2010 window traces to a NOAA NCEI Normals baseline, not a CDC-native vintage; the live cdcw_grain='county' value also revealed this table is county-level, not tract-level, disaggregated down to every tract sharing one county-wide figure."
hwd_heatstress_change,187,double,national-cdc-wonder-tract-table,heat,unambiguous,1619,0.0189587334301372,476,-2.0666666666666664,8.933333333333334,2.1784795267605754,,measurement,False,"national-strata-tract-table lives entirely under strata/ (the Bias API stratification datasets), never under reference/ (the map data actually scored). The challenge's own rule — the scored coverage-gap computation must use only the datasets provided for the challenge — means no column from this table may influence the submitted coverage-gap number, regardless of its role.",True,a substantive per-tract measurement with real variance nationally,Measurement Eligibility Bias; Source Provenance x Vulnerability; Component Dominance,heat-domain measurement — generic vulnerability/hazard covariate raw material,eastern-ok;maricopa-az;northern-ca;south-central-tx,,True,False,"national (85,396 tracts)",confirmed_with_clarification,"The 1981-2010 window traces to a NOAA NCEI Normals baseline, not a CDC-native vintage; the live cdcw_grain='county' value also revealed this table is county-level, not tract-level, disaggregated down to every tract sharing one county-wide figure."
hwd_heatstress_trend_days_per_decade,188,double,national-cdc-wonder-tract-table,heat,unambiguous,1619,0.0189587334301372,2243,-1.268075639599555,6.269187986651835,1.6591050361852848,,measurement,False,"national-strata-tract-table lives entirely under strata/ (the Bias API stratification datasets), never under reference/ (the map data actually scored). The challenge's own rule — the scored coverage-gap computation must use only the datasets provided for the challenge — means no column from this table may influence the submitted coverage-gap number, regardless of its role.",True,a substantive per-tract measurement with real variance nationally,Measurement Eligibility Bias; Source Provenance x Vulnerability; Component Dominance,heat-domain measurement — generic vulnerability/hazard covariate raw material,eastern-ok;maricopa-az;northern-ca;south-central-tx,,True,False,"national (85,396 tracts)",confirmed_with_clarification,"The 1981-2010 window traces to a NOAA NCEI Normals baseline, not a CDC-native vintage; the live cdcw_grain='county' value also revealed this table is county-level, not tract-level, disaggregated down to every tract sharing one county-wide figure."
hwd_heatstress_trend_p,189,double,national-cdc-wonder-tract-table,heat,unambiguous,2455,0.0287484191297016,3011,0.0001120211677389,1.0,0.290385009858465,,measurement,False,"national-strata-tract-table lives entirely under strata/ (the Bias API stratification datasets), never under reference/ (the map data actually scored). The challenge's own rule — the scored coverage-gap computation must use only the datasets provided for the challenge — means no column from this table may influence the submitted coverage-gap number, regardless of its role.",True,a substantive per-tract measurement with real variance nationally,Measurement Eligibility Bias; Source Provenance x Vulnerability; Component Dominance,heat-domain measurement — generic vulnerability/hazard covariate raw material,eastern-ok;maricopa-az;northern-ca;south-central-tx,,True,False,"national (85,396 tracts)",confirmed_with_clarification,"The 1981-2010 window traces to a NOAA NCEI Normals baseline, not a CDC-native vintage; the live cdcw_grain='county' value also revealed this table is county-level, not tract-level, disaggregated down to every tract sharing one county-wide figure."
hwd_heatstress_never_defined,190,bool,national-cdc-wonder-tract-table,heat,unambiguous,0,0.0,2,,,,,measurement,False,"national-strata-tract-table lives entirely under strata/ (the Bias API stratification datasets), never under reference/ (the map data actually scored). The challenge's own rule — the scored coverage-gap computation must use only the datasets provided for the challenge — means no column from this table may influence the submitted coverage-gap number, regardless of its role.",True,a substantive per-tract measurement with real variance nationally,Measurement Eligibility Bias; Source Provenance x Vulnerability; Component Dominance,heat-domain measurement — generic vulnerability/hazard covariate raw material,eastern-ok;maricopa-az;northern-ca;south-central-tx,,True,False,"national (85,396 tracts)",confirmed_with_clarification,"The 1981-2010 window traces to a NOAA NCEI Normals baseline, not a CDC-native vintage; the live cdcw_grain='county' value also revealed this table is county-level, not tract-level, disaggregated down to every tract sharing one county-wide figure."
cdcw_window_start,191,int64,national-cdc-wonder-tract-table,heat,unambiguous,0,0.0,1,1981.0,1981.0,1981.0,,vintage_metadata,False,"national-strata-tract-table lives entirely under strata/ (the Bias API stratification datasets), never under reference/ (the map data actually scored). The challenge's own rule — the scored coverage-gap computation must use only the datasets provided for the challenge — means no column from this table may influence the submitted coverage-gap number, regardless of its role.",False,"constant across all tracts nationally (n_distinct=1) — carries no discriminative signal for any bias analysis, regardless of role",,"allowed_for_bias=False (Step 5) — not usable for any bias-discovery hypothesis, regardless of role or domain",eastern-ok;maricopa-az;northern-ca;south-central-tx,,True,False,"national (85,396 tracts)",confirmed_with_clarification,"The 1981-2010 window traces to a NOAA NCEI Normals baseline, not a CDC-native vintage; the live cdcw_grain='county' value also revealed this table is county-level, not tract-level, disaggregated down to every tract sharing one county-wide figure."
cdcw_window_end,192,int64,national-cdc-wonder-tract-table,heat,unambiguous,0,0.0,1,2010.0,2010.0,2010.0,,vintage_metadata,False,"national-strata-tract-table lives entirely under strata/ (the Bias API stratification datasets), never under reference/ (the map data actually scored). The challenge's own rule — the scored coverage-gap computation must use only the datasets provided for the challenge — means no column from this table may influence the submitted coverage-gap number, regardless of its role.",False,"constant across all tracts nationally (n_distinct=1) — carries no discriminative signal for any bias analysis, regardless of role",,"allowed_for_bias=False (Step 5) — not usable for any bias-discovery hypothesis, regardless of role or domain",eastern-ok;maricopa-az;northern-ca;south-central-tx,,True,False,"national (85,396 tracts)",confirmed_with_clarification,"The 1981-2010 window traces to a NOAA NCEI Normals baseline, not a CDC-native vintage; the live cdcw_grain='county' value also revealed this table is county-level, not tract-level, disaggregated down to every tract sharing one county-wide figure."
gehe_covered,193,bool,national-nasa-heat-tract-table,heat,unambiguous,0,0.0,2,,,,,coverage_flag,False,"national-strata-tract-table lives entirely under strata/ (the Bias API stratification datasets), never under reference/ (the map data actually scored). The challenge's own rule — the scored coverage-gap computation must use only the datasets provided for the challenge — means no column from this table may influence the submitted coverage-gap number, regardless of its role.",True,"central to Measurement Eligibility Bias analysis (whether a hazard/vulnerability measurement exists for a tract at all, cross-tabulated against SVI/tribal/rurality/hazard exposure)",Measurement Eligibility Bias,a <source>_covered flag — whether this strata source has data for a tract at all is exactly what Measurement Eligibility Bias asks,eastern-ok;maricopa-az;northern-ca;south-central-tx,,True,False,"national (85,396 tracts)",confirmed_with_clarification,gehe_* (1983-2016) is an exact title/date match to NASA SEDAC's GEHE product; uhe_* is strengthened toward SEDAC's UHE-Daily product (Mexico/Canada cities present in the live data) but not fully proven.
gehe_coverage_frac,194,double,national-nasa-heat-tract-table,heat,unambiguous,0,0.0,43298,0.0,1.0,0.9959494939067676,,measurement,False,"national-strata-tract-table lives entirely under strata/ (the Bias API stratification datasets), never under reference/ (the map data actually scored). The challenge's own rule — the scored coverage-gap computation must use only the datasets provided for the challenge — means no column from this table may influence the submitted coverage-gap number, regardless of its role.",True,a substantive per-tract measurement with real variance nationally,Measurement Eligibility Bias; Source Provenance x Vulnerability; Component Dominance,heat-domain measurement — generic vulnerability/hazard covariate raw material,eastern-ok;maricopa-az;northern-ca;south-central-tx,,True,False,"national (85,396 tracts)",confirmed_with_clarification,gehe_* (1983-2016) is an exact title/date match to NASA SEDAC's GEHE product; uhe_* is strengthened toward SEDAC's UHE-Daily product (Mexico/Canada cities present in the live data) but not fully proven.
gehe_wbgt28_days_mean,195,double,national-nasa-heat-tract-table,heat,unambiguous,14,0.0001639421050166,62562,0.0,135.5460753952276,17.19743620635693,,measurement,False,"national-strata-tract-table lives entirely under strata/ (the Bias API stratification datasets), never under reference/ (the map data actually scored). The challenge's own rule — the scored coverage-gap computation must use only the datasets provided for the challenge — means no column from this table may influence the submitted coverage-gap number, regardless of its role.",True,a substantive per-tract measurement with real variance nationally,Measurement Eligibility Bias; Source Provenance x Vulnerability; Component Dominance,heat-domain measurement — generic vulnerability/hazard covariate raw material,eastern-ok;maricopa-az;northern-ca;south-central-tx,,True,False,"national (85,396 tracts)",confirmed_with_clarification,gehe_* (1983-2016) is an exact title/date match to NASA SEDAC's GEHE product; uhe_* is strengthened toward SEDAC's UHE-Daily product (Mexico/Canada cities present in the live data) but not fully proven.
gehe_wbgt28_days_change,196,double,national-nasa-heat-tract-table,heat,unambiguous,14,0.0001639421050166,58034,-7.299999999999999,62.24425869341391,2.6266644558362087,,measurement,False,"national-strata-tract-table lives entirely under strata/ (the Bias API stratification datasets), never under reference/ (the map data actually scored). The challenge's own rule — the scored coverage-gap computation must use only the datasets provided for the challenge — means no column from this table may influence the submitted coverage-gap number, regardless of its role.",True,a substantive per-tract measurement with real variance nationally,Measurement Eligibility Bias; Source Provenance x Vulnerability; Component Dominance,heat-domain measurement — generic vulnerability/hazard covariate raw material,eastern-ok;maricopa-az;northern-ca;south-central-tx,,True,False,"national (85,396 tracts)",confirmed_with_clarification,gehe_* (1983-2016) is an exact title/date match to NASA SEDAC's GEHE product; uhe_* is strengthened toward SEDAC's UHE-Daily product (Mexico/Canada cities present in the live data) but not fully proven.
gehe_wbgt28_trend_days_per_yr,197,double,national-nasa-heat-tract-table,heat,unambiguous,14,0.0001639421050166,5991,-0.1026737987995147,2.5314420997804583,0.0572537197500134,,measurement,False,"national-strata-tract-table lives entirely under strata/ (the Bias API stratification datasets), never under reference/ (the map data actually scored). The challenge's own rule — the scored coverage-gap computation must use only the datasets provided for the challenge — means no column from this table may influence the submitted coverage-gap number, regardless of its role.",True,a substantive per-tract measurement with real variance nationally,Measurement Eligibility Bias; Source Provenance x Vulnerability; Component Dominance,heat-domain measurement — generic vulnerability/hazard covariate raw material,eastern-ok;maricopa-az;northern-ca;south-central-tx,,True,False,"national (85,396 tracts)",confirmed_with_clarification,gehe_* (1983-2016) is an exact title/date match to NASA SEDAC's GEHE product; uhe_* is strengthened toward SEDAC's UHE-Daily product (Mexico/Canada cities present in the live data) but not fully proven.
gehe_wbgt30_days_mean,198,double,national-nasa-heat-tract-table,heat,unambiguous,14,0.0001639421050166,44793,0.0,72.53798762087648,2.1828467287165614,,measurement,False,"national-strata-tract-table lives entirely under strata/ (the Bias API stratification datasets), never under reference/ (the map data actually scored). The challenge's own rule — the scored coverage-gap computation must use only the datasets provided for the challenge — means no column from this table may influence the submitted coverage-gap number, regardless of its role.",True,a substantive per-tract measurement with real variance nationally,Measurement Eligibility Bias; Source Provenance x Vulnerability; Component Dominance,heat-domain measurement — generic vulnerability/hazard covariate raw material,eastern-ok;maricopa-az;northern-ca;south-central-tx,,True,False,"national (85,396 tracts)",confirmed_with_clarification,gehe_* (1983-2016) is an exact title/date match to NASA SEDAC's GEHE product; uhe_* is strengthened toward SEDAC's UHE-Daily product (Mexico/Canada cities present in the live data) but not fully proven.
gehe_wbgt30_days_change,199,double,national-nasa-heat-tract-table,heat,unambiguous,14,0.0001639421050166,39603,-3.4198775977755176,26.99719833517731,1.0387295040761677,,measurement,False,"national-strata-tract-table lives entirely under strata/ (the Bias API stratification datasets), never under reference/ (the map data actually scored). The challenge's own rule — the scored coverage-gap computation must use only the datasets provided for the challenge — means no column from this table may influence the submitted coverage-gap number, regardless of its role.",True,a substantive per-tract measurement with real variance nationally,Measurement Eligibility Bias; Source Provenance x Vulnerability; Component Dominance,heat-domain measurement — generic vulnerability/hazard covariate raw material,eastern-ok;maricopa-az;northern-ca;south-central-tx,,True,False,"national (85,396 tracts)",confirmed_with_clarification,gehe_* (1983-2016) is an exact title/date match to NASA SEDAC's GEHE product; uhe_* is strengthened toward SEDAC's UHE-Daily product (Mexico/Canada cities present in the live data) but not fully proven.
gehe_wbgt30_trend_days_per_yr,200,double,national-nasa-heat-tract-table,heat,unambiguous,14,0.0001639421050166,6047,-0.0869752016346859,1.0655252009589575,0.0217823324024643,,measurement,False,"national-strata-tract-table lives entirely under strata/ (the Bias API stratification datasets), never under reference/ (the map data actually scored). The challenge's own rule — the scored coverage-gap computation must use only the datasets provided for the challenge — means no column from this table may influence the submitted coverage-gap number, regardless of its role.",True,a substantive per-tract measurement with real variance nationally,Measurement Eligibility Bias; Source Provenance x Vulnerability; Component Dominance,heat-domain measurement — generic vulnerability/hazard covariate raw material,eastern-ok;maricopa-az;northern-ca;south-central-tx,,True,False,"national (85,396 tracts)",confirmed_with_clarification,gehe_* (1983-2016) is an exact title/date match to NASA SEDAC's GEHE product; uhe_* is strengthened toward SEDAC's UHE-Daily product (Mexico/Canada cities present in the live data) but not fully proven.
gehe_wbgt32_days_mean,201,double,national-nasa-heat-tract-table,heat,unambiguous,14,0.0001639421050166,5818,0.0,11.61524284732424,0.0144322459708394,,measurement,False,"national-strata-tract-table lives entirely under strata/ (the Bias API stratification datasets), never under reference/ (the map data actually scored). The challenge's own rule — the scored coverage-gap computation must use only the datasets provided for the challenge — means no column from this table may influence the submitted coverage-gap number, regardless of its role.",True,a substantive per-tract measurement with real variance nationally,Measurement Eligibility Bias; Source Provenance x Vulnerability; Component Dominance,heat-domain measurement — generic vulnerability/hazard covariate raw material,eastern-ok;maricopa-az;northern-ca;south-central-tx,,True,False,"national (85,396 tracts)",confirmed_with_clarification,gehe_* (1983-2016) is an exact title/date match to NASA SEDAC's GEHE product; uhe_* is strengthened toward SEDAC's UHE-Daily product (Mexico/Canada cities present in the live data) but not fully proven.
gehe_wbgt32_days_change,202,double,national-nasa-heat-tract-table,heat,unambiguous,14,0.0001639421050166,3695,-3.746574405648344,1.7694618049630175,0.0008905181647763,,measurement,False,"national-strata-tract-table lives entirely under strata/ (the Bias API stratification datasets), never under reference/ (the map data actually scored). The challenge's own rule — the scored coverage-gap computation must use only the datasets provided for the challenge — means no column from this table may influence the submitted coverage-gap number, regardless of its role.",True,a substantive per-tract measurement with real variance nationally,Measurement Eligibility Bias; Source Provenance x Vulnerability; Component Dominance,heat-domain measurement — generic vulnerability/hazard covariate raw material,eastern-ok;maricopa-az;northern-ca;south-central-tx,,True,False,"national (85,396 tracts)",confirmed_with_clarification,gehe_* (1983-2016) is an exact title/date match to NASA SEDAC's GEHE product; uhe_* is strengthened toward SEDAC's UHE-Daily product (Mexico/Canada cities present in the live data) but not fully proven.
gehe_wbgt32_trend_days_per_yr,203,double,national-nasa-heat-tract-table,heat,unambiguous,14,0.0001639421050166,223,-0.1567049748781478,0.0606823443247364,-4.966114304626731e-05,,measurement,False,"national-strata-tract-table lives entirely under strata/ (the Bias API stratification datasets), never under reference/ (the map data actually scored). The challenge's own rule — the scored coverage-gap computation must use only the datasets provided for the challenge — means no column from this table may influence the submitted coverage-gap number, regardless of its role.",True,a substantive per-tract measurement with real variance nationally,Measurement Eligibility Bias; Source Provenance x Vulnerability; Component Dominance,heat-domain measurement — generic vulnerability/hazard covariate raw material,eastern-ok;maricopa-az;northern-ca;south-central-tx,,True,False,"national (85,396 tracts)",confirmed_with_clarification,gehe_* (1983-2016) is an exact title/date match to NASA SEDAC's GEHE product; uhe_* is strengthened toward SEDAC's UHE-Daily product (Mexico/Canada cities present in the live data) but not fully proven.
gehe_record_start,204,int64,national-nasa-heat-tract-table,heat,unambiguous,0,0.0,1,1983.0,1983.0,1983.0,,vintage_metadata,False,"national-strata-tract-table lives entirely under strata/ (the Bias API stratification datasets), never under reference/ (the map data actually scored). The challenge's own rule — the scored coverage-gap computation must use only the datasets provided for the challenge — means no column from this table may influence the submitted coverage-gap number, regardless of its role.",False,"constant across all tracts nationally (n_distinct=1) — carries no discriminative signal for any bias analysis, regardless of role",,"allowed_for_bias=False (Step 5) — not usable for any bias-discovery hypothesis, regardless of role or domain",eastern-ok;maricopa-az;northern-ca;south-central-tx,,True,False,"national (85,396 tracts)",confirmed_with_clarification,gehe_* (1983-2016) is an exact title/date match to NASA SEDAC's GEHE product; uhe_* is strengthened toward SEDAC's UHE-Daily product (Mexico/Canada cities present in the live data) but not fully proven.
gehe_record_end,205,int64,national-nasa-heat-tract-table,heat,unambiguous,0,0.0,1,2016.0,2016.0,2016.0,,vintage_metadata,False,"national-strata-tract-table lives entirely under strata/ (the Bias API stratification datasets), never under reference/ (the map data actually scored). The challenge's own rule — the scored coverage-gap computation must use only the datasets provided for the challenge — means no column from this table may influence the submitted coverage-gap number, regardless of its role.",False,"constant across all tracts nationally (n_distinct=1) — carries no discriminative signal for any bias analysis, regardless of role",,"allowed_for_bias=False (Step 5) — not usable for any bias-discovery hypothesis, regardless of role or domain",eastern-ok;maricopa-az;northern-ca;south-central-tx,,True,False,"national (85,396 tracts)",confirmed_with_clarification,gehe_* (1983-2016) is an exact title/date match to NASA SEDAC's GEHE product; uhe_* is strengthened toward SEDAC's UHE-Daily product (Mexico/Canada cities present in the live data) but not fully proven.
uhe_covered,206,bool,national-nasa-heat-tract-table,heat,unambiguous,0,0.0,2,,,,,coverage_flag,False,"national-strata-tract-table lives entirely under strata/ (the Bias API stratification datasets), never under reference/ (the map data actually scored). The challenge's own rule — the scored coverage-gap computation must use only the datasets provided for the challenge — means no column from this table may influence the submitted coverage-gap number, regardless of its role.",True,"central to Measurement Eligibility Bias analysis (whether a hazard/vulnerability measurement exists for a tract at all, cross-tabulated against SVI/tribal/rurality/hazard exposure)",Measurement Eligibility Bias,a <source>_covered flag — whether this strata source has data for a tract at all is exactly what Measurement Eligibility Bias asks,eastern-ok;maricopa-az;northern-ca;south-central-tx,,True,False,"national (85,396 tracts)",confirmed_with_clarification,gehe_* (1983-2016) is an exact title/date match to NASA SEDAC's GEHE product; uhe_* is strengthened toward SEDAC's UHE-Daily product (Mexico/Canada cities present in the live data) but not fully proven.
uhe_city_name,207,string,national-nasa-heat-tract-table,heat,unambiguous,40731,0.4769661342451637,331,,,,,identity_metadata,False,"national-strata-tract-table lives entirely under strata/ (the Bias API stratification datasets), never under reference/ (the map data actually scored). The challenge's own rule — the scored coverage-gap computation must use only the datasets provided for the challenge — means no column from this table may influence the submitted coverage-gap number, regardless of its role.",True,"descriptive/provenance label (which external entity a tract was matched to or overlaps), usable for named-instance or coarse-grouping bias analysis, not for anything for which its own cardinality can't support meaningful stratification",Source Provenance x Vulnerability,"identity-metadata column matched by an explicit, named per-column rule (see module docstring)",eastern-ok;maricopa-az;northern-ca;south-central-tx,,True,False,"national (85,396 tracts)",confirmed_with_clarification,gehe_* (1983-2016) is an exact title/date match to NASA SEDAC's GEHE product; uhe_* is strengthened toward SEDAC's UHE-Daily product (Mexico/Canada cities present in the live data) but not fully proven.
uhe_city_country,208,string,national-nasa-heat-tract-table,heat,unambiguous,40731,0.4769661342451637,4,,,,,identity_metadata,False,"national-strata-tract-table lives entirely under strata/ (the Bias API stratification datasets), never under reference/ (the map data actually scored). The challenge's own rule — the scored coverage-gap computation must use only the datasets provided for the challenge — means no column from this table may influence the submitted coverage-gap number, regardless of its role.",True,"descriptive/provenance label (which external entity a tract was matched to or overlaps), usable for named-instance or coarse-grouping bias analysis, not for anything for which its own cardinality can't support meaningful stratification",Source Provenance x Vulnerability,"identity-metadata column matched by an explicit, named per-column rule (see module docstring)",eastern-ok;maricopa-az;northern-ca;south-central-tx,,True,False,"national (85,396 tracts)",confirmed_with_clarification,gehe_* (1983-2016) is an exact title/date match to NASA SEDAC's GEHE product; uhe_* is strengthened toward SEDAC's UHE-Daily product (Mexico/Canada cities present in the live data) but not fully proven.
uhe_overlap_frac,209,double,national-nasa-heat-tract-table,heat,unambiguous,40731,0.4769661342451637,13620,2.65193039856148e-09,1.0,0.8529340184655366,,measurement,False,"national-strata-tract-table lives entirely under strata/ (the Bias API stratification datasets), never under reference/ (the map data actually scored). The challenge's own rule — the scored coverage-gap computation must use only the datasets provided for the challenge — means no column from this table may influence the submitted coverage-gap number, regardless of its role.",True,a substantive per-tract measurement with real variance nationally,Measurement Eligibility Bias; Source Provenance x Vulnerability; Component Dominance,heat-domain measurement — generic vulnerability/hazard covariate raw material,eastern-ok;maricopa-az;northern-ca;south-central-tx,,True,False,"national (85,396 tracts)",confirmed_with_clarification,gehe_* (1983-2016) is an exact title/date match to NASA SEDAC's GEHE product; uhe_* is strengthened toward SEDAC's UHE-Daily product (Mexico/Canada cities present in the live data) but not fully proven.
uhe_wbgtmax28_days_per_yr,210,double,national-nasa-heat-tract-table,heat,unambiguous,40731,0.4769661342451637,242,0.0,135.05882352941177,17.678114855031904,,measurement,False,"national-strata-tract-table lives entirely under strata/ (the Bias API stratification datasets), never under reference/ (the map data actually scored). The challenge's own rule — the scored coverage-gap computation must use only the datasets provided for the challenge — means no column from this table may influence the submitted coverage-gap number, regardless of its role.",True,a substantive per-tract measurement with real variance nationally,Measurement Eligibility Bias; Source Provenance x Vulnerability; Component Dominance,heat-domain measurement — generic vulnerability/hazard covariate raw material,eastern-ok;maricopa-az;northern-ca;south-central-tx,,True,False,"national (85,396 tracts)",confirmed_with_clarification,gehe_* (1983-2016) is an exact title/date match to NASA SEDAC's GEHE product; uhe_* is strengthened toward SEDAC's UHE-Daily product (Mexico/Canada cities present in the live data) but not fully proven.
uhe_wbgtmax30_days_per_yr,211,double,national-nasa-heat-tract-table,heat,unambiguous,40731,0.4769661342451637,124,0.0,70.8529411764706,2.106733789452196,,measurement,False,"national-strata-tract-table lives entirely under strata/ (the Bias API stratification datasets), never under reference/ (the map data actually scored). The challenge's own rule — the scored coverage-gap computation must use only the datasets provided for the challenge — means no column from this table may influence the submitted coverage-gap number, regardless of its role.",True,a substantive per-tract measurement with real variance nationally,Measurement Eligibility Bias; Source Provenance x Vulnerability; Component Dominance,heat-domain measurement — generic vulnerability/hazard covariate raw material,eastern-ok;maricopa-az;northern-ca;south-central-tx,,True,False,"national (85,396 tracts)",confirmed_with_clarification,gehe_* (1983-2016) is an exact title/date match to NASA SEDAC's GEHE product; uhe_* is strengthened toward SEDAC's UHE-Daily product (Mexico/Canada cities present in the live data) but not fully proven.
uhe_himax461_days_per_yr,212,double,national-nasa-heat-tract-table,heat,unambiguous,40731,0.4769661342451637,30,0.0,12.794117647058824,0.0801384160515208,,measurement,False,"national-strata-tract-table lives entirely under strata/ (the Bias API stratification datasets), never under reference/ (the map data actually scored). The challenge's own rule — the scored coverage-gap computation must use only the datasets provided for the challenge — means no column from this table may influence the submitted coverage-gap number, regardless of its role.",True,a substantive per-tract measurement with real variance nationally,Measurement Eligibility Bias; Source Provenance x Vulnerability; Component Dominance,heat-domain measurement — generic vulnerability/hazard covariate raw material,eastern-ok;maricopa-az;northern-ca;south-central-tx,,True,False,"national (85,396 tracts)",confirmed_with_clarification,gehe_* (1983-2016) is an exact title/date match to NASA SEDAC's GEHE product; uhe_* is strengthened toward SEDAC's UHE-Daily product (Mexico/Canada cities present in the live data) but not fully proven.
pmdi_covered,213,bool,national-drought-gov-tract-table,drought,unambiguous,0,0.0,2,,,,,coverage_flag,False,"national-strata-tract-table lives entirely under strata/ (the Bias API stratification datasets), never under reference/ (the map data actually scored). The challenge's own rule — the scored coverage-gap computation must use only the datasets provided for the challenge — means no column from this table may influence the submitted coverage-gap number, regardless of its role.",True,"central to Measurement Eligibility Bias analysis (whether a hazard/vulnerability measurement exists for a tract at all, cross-tabulated against SVI/tribal/rurality/hazard exposure)",Measurement Eligibility Bias,a <source>_covered flag — whether this strata source has data for a tract at all is exactly what Measurement Eligibility Bias asks,eastern-ok;maricopa-az;northern-ca;south-central-tx,,True,False,"national (85,396 tracts)",unresolved,drought_gov_window_start/end (2015-2023) and spi_calibration have no single documented NIDIS/CPC top-level vintage; would need a narrower per-dataset page to close.
pmdi_mean,214,double,national-drought-gov-tract-table,drought,unambiguous,1827,0.02139444470467,3030,-3.2334259259259257,4.881018518518518,0.1635574074276138,,measurement,False,"national-strata-tract-table lives entirely under strata/ (the Bias API stratification datasets), never under reference/ (the map data actually scored). The challenge's own rule — the scored coverage-gap computation must use only the datasets provided for the challenge — means no column from this table may influence the submitted coverage-gap number, regardless of its role.",True,a substantive per-tract measurement with real variance nationally,Measurement Eligibility Bias; Source Provenance x Vulnerability; Component Dominance,drought-domain measurement — generic vulnerability/hazard covariate raw material,eastern-ok;maricopa-az;northern-ca;south-central-tx,,True,False,"national (85,396 tracts)",unresolved,drought_gov_window_start/end (2015-2023) and spi_calibration have no single documented NIDIS/CPC top-level vintage; would need a narrower per-dataset page to close.
pmdi_summer_mean,215,double,national-drought-gov-tract-table,drought,unambiguous,1827,0.02139444470467,2961,-3.1224074074074077,4.6429629629629625,0.1274624970021815,,measurement,False,"national-strata-tract-table lives entirely under strata/ (the Bias API stratification datasets), never under reference/ (the map data actually scored). The challenge's own rule — the scored coverage-gap computation must use only the datasets provided for the challenge — means no column from this table may influence the submitted coverage-gap number, regardless of its role.",True,a substantive per-tract measurement with real variance nationally,Measurement Eligibility Bias; Source Provenance x Vulnerability; Component Dominance,drought-domain measurement — generic vulnerability/hazard covariate raw material,eastern-ok;maricopa-az;northern-ca;south-central-tx,,True,False,"national (85,396 tracts)",unresolved,drought_gov_window_start/end (2015-2023) and spi_calibration have no single documented NIDIS/CPC top-level vintage; would need a narrower per-dataset page to close.
pmdi_winter_mean,216,double,national-drought-gov-tract-table,drought,unambiguous,1827,0.02139444470467,2959,-3.386296296296296,5.119074074074074,0.1996523178530464,,measurement,False,"national-strata-tract-table lives entirely under strata/ (the Bias API stratification datasets), never under reference/ (the map data actually scored). The challenge's own rule — the scored coverage-gap computation must use only the datasets provided for the challenge — means no column from this table may influence the submitted coverage-gap number, regardless of its role.",True,a substantive per-tract measurement with real variance nationally,Measurement Eligibility Bias; Source Provenance x Vulnerability; Component Dominance,drought-domain measurement — generic vulnerability/hazard covariate raw material,eastern-ok;maricopa-az;northern-ca;south-central-tx,,True,False,"national (85,396 tracts)",unresolved,drought_gov_window_start/end (2015-2023) and spi_calibration have no single documented NIDIS/CPC top-level vintage; would need a narrower per-dataset page to close.
pmdi_pct_months_severe,217,double,national-drought-gov-tract-table,drought,unambiguous,1827,0.02139444470467,71,0.0,57.407407407407405,10.418035213351915,,measurement,False,"national-strata-tract-table lives entirely under strata/ (the Bias API stratification datasets), never under reference/ (the map data actually scored). The challenge's own rule — the scored coverage-gap computation must use only the datasets provided for the challenge — means no column from this table may influence the submitted coverage-gap number, regardless of its role.",True,a substantive per-tract measurement with real variance nationally,Measurement Eligibility Bias; Source Provenance x Vulnerability; Component Dominance,drought-domain measurement — generic vulnerability/hazard covariate raw material,eastern-ok;maricopa-az;northern-ca;south-central-tx,,True,False,"national (85,396 tracts)",unresolved,drought_gov_window_start/end (2015-2023) and spi_calibration have no single documented NIDIS/CPC top-level vintage; would need a narrower per-dataset page to close.
pmdi_recent_percentile,218,double,national-drought-gov-tract-table,drought,unambiguous,1827,0.02139444470467,126,9.848484848484848,95.45454545454544,55.15809439852358,,measurement,False,"national-strata-tract-table lives entirely under strata/ (the Bias API stratification datasets), never under reference/ (the map data actually scored). The challenge's own rule — the scored coverage-gap computation must use only the datasets provided for the challenge — means no column from this table may influence the submitted coverage-gap number, regardless of its role.",True,a substantive per-tract measurement with real variance nationally,Measurement Eligibility Bias; Source Provenance x Vulnerability; Component Dominance,drought-domain measurement — generic vulnerability/hazard covariate raw material,eastern-ok;maricopa-az;northern-ca;south-central-tx,,True,False,"national (85,396 tracts)",unresolved,drought_gov_window_start/end (2015-2023) and spi_calibration have no single documented NIDIS/CPC top-level vintage; would need a narrower per-dataset page to close.
pmdi_mean_1895_2025,219,double,national-drought-gov-tract-table,drought,unambiguous,1827,0.02139444470467,3097,-0.592743979721166,1.5951647655259824,0.0169211505050393,,measurement,False,"national-strata-tract-table lives entirely under strata/ (the Bias API stratification datasets), never under reference/ (the map data actually scored). The challenge's own rule — the scored coverage-gap computation must use only the datasets provided for the challenge — means no column from this table may influence the submitted coverage-gap number, regardless of its role.",True,a substantive per-tract measurement with real variance nationally,Measurement Eligibility Bias; Source Provenance x Vulnerability; Component Dominance,drought-domain measurement — generic vulnerability/hazard covariate raw material,eastern-ok;maricopa-az;northern-ca;south-central-tx,,True,False,"national (85,396 tracts)",unresolved,drought_gov_window_start/end (2015-2023) and spi_calibration have no single documented NIDIS/CPC top-level vintage; would need a narrower per-dataset page to close.
spi_covered,220,bool,national-drought-gov-tract-table,drought,unambiguous,0,0.0,2,,,,,coverage_flag,False,"national-strata-tract-table lives entirely under strata/ (the Bias API stratification datasets), never under reference/ (the map data actually scored). The challenge's own rule — the scored coverage-gap computation must use only the datasets provided for the challenge — means no column from this table may influence the submitted coverage-gap number, regardless of its role.",True,"central to Measurement Eligibility Bias analysis (whether a hazard/vulnerability measurement exists for a tract at all, cross-tabulated against SVI/tribal/rurality/hazard exposure)",Measurement Eligibility Bias,a <source>_covered flag — whether this strata source has data for a tract at all is exactly what Measurement Eligibility Bias asks,eastern-ok;maricopa-az;northern-ca;south-central-tx,,True,False,"national (85,396 tracts)",unresolved,drought_gov_window_start/end (2015-2023) and spi_calibration have no single documented NIDIS/CPC top-level vintage; would need a narrower per-dataset page to close.
spi_calibration,221,double,national-drought-gov-tract-table,drought,unambiguous,85396,1.0,0,,,,,vintage_metadata,False,"national-strata-tract-table lives entirely under strata/ (the Bias API stratification datasets), never under reference/ (the map data actually scored). The challenge's own rule — the scored coverage-gap computation must use only the datasets provided for the challenge — means no column from this table may influence the submitted coverage-gap number, regardless of its role.",False,"constant across all tracts nationally (n_distinct=0) — carries no discriminative signal for any bias analysis, regardless of role",,"allowed_for_bias=False (Step 5) — not usable for any bias-discovery hypothesis, regardless of role or domain",eastern-ok;maricopa-az;northern-ca;south-central-tx,,True,False,"national (85,396 tracts)",unresolved,drought_gov_window_start/end (2015-2023) and spi_calibration have no single documented NIDIS/CPC top-level vintage; would need a narrower per-dataset page to close.
spi03_mean,222,double,national-drought-gov-tract-table,drought,unambiguous,2156,0.0252470841725607,73149,-0.5941687123414416,0.9934578592697996,0.2046423934279683,,measurement,False,"national-strata-tract-table lives entirely under strata/ (the Bias API stratification datasets), never under reference/ (the map data actually scored). The challenge's own rule — the scored coverage-gap computation must use only the datasets provided for the challenge — means no column from this table may influence the submitted coverage-gap number, regardless of its role.",True,a substantive per-tract measurement with real variance nationally,Measurement Eligibility Bias; Source Provenance x Vulnerability; Component Dominance,drought-domain measurement — generic vulnerability/hazard covariate raw material,eastern-ok;maricopa-az;northern-ca;south-central-tx,,True,False,"national (85,396 tracts)",unresolved,drought_gov_window_start/end (2015-2023) and spi_calibration have no single documented NIDIS/CPC top-level vintage; would need a narrower per-dataset page to close.
spi03_summer_mean,223,double,national-drought-gov-tract-table,drought,unambiguous,2156,0.0252470841725607,73149,-0.8058488696409156,1.0604399125633683,0.1856595118889484,,measurement,False,"national-strata-tract-table lives entirely under strata/ (the Bias API stratification datasets), never under reference/ (the map data actually scored). The challenge's own rule — the scored coverage-gap computation must use only the datasets provided for the challenge — means no column from this table may influence the submitted coverage-gap number, regardless of its role.",True,a substantive per-tract measurement with real variance nationally,Measurement Eligibility Bias; Source Provenance x Vulnerability; Component Dominance,drought-domain measurement — generic vulnerability/hazard covariate raw material,eastern-ok;maricopa-az;northern-ca;south-central-tx,,True,False,"national (85,396 tracts)",unresolved,drought_gov_window_start/end (2015-2023) and spi_calibration have no single documented NIDIS/CPC top-level vintage; would need a narrower per-dataset page to close.
spi03_winter_mean,224,double,national-drought-gov-tract-table,drought,unambiguous,2156,0.0252470841725607,73149,-0.6084006280585641,1.1811838337306957,0.2531455789440992,,measurement,False,"national-strata-tract-table lives entirely under strata/ (the Bias API stratification datasets), never under reference/ (the map data actually scored). The challenge's own rule — the scored coverage-gap computation must use only the datasets provided for the challenge — means no column from this table may influence the submitted coverage-gap number, regardless of its role.",True,a substantive per-tract measurement with real variance nationally,Measurement Eligibility Bias; Source Provenance x Vulnerability; Component Dominance,drought-domain measurement — generic vulnerability/hazard covariate raw material,eastern-ok;maricopa-az;northern-ca;south-central-tx,,True,False,"national (85,396 tracts)",unresolved,drought_gov_window_start/end (2015-2023) and spi_calibration have no single documented NIDIS/CPC top-level vintage; would need a narrower per-dataset page to close.
spi03_pct_months_d2,225,double,national-drought-gov-tract-table,drought,unambiguous,2156,0.0252470841725607,25851,0.0,18.048565156381912,1.7141254149358605,,measurement,False,"national-strata-tract-table lives entirely under strata/ (the Bias API stratification datasets), never under reference/ (the map data actually scored). The challenge's own rule — the scored coverage-gap computation must use only the datasets provided for the challenge — means no column from this table may influence the submitted coverage-gap number, regardless of its role.",True,a substantive per-tract measurement with real variance nationally,Measurement Eligibility Bias; Source Provenance x Vulnerability; Component Dominance,drought-domain measurement — generic vulnerability/hazard covariate raw material,eastern-ok;maricopa-az;northern-ca;south-central-tx,,True,False,"national (85,396 tracts)",unresolved,drought_gov_window_start/end (2015-2023) and spi_calibration have no single documented NIDIS/CPC top-level vintage; would need a narrower per-dataset page to close.
spi12_mean,226,double,national-drought-gov-tract-table,drought,unambiguous,2156,0.0252470841725607,73150,-1.099576553257287,1.729770481065971,0.4282675769675318,,measurement,False,"national-strata-tract-table lives entirely under strata/ (the Bias API stratification datasets), never under reference/ (the map data actually scored). The challenge's own rule — the scored coverage-gap computation must use only the datasets provided for the challenge — means no column from this table may influence the submitted coverage-gap number, regardless of its role.",True,a substantive per-tract measurement with real variance nationally,Measurement Eligibility Bias; Source Provenance x Vulnerability; Component Dominance,drought-domain measurement — generic vulnerability/hazard covariate raw material,eastern-ok;maricopa-az;northern-ca;south-central-tx,,True,False,"national (85,396 tracts)",unresolved,drought_gov_window_start/end (2015-2023) and spi_calibration have no single documented NIDIS/CPC top-level vintage; would need a narrower per-dataset page to close.
spi12_summer_mean,227,double,national-drought-gov-tract-table,drought,unambiguous,2156,0.0252470841725607,73149,-1.1081215581478114,1.738809358622821,0.4296016067565256,,measurement,False,"national-strata-tract-table lives entirely under strata/ (the Bias API stratification datasets), never under reference/ (the map data actually scored). The challenge's own rule — the scored coverage-gap computation must use only the datasets provided for the challenge — means no column from this table may influence the submitted coverage-gap number, regardless of its role.",True,a substantive per-tract measurement with real variance nationally,Measurement Eligibility Bias; Source Provenance x Vulnerability; Component Dominance,drought-domain measurement — generic vulnerability/hazard covariate raw material,eastern-ok;maricopa-az;northern-ca;south-central-tx,,True,False,"national (85,396 tracts)",unresolved,drought_gov_window_start/end (2015-2023) and spi_calibration have no single documented NIDIS/CPC top-level vintage; would need a narrower per-dataset page to close.
spi12_winter_mean,228,double,national-drought-gov-tract-table,drought,unambiguous,2156,0.0252470841725607,73150,-1.1691738068349915,1.8723066525839296,0.4475966094340003,,measurement,False,"national-strata-tract-table lives entirely under strata/ (the Bias API stratification datasets), never under reference/ (the map data actually scored). The challenge's own rule — the scored coverage-gap computation must use only the datasets provided for the challenge — means no column from this table may influence the submitted coverage-gap number, regardless of its role.",True,a substantive per-tract measurement with real variance nationally,Measurement Eligibility Bias; Source Provenance x Vulnerability; Component Dominance,drought-domain measurement — generic vulnerability/hazard covariate raw material,eastern-ok;maricopa-az;northern-ca;south-central-tx,,True,False,"national (85,396 tracts)",unresolved,drought_gov_window_start/end (2015-2023) and spi_calibration have no single documented NIDIS/CPC top-level vintage; would need a narrower per-dataset page to close.
spi12_pct_months_d2,229,double,national-drought-gov-tract-table,drought,unambiguous,2156,0.0252470841725607,13087,0.0,21.73561592299626,1.2256788741889713,,measurement,False,"national-strata-tract-table lives entirely under strata/ (the Bias API stratification datasets), never under reference/ (the map data actually scored). The challenge's own rule — the scored coverage-gap computation must use only the datasets provided for the challenge — means no column from this table may influence the submitted coverage-gap number, regardless of its role.",True,a substantive per-tract measurement with real variance nationally,Measurement Eligibility Bias; Source Provenance x Vulnerability; Component Dominance,drought-domain measurement — generic vulnerability/hazard covariate raw material,eastern-ok;maricopa-az;northern-ca;south-central-tx,,True,False,"national (85,396 tracts)",unresolved,drought_gov_window_start/end (2015-2023) and spi_calibration have no single documented NIDIS/CPC top-level vintage; would need a narrower per-dataset page to close.
drought_gov_window_start,230,int64,national-drought-gov-tract-table,drought,unambiguous,0,0.0,1,2015.0,2015.0,2015.0,,vintage_metadata,False,"national-strata-tract-table lives entirely under strata/ (the Bias API stratification datasets), never under reference/ (the map data actually scored). The challenge's own rule — the scored coverage-gap computation must use only the datasets provided for the challenge — means no column from this table may influence the submitted coverage-gap number, regardless of its role.",False,"constant across all tracts nationally (n_distinct=1) — carries no discriminative signal for any bias analysis, regardless of role",,"allowed_for_bias=False (Step 5) — not usable for any bias-discovery hypothesis, regardless of role or domain",eastern-ok;maricopa-az;northern-ca;south-central-tx,,True,False,"national (85,396 tracts)",unresolved,drought_gov_window_start/end (2015-2023) and spi_calibration have no single documented NIDIS/CPC top-level vintage; would need a narrower per-dataset page to close.
drought_gov_window_end,231,int64,national-drought-gov-tract-table,drought,unambiguous,0,0.0,1,2023.0,2023.0,2023.0,,vintage_metadata,False,"national-strata-tract-table lives entirely under strata/ (the Bias API stratification datasets), never under reference/ (the map data actually scored). The challenge's own rule — the scored coverage-gap computation must use only the datasets provided for the challenge — means no column from this table may influence the submitted coverage-gap number, regardless of its role.",False,"constant across all tracts nationally (n_distinct=1) — carries no discriminative signal for any bias analysis, regardless of role",,"allowed_for_bias=False (Step 5) — not usable for any bias-discovery hypothesis, regardless of role or domain",eastern-ok;maricopa-az;northern-ca;south-central-tx,,True,False,"national (85,396 tracts)",unresolved,drought_gov_window_start/end (2015-2023) and spi_calibration have no single documented NIDIS/CPC top-level vintage; would need a narrower per-dataset page to close.
frac_inside_aoi,,double,strata-tract-table (region-only),geography,"region-only, discovered live in Step 7's schema read",0,0.0,1,1.0,1.0,1.0,,geometry_measure,False,"strata-tract-table lives entirely under strata/ (the Bias API stratification datasets), never under reference/ (the map data actually scored) — the same table-wide blanket rule Step 5 established for every column of national-strata-tract-table applies identically here, since frac_inside_aoi lives in the region-level counterpart of that same table family.",False,"constant across all 9,386 tracts profiled live (n_distinct=1, value=1.0) — carries no discriminative signal for any bias analysis, regardless of role. The same hard, data-driven override Step 5 already established (scripts/classify_columns.py's compute_allowed_for_bias) for every other constant column in this project fires here too.",,"blank — allowed_for_bias=False (constant-value override; see bias_reason), matching Step 6's own rule that a column with allowed_for_bias=False is never tagged with a candidate hypothesis.",eastern-ok;maricopa-az;northern-ca;south-central-tx,,True,True,"region-combined (9,386 tracts across 4 region(s): maricopa-az, northern-ca, eastern-ok, south-central-tx)",not_applicable,Not part of the national schema; discovered only in Step 7's live region-schema read. No independent vintage metadata of its own.
